web_scraper_order,web_scraper_start_url,pagination-selector,data-page-selector,data_0,name_0,price_0,price_1,name_2,name_3,VIN_0,Mileage_0,Engine_0,Transmission_0,Drivetrain_0,Color_0,Body_Type_0,image_0
"1770616236-1","https://americamotors.by/catalog/all/car?type_id=1&status%5B0%5D=all","https://americamotors.by/catalog/all/car?type_id=1&status%5B0%5D=all&page=18","https://americamotors.by/transport/mitsubishi/eclipse_cross/670","Под заказ","2019 Mitsubishi Eclipse Cross SE","23 790р.","7 800$ / 7 020€","Mitsubishi","Eclipse Cross","VIN: JA4AT5AA5KZ******","43435 км.","1.5 л","Автомат","Полный","Белый","Кроссовер","https://americamotorsby.ams3.digitaloceanspaces.com/americamotors-by/3a2ff0cb-8fd7-478b-8dbd-4eb726a8ac53/amby-172ddc601194c2cac23213c83698446coOtGaLU4g2.JPG
https://americamotorsby.ams3.digitaloceanspaces.com/americamotors-by/3dd3c94f-75e8-4ffe-9fbd-d5223088170c/amby-fba4546b9683fd74ec9587aca565926ckMe3JP8p91.JPG
https://americamotorsby.ams3.digitaloceanspaces.com/americamotors-by/c72302f6-03a5-424e-8c62-e34048471ceb/amby-2b32eb6b2c1c4247d2aa5e1f7b338ea6RJhd5TpQLS.JPG
https://americamotorsby.ams3.digitaloceanspaces.com/americamotors-by/433515e6-e6d0-45e5-8863-2c11e3412bff/amby-4bbb74f4ea906c309788449bed0b74f6sCY4Rf6b8h.JPG
https://americamotorsby.ams3.digitaloceanspaces.com/americamotors-by/c144edec-4f4b-4bcb-a570-ccb98664efe6/amby-88c81fc14971489f6b5fab3e78f20b64f054SDX9vs.JPG
https://americamotorsby.ams3.digitaloceanspaces.com/americamotors-by/3bd766ac-b47d-4c29-aa48-90398c93dc26/amby-09a74ad84436c30267b62c5fc7563aa8jaCcPlbLZG.JPG
https://americamotorsby.ams3.digitaloceanspaces.com/americamotors-by/dcf68d00-544d-4161-b57e-331b889cd07a/amby-c45eb34dfd258a5ed1367b3e669f44e4gti3ZhTdKM.JPG
https://americamotorsby.ams3.digitaloceanspaces.com/americamotors-by/6f6f8e63-52af-48f6-8498-e8d423d386af/amby-219281baa2fe7a65b2a7062d082805660zWXwr3FJb.JPG
https://americamotorsby.ams3.digitaloceanspaces.com/americamotors-by/54fa790b-0e26-456c-910e-c9b6c47723e8/amby-ce0f80671f94722a8ed88358a2ca5ec8WFma5oXZp6.JPG"
"1770616258-2","https://americamotors.by/catalog/all/car?type_id=1&status%5B0%5D=all","https://americamotors.by/catalog/all/car?type_id=1&status%5B0%5D=all&page=18","https://americamotors.by/transport/volkswagen/jetta/673","Под заказ","2019 Volkswagen Jetta SEL Premium","25 930р.","8 500$ / 7 650€","Volkswagen","Jetta","VIN: 3VWG57BU1KM******","93865 км.","1.4 л","Автомат","Передний","Белый","Седан","https://americamotorsby.ams3.digitaloceanspaces.com/americamotors-by/b56d4369-2504-4fe5-b7d4-557a46724fcc/amby-c941fa2e8253bdca0942e1ced8364a54VbgKFaDCtI.jpg
https://americamotorsby.ams3.digitaloceanspaces.com/americamotors-by/c025c314-1fc0-4c3c-9191-622e5c22d424/amby-1b7bdee1abaacc75019131a195c572b7nLHvqiFS51.jpg
https://americamotorsby.ams3.digitaloceanspaces.com/americamotors-by/711433a5-bdba-43d8-b834-1935559a3a75/amby-43f14e18fba242c07c1040d630ef9659zAhYXJv6GU.jpg
https://americamotorsby.ams3.digitaloceanspaces.com/americamotors-by/39b3c0bd-9e9e-436d-97c7-3cfbb62c7754/amby-a8f4d98723c90ad347338de046a4c2f9DGxOUa3s86.jpg
https://americamotorsby.ams3.digitaloceanspaces.com/americamotors-by/75b2d51c-defc-4138-a1c7-e7e1819beac2/amby-7a3e4fcfaef633fec055694c247ae62fPpwG9yiou0.jpg
https://americamotorsby.ams3.digitaloceanspaces.com/americamotors-by/1883f893-40aa-4f9e-83d3-849d8eafac36/amby-53a445820c32caf59af5aac77fc7c54epyPDA8xfO2.jpg
https://americamotorsby.ams3.digitaloceanspaces.com/americamotors-by/577a1532-eb27-4289-bcfb-9ee6830eba57/amby-f80e8a1dd92c3f20ab0d8f3199d003a61FxR3COiv4.jpg
https://americamotorsby.ams3.digitaloceanspaces.com/americamotors-by/2547abbd-e0c1-413a-ac9a-dc63a76bd293/amby-19ce0bcd47056e1f60bb424fae0380f774olGACRSU.jpg
https://americamotorsby.ams3.digitaloceanspaces.com/americamotors-by/909d3c34-cf09-4764-b14f-a3a3a429ca54/amby-d825bb1cf20754c5000ed895a3b15a38ENOs0ySzMn.jpg"
"1770616285-3","https://americamotors.by/catalog/all/car?type_id=1&status%5B0%5D=all","https://americamotors.by/catalog/all/car?type_id=1&status%5B0%5D=all&page=18","https://americamotors.by/transport/kia/seltos/674","Под заказ","2021 Kia Seltos S","28 670р.","9 400$ / 8 460€","Kia","Seltos","VIN: KNDEU2AA8M7******","29531 км.","2 л","Автомат","Передний","Cерый","Кроссовер","https://americamotorsby.ams3.digitaloceanspaces.com/americamotors-by/f028ad85-4f8b-4c89-8cfd-d2d2362968e5/amby-85659adbc552345c94701842ce2a80faf6WOzk4CbH.JPG
https://americamotorsby.ams3.digitaloceanspaces.com/americamotors-by/71dd8c6e-ee3e-44a3-aebd-7e5ab507a446/amby-221d79bc6ab245caaa378c06ade65925VPEB9Q2mSw.JPG
https://americamotorsby.ams3.digitaloceanspaces.com/americamotors-by/b958637d-a434-4d20-971f-043bef913693/amby-77be639ed00649a2cb7e8c39b2d6d522m4S7K9RxOh.JPG
https://americamotorsby.ams3.digitaloceanspaces.com/americamotors-by/34958fd9-f9c8-48d1-9e9c-a48e4b4309d2/amby-12e9ba4b70c3d6f7af09f31371defaac6qos4vygYf.JPG
https://americamotorsby.ams3.digitaloceanspaces.com/americamotors-by/4ba77441-5c37-4a64-a7e3-8471bbe045ea/amby-a2a6dd32c0aed749436da44e0bdf5540XwqtYGVhuk.JPG
https://americamotorsby.ams3.digitaloceanspaces.com/americamotors-by/d1873173-06f0-43eb-af6d-30e4bfb5b0e5/amby-7cc810c5ae4401ea10c52bc59581bf0bLSThw0n87k.JPG
https://americamotorsby.ams3.digitaloceanspaces.com/americamotors-by/716dfcec-ac34-4483-badb-22c6f891fecb/amby-eecca80da9989a74941bf4dd57653ac9L3niafJ2qg.JPG
https://americamotorsby.ams3.digitaloceanspaces.com/americamotors-by/3f8ee602-d0d7-4507-8618-11dec2c00058/amby-088478fbd8b3d4448d725afeefa223e27IpCRwmEU3.JPG"
"1770616299-4","https://americamotors.by/catalog/all/car?type_id=1&status%5B0%5D=all","https://americamotors.by/catalog/all/car?type_id=1&status%5B0%5D=all&page=18","https://americamotors.by/transport/kia/seltos/675","Под заказ","2021 Kia Seltos SX","31 110р.","10 200$ / 9 180€","Kia","Seltos","VIN: KNDETCA29M7******","29644 км.","1.6 л","Автомат","Полный","Белый","Кроссовер","https://americamotorsby.ams3.digitaloceanspaces.com/americamotors-by/5acabe09-a281-4a1e-8576-4d0a1faf8161/amby-0364f1cb885c597d4ec1345216f47522LmJPQczp32.jpg
https://americamotorsby.ams3.digitaloceanspaces.com/americamotors-by/1a439fb1-6904-4605-9ca5-19e0d3faeaa1/amby-0d3207e0bd569fd7aea729ba882a1f24dRWgrj72fi.jpg
https://americamotorsby.ams3.digitaloceanspaces.com/americamotors-by/13bec207-989e-45c6-9a73-bd42ee45b178/amby-423e165b3fd28be17c8f3381e5dd6049oylNCq253m.jpg
https://americamotorsby.ams3.digitaloceanspaces.com/americamotors-by/16262803-f7fb-4fa0-9c9a-aebfcd1a6880/amby-48ac29ea10cece2abc6cd450b49ca582MoX6IUzAcq.jpg
https://americamotorsby.ams3.digitaloceanspaces.com/americamotors-by/e18048ca-1fdc-487c-acc4-b3dd1f95f213/amby-c1b424aa5040a074d299c8df6588267cGo1f6O3kWl.jpg
https://americamotorsby.ams3.digitaloceanspaces.com/americamotors-by/041f74b9-8485-4237-b6c4-a0d741854d6b/amby-510d26a8945aa47799fd855e2de61b21q0wrJyRZNo.jpg
https://americamotorsby.ams3.digitaloceanspaces.com/americamotors-by/7274472d-0c05-408b-9722-bf1bdb535beb/amby-06ea4133e80cf1fbe7f44844ae049344CJnM8fUbku.jpg
https://americamotorsby.ams3.digitaloceanspaces.com/americamotors-by/1c594596-5705-43fa-a312-39d03af6c71d/amby-4a6656a335430d11f0b5665c5b5a8f9fTJb3Zmerac.jpg"
"1770616316-5","https://americamotors.by/catalog/all/car?type_id=1&status%5B0%5D=all","https://americamotors.by/catalog/all/car?type_id=1&status%5B0%5D=all&page=18","https://americamotors.by/transport/ford/escape/676","Под заказ","2020 Ford Escape SEL","30 200р.","9 900$ / 8 910€","Ford","Escape","VIN: 1FMCU9H99LU******","16737 км.","2 л","Автомат","Полный","Голубой","Кроссовер","https://americamotorsby.ams3.digitaloceanspaces.com/americamotors-by/9c26d5b5-4b74-4bb7-b2a0-f4d7048ac041/amby-4ab79e93790b97efb9e1ee5c7ec9dabeeK2IqNxBLs.jpg
https://americamotorsby.ams3.digitaloceanspaces.com/americamotors-by/d71f9639-0ccb-45ea-914c-54360fef24cf/amby-de3e840e8cfa60c5688f09dd44d7bd9blg590ODhrn.jpg
https://americamotorsby.ams3.digitaloceanspaces.com/americamotors-by/6cebf944-b61c-40b2-944f-74769a520d8d/amby-38d81503ec9fd04f787965aac3ace4f8CmeVs4WYUp.jpg
https://americamotorsby.ams3.digitaloceanspaces.com/americamotors-by/d627288f-7de6-4f6c-9041-8edab8309545/amby-4a24bda1cda5d182da7e5323a0dd14f0NW1kSYaoKX.jpg
https://americamotorsby.ams3.digitaloceanspaces.com/americamotors-by/967a4c50-73ad-4ab0-8cf0-745a8126fc8c/amby-cf1e7dcc54fe5e2b469024508ca04995q5Rt1rW69s.jpg
https://americamotorsby.ams3.digitaloceanspaces.com/americamotors-by/0c524e9d-bb66-46ae-9734-f360db2dd770/amby-806cd2a95eeabfa3523dc32530b3a22cQ5Mwu1iSBa.jpg
https://americamotorsby.ams3.digitaloceanspaces.com/americamotors-by/95c0df8e-6b18-468f-b80c-2dcd48c9ec28/amby-fe4f2086e34832e8e425126a0ca1b5edzr5utILOsy.jpg
https://americamotorsby.ams3.digitaloceanspaces.com/americamotors-by/d34f4edc-593f-488f-9dc0-89c04afc05e9/amby-3ca26d6a980cd6d22c2b0117e30a15c70CUobks17l.jpg
https://americamotorsby.ams3.digitaloceanspaces.com/americamotors-by/e2cb4e8c-9aad-4758-bd2d-e7956f68926e/amby-6859c89f733dc70e118de138442428c8I0svpleW4V.jpg"
"1770616326-6","https://americamotors.by/catalog/all/car?type_id=1&status%5B0%5D=all","https://americamotors.by/catalog/all/car?type_id=1&status%5B0%5D=all&page=18","https://americamotors.by/transport/ford/escape/678","Под заказ","2019 Ford Escape Titanium","24 710р.","8 100$ / 7 290€","Ford","Escape","VIN: 1FMCU9J93KU******","60421 км.","2 л","Автомат","Передний","Cерый","Кроссовер","https://americamotorsby.ams3.digitaloceanspaces.com/americamotors-by/af68ceb7-b4b9-43b4-ac36-8054a30c7b17/amby-c7ada1267521cd4cae028783e70ff87eIgZRAVJxY1.jpg
https://americamotorsby.ams3.digitaloceanspaces.com/americamotors-by/6a76f99f-f6b5-488f-8957-4717afa5470e/amby-ff9d3cff238b12b982e3e4b4f36545cbeIZJjMnFLq.jpg
https://americamotorsby.ams3.digitaloceanspaces.com/americamotors-by/aeb0b5dd-e523-427d-bcec-3b711414c647/amby-58491c3530b5bdd7dd13e931fa4cce20YQo04ipSOU.jpg
https://americamotorsby.ams3.digitaloceanspaces.com/americamotors-by/cf03fca1-35e5-4dc6-bd8d-ff9623077864/amby-10682e4473e667a752951afd80c4a3a4QpySiX6NHA.jpg
https://americamotorsby.ams3.digitaloceanspaces.com/americamotors-by/d94ffa41-6d46-4bc0-bb34-30fe32f5e463/amby-dae44d3ff02e17e7e67acc4faec47682ASjsa1pcEy.jpg
https://americamotorsby.ams3.digitaloceanspaces.com/americamotors-by/eefb75ff-7376-4d8b-95dd-71f8c3c29ae0/amby-ce3938209e821ca95d089b04544d4347zRTytWdwOD.jpg
https://americamotorsby.ams3.digitaloceanspaces.com/americamotors-by/1743f18e-f442-41a9-bfcf-96def21cdc9c/amby-75004f662ee46592575b605f5eca2de668MfU9qx4c.jpg
https://americamotorsby.ams3.digitaloceanspaces.com/americamotors-by/353d2780-a72c-4c87-bd78-eb9c3a7a281e/amby-114cbb67b07eacbc59ac231ed79e3342h7UuFdq6SC.jpg"
"1770616342-7","https://americamotors.by/catalog/all/car?type_id=1&status%5B0%5D=all","https://americamotors.by/catalog/all/car?type_id=1&status%5B0%5D=all&page=18","https://americamotors.by/transport/hyundai/tucson/679","Под заказ","2018 Hyundai Tucson SEL","24 100р.","7 900$ / 7 110€","Hyundai","Tucson","VIN: KM8J33A45JU******","73908 км.","2 л","Автомат","Передний","Белый","Кроссовер","https://americamotorsby.ams3.digitaloceanspaces.com/americamotors-by/95aa7ac9-28df-4136-88d4-58948d5b464d/amby-dba01568a79d6049653ad5f7bd5a9d3etTWMylQwsf.JPG
https://americamotorsby.ams3.digitaloceanspaces.com/americamotors-by/55c663bc-b584-4573-9c1c-000a6f13ed1e/amby-a97572e012988aab04a967c23dd5d8340tQwuAPfhL.JPG
https://americamotorsby.ams3.digitaloceanspaces.com/americamotors-by/a7e08857-0290-4dd0-96de-477122046ae5/amby-3053e75bc0c8131ab4e0c59e2671faa8gHFvCNKWIR.JPG
https://americamotorsby.ams3.digitaloceanspaces.com/americamotors-by/93c8035d-a1df-43c0-8aaf-233779236914/amby-d03fe61f54023766c20c16971f555568F5s1i9E4jC.JPG
https://americamotorsby.ams3.digitaloceanspaces.com/americamotors-by/e25bf000-0499-4877-bad9-ee3ce8192b95/amby-89007665584124d9b5b3add90ac04a59pMYRk1IKhv.JPG
https://americamotorsby.ams3.digitaloceanspaces.com/americamotors-by/79223224-062b-4f85-86ec-84d35631cf8b/amby-5e42239b62aa35375b01855b65cbb24fYwMgNW4Rmd.JPG
https://americamotorsby.ams3.digitaloceanspaces.com/americamotors-by/4903f943-f3f4-40ea-b42b-00650a7ce54b/amby-68c85830ce07a139d833fda7e7747ffea34M1ve5Vd.JPG
https://americamotorsby.ams3.digitaloceanspaces.com/americamotors-by/150f3e3c-03e6-4816-8cd8-b34fa4f0b98c/amby-f61a1c67ae8a54c0d512ada5b8ea77d1x7e6s2t8N3.JPG"
"1770616361-8","https://americamotors.by/catalog/all/car?type_id=1&status%5B0%5D=all","https://americamotors.by/catalog/all/car?type_id=1&status%5B0%5D=all&page=18","https://americamotors.by/transport/mitsubishi/mirage/680","Под заказ","2019 Mitsubishi Mirage G4 ES","9 760р.","3 200$ / 2 880€","Mitsubishi","Mirage","VIN: ML32F3FJ0KH******","47756 км.","1.2 л","Вариатор","Передний","Cерый","Седан","https://americamotorsby.ams3.digitaloceanspaces.com/americamotors-by/7906e7a8-4c0c-4d15-b2a3-690c9f1477f9/amby-9fd33b96bb5d297aba50937f9aed6351Lcupi8tTCz.jpg
https://americamotorsby.ams3.digitaloceanspaces.com/americamotors-by/f5a9cd61-f585-417b-9aa4-e70bef62b806/amby-8bddd3db7fe3a8f4885415bdd904df67hvptINojHl.jpg
https://americamotorsby.ams3.digitaloceanspaces.com/americamotors-by/f7acfee6-12b7-48b1-950a-51bdc812a879/amby-89d47e791dc6289d801a7191c535425fbmqkGXpeZt.jpg
https://americamotorsby.ams3.digitaloceanspaces.com/americamotors-by/ef5b936e-8b30-4fd5-bfd6-637198703ce0/amby-2aac07604baf796986f6e6c61d91adb1xmOQIk7VUv.jpg
https://americamotorsby.ams3.digitaloceanspaces.com/americamotors-by/95c896b7-4a0e-4712-8ee2-e0297b892060/amby-084a26f76fc3be4326a6fbb09b1d4dfaGNshrKaj7D.jpg
https://americamotorsby.ams3.digitaloceanspaces.com/americamotors-by/c7867de5-a587-49ea-b0e9-bf4b7d868f14/amby-d2a66a98c0c3b2c05d6f44f84d7c1448UWipbc7q5n.jpg
https://americamotorsby.ams3.digitaloceanspaces.com/americamotors-by/2620ad89-900e-4e7d-9aa8-498b613f7036/amby-3ebf2199038adb527b0f6400f0c01319KRrO7Fv3hl.jpg
https://americamotorsby.ams3.digitaloceanspaces.com/americamotors-by/3e7adea4-9e49-4290-9115-73f3d33090d8/amby-5a063d7b008e8a429f5b3154438d44f7pmczRs5lFP.jpg
https://americamotorsby.ams3.digitaloceanspaces.com/americamotors-by/df7811d6-4f8e-4366-a258-e1144a2ec826/amby-afbc3a88e50444f856b1eb99a3da4555jQtFEfwugp.jpg"
"1770616376-9","https://americamotors.by/catalog/all/car?type_id=1&status%5B0%5D=all","https://americamotors.by/catalog/all/car?type_id=1&status%5B0%5D=all&page=18","https://americamotors.by/transport/toyota/camry/681","Под заказ","2018 Toyota Camry L","25 930р.","8 500$ / 7 650€","Toyota","Camry","VIN: 4T1B11HK1JU******","61435 км.","2.5 л","Автомат","Передний","Серебристый","Седан","https://americamotorsby.ams3.digitaloceanspaces.com/americamotors-by/a59f0add-cf5b-4f2b-a366-d16d18b0c9a7/amby-6c757811016aefa85a2ecd0790073de8akpAX9GjVn.jpg
https://americamotorsby.ams3.digitaloceanspaces.com/americamotors-by/e3f2b26e-0c47-483c-970e-3bb2957ce2f0/amby-926dfbc008a766763888c482a889e919JqziP3HDNf.jpg
https://americamotorsby.ams3.digitaloceanspaces.com/americamotors-by/c0d06a88-f63f-48b8-8fc8-4548f91b31ae/amby-bb3fb5a4f401768ed308b4a8b15652413MSuG2XcRz.jpg
https://americamotorsby.ams3.digitaloceanspaces.com/americamotors-by/216cee41-7755-48f6-89d5-9aedb555e3c2/amby-4a2d679154e831c5965fb80368d04c69J5rDSkoVpe.jpg
https://americamotorsby.ams3.digitaloceanspaces.com/americamotors-by/6420fa98-ea37-4346-b157-96718d5eac2c/amby-2a6a5f71d3e030bfab647b914bca8b3aJ2E1Z5RDrH.jpg
https://americamotorsby.ams3.digitaloceanspaces.com/americamotors-by/7d4b2e0b-ea14-41c1-91e8-f87392b57575/amby-1e40c679137fcf20a72417f8925530c7jk3ArOKuy5.jpg
https://americamotorsby.ams3.digitaloceanspaces.com/americamotors-by/882af6b6-ee0b-407d-a290-9b0aad7f91a5/amby-713fde2cc475126cc8493f2e04dafa7bXxV8Gufq6A.jpg
https://americamotorsby.ams3.digitaloceanspaces.com/americamotors-by/3668d6ba-424b-4b26-8b39-aa8507135702/amby-09a65417db242216c96a2e21ca9b0572C7IFkfmu0d.jpg"
"1770616409-10","https://americamotors.by/catalog/all/car?type_id=1&status%5B0%5D=all","https://americamotors.by/catalog/all/car?type_id=1&status%5B0%5D=all&page=17","https://americamotors.by/transport/hyundai/kona/682","Под заказ","2020 Hyundai Kona SE","23 180р.","7 600$ / 6 840€","Hyundai","Kona","VIN: KM8K1CAA4LU******","36399 км.","2 л","Автомат","Полный","Черный","Кроссовер","https://americamotorsby.ams3.digitaloceanspaces.com/americamotors-by/86bec371-9893-4da3-a8ed-a9980ab18c19/amby-abc3f2f35fddb6f4683c3df43c9b7a53eS3Bov2qrK.JPG
https://americamotorsby.ams3.digitaloceanspaces.com/americamotors-by/59108965-e9f8-4e8b-9c0a-f4b315021ac5/amby-cfadebd3aaa343db324e9e717e8c3363vXCFmEG2Jp.JPG
https://americamotorsby.ams3.digitaloceanspaces.com/americamotors-by/fc568769-a0f9-4e8c-be04-aac449edb580/amby-de87f528cc2338ec24ef070d0e3424fb75ufwoNPUD.JPG
https://americamotorsby.ams3.digitaloceanspaces.com/americamotors-by/5c7a4208-c1ad-4181-b649-14f046f607d8/amby-c5318bf91764ff574ce7bc018a6f0a65pQ6blnN4Pc.JPG
https://americamotorsby.ams3.digitaloceanspaces.com/americamotors-by/f37134f2-dd00-4f5e-9fc5-91ebd4744006/amby-9a5bdd2e9acb4a7898f7066d009d3ebfsYXqboih06.JPG
https://americamotorsby.ams3.digitaloceanspaces.com/americamotors-by/bb0551e1-84a1-401b-8090-88ed5c0d95f2/amby-00914074100a011e03f8b4d5e7f789dcV9BcNbrWiU.JPG
https://americamotorsby.ams3.digitaloceanspaces.com/americamotors-by/a15c3214-9c21-4b01-baff-f62f74db7922/amby-137a27f8b2866d73d621efed9740e2deUGt7PzDhOp.JPG
https://americamotorsby.ams3.digitaloceanspaces.com/americamotors-by/a81a0b85-2bee-42a0-9044-0f4f5b2922f4/amby-9a37d9a03375f174129f1cd9486cc28bwr1e6zW7NX.JPG"
"1770616423-11","https://americamotors.by/catalog/all/car?type_id=1&status%5B0%5D=all","https://americamotors.by/catalog/all/car?type_id=1&status%5B0%5D=all&page=17","https://americamotors.by/transport/ford/focus/683","Под заказ","2018 Ford Focus SE","8 240р.","2 700$ / 2 430€","Ford","Focus","VIN: 1FADP3FE9JL******","63862 км.","1 л","Механика","Передний","Белый","Седан","https://americamotorsby.ams3.digitaloceanspaces.com/americamotors-by/b51499b5-24ba-41b5-99f5-5ded35c608de/amby-424edd0a976eeb2188ef0b76084d2755Ko4Z53HAsh.jpg
https://americamotorsby.ams3.digitaloceanspaces.com/americamotors-by/764ab449-dabf-46b6-8e4d-e48f96c44b82/amby-903e069aa3c5e9267f13313beb0330beX7awOcb29P.jpg
https://americamotorsby.ams3.digitaloceanspaces.com/americamotors-by/596f36f9-8632-499e-89f2-853191c05f9b/amby-a03abd660bd653c996d2eea10a2f1754nbNR3h1AOJ.jpg
https://americamotorsby.ams3.digitaloceanspaces.com/americamotors-by/2d6e0b99-5dc6-4320-8bef-0fd1532f3a14/amby-2c5d2a98fbd20d61927a48d01641e43avqeX2kBp0R.jpg
https://americamotorsby.ams3.digitaloceanspaces.com/americamotors-by/4be2ea7e-de1e-4da8-a5e2-c17018075e19/amby-a3deb264a6ce8f84d99b1252da080747bwDdHnme8C.jpg
https://americamotorsby.ams3.digitaloceanspaces.com/americamotors-by/d6de91ea-1bc6-41c3-8533-5faecc83746e/amby-6673299f90071a2cc871e1ee7c580defuI2seCoNLn.jpg
https://americamotorsby.ams3.digitaloceanspaces.com/americamotors-by/43de2f3a-90ca-4c5d-badb-cff2e13e4b5c/amby-9a9845d5d5791c2dd2f5845141cefee10kDntg5Hve.jpg
https://americamotorsby.ams3.digitaloceanspaces.com/americamotors-by/21a5468b-1f94-4daa-94ec-cf70a14f86d6/amby-abe240d6094a9830464cf07722aba69ayrgqtHEX7j.jpg"
"1770616435-12","https://americamotors.by/catalog/all/car?type_id=1&status%5B0%5D=all","https://americamotors.by/catalog/all/car?type_id=1&status%5B0%5D=all&page=17","https://americamotors.by/transport/hyundai/santa_fe/685","Под заказ","2019 Hyundai Santa Fe Limited","52 770р.","17 300$ / 15 570€","Hyundai","Santa Fe","VIN: 5NMS5CAA7KH******","24269 км.","2 л","Автомат","Полный","Зеленый","Кроссовер","https://americamotorsby.ams3.digitaloceanspaces.com/americamotors-by/d633298c-d9bd-43a1-b027-c4171642fa8e/amby-6f5755fa9c552bf7b3129726b7e66382dYvmioraED.JPG
https://americamotorsby.ams3.digitaloceanspaces.com/americamotors-by/5c1ed663-12f1-4e3c-a203-f9d3d5c1bcdf/amby-1859e4054db963a6a5b44121b2d1fcf4qHovyUkGYp.JPG
https://americamotorsby.ams3.digitaloceanspaces.com/americamotors-by/7be1eba9-4dc3-417d-8ead-543377c62f92/amby-13bd938b368db78a1e913d0b4e3275b6I8WwK1NeMT.JPG
https://americamotorsby.ams3.digitaloceanspaces.com/americamotors-by/2e8326be-c9e3-4bc2-80e8-f3ce3f0d993a/amby-1f3abf91f30e70408f62e1ad6da4e1199h1CjzpoeQ.JPG
https://americamotorsby.ams3.digitaloceanspaces.com/americamotors-by/66ca2f35-bade-499b-8cd9-a038108fdd3a/amby-2f1fcc9c90123c0a5078cbd7d69dbecayt9HAuaw4V.JPG
https://americamotorsby.ams3.digitaloceanspaces.com/americamotors-by/f6043c33-6c87-4e9d-aa61-160a3b56fce9/amby-730737ed03a14aa329f088befb092ca0hdJgGl6O18.JPG
https://americamotorsby.ams3.digitaloceanspaces.com/americamotors-by/2eb3b238-3c58-4510-ac9e-f2ce5270a2a0/amby-6ab122583602212448e5f252ecfcb21cQ4ypewLGNU.JPG
https://americamotorsby.ams3.digitaloceanspaces.com/americamotors-by/9609b0ed-6440-4e0c-9614-2666949f56be/amby-6cbd1fb88946b5db1f033379b7940bb60PeKHvkDsV.JPG
https://americamotorsby.ams3.digitaloceanspaces.com/americamotors-by/214fb7d2-de98-4ed9-9b30-9ac632193679/amby-2a153ffa9d15459a9e438b6f12491cb0mEAsOw6zYx.JPG"
"1770616451-13","https://americamotors.by/catalog/all/car?type_id=1&status%5B0%5D=all","https://americamotors.by/catalog/all/car?type_id=1&status%5B0%5D=all&page=17","https://americamotors.by/transport/jeep/wrangler/686","Под заказ","2018 Jeep Wrangler Unlimited Sport","68 630р.","22 500$ / 20 250€","Jeep","Wrangler","VIN: 1C4HJXDG9JW******","82641 км.","3.6 л","Автомат","Полный","Красный","Внедорожник","https://americamotorsby.ams3.digitaloceanspaces.com/americamotors-by/598148e8-25c2-4138-a227-e70061c5a91d/amby-b85e2c63775ce1a32a75fe7885160a3epMtrkKaEZC.jpg
https://americamotorsby.ams3.digitaloceanspaces.com/americamotors-by/54ac515e-d789-4026-9f4b-c7fee1c3bf2a/amby-282c7a912985cc1f88b89fce77870baczENr23KMjG.jpg
https://americamotorsby.ams3.digitaloceanspaces.com/americamotors-by/6e0fef11-bccd-432d-b86e-c18d5d7ae4ee/amby-13812e61ec874bb739a06aca598628fd3Ow2yqHXmN.jpg
https://americamotorsby.ams3.digitaloceanspaces.com/americamotors-by/c50165d1-aa52-4c16-9fff-a28800b65aaf/amby-9db46e0172dc4b75b12868555bc27bf8pn6rgbScyl.jpg
https://americamotorsby.ams3.digitaloceanspaces.com/americamotors-by/31369fdc-5d34-4d17-9311-16391fb65187/amby-d0e4ce13cd5be2b12160bbec8623ed9eg1PqJfLNwe.jpg
https://americamotorsby.ams3.digitaloceanspaces.com/americamotors-by/37b26007-9089-446e-8aa6-159976d4af3a/amby-9223e602ca35fc4fe89136bdb52dc4dbe7J5zhTSYw.jpg
https://americamotorsby.ams3.digitaloceanspaces.com/americamotors-by/95b9585d-3759-46f0-8572-b70884266054/amby-7ba2d519f261ad42df329800fff9ad06rfUDRIthEW.jpg
https://americamotorsby.ams3.digitaloceanspaces.com/americamotors-by/cb2f7739-2703-48ca-b03f-d38d0750ebf5/amby-905ab802b46d2c32e115cff8ed82b2c6jYUprv1EWC.jpg"
"1770616466-14","https://americamotors.by/catalog/all/car?type_id=1&status%5B0%5D=all","https://americamotors.by/catalog/all/car?type_id=1&status%5B0%5D=all&page=17","https://americamotors.by/transport/gmc/terrain/687","Под заказ","2018 GMC Terrain SLE","25 930р.","8 500$ / 7 650€","GMC","Terrain","VIN: 3GKALTEV0JL******","43258 км.","1.5 л","Не указан","Полный","Белый","Кроссовер","https://americamotorsby.ams3.digitaloceanspaces.com/americamotors-by/165a197f-dd78-414b-ad23-857a44a951b6/amby-616ea1e22b37eb12fa6d5f00fd2f0b45NQLv6OMx8n.jpg
https://americamotorsby.ams3.digitaloceanspaces.com/americamotors-by/e6f97f75-f303-42d1-a326-1494f317d4cb/amby-475668cd4e2aba70823ff31ffa5ca1b7StOGhVa4BZ.jpg
https://americamotorsby.ams3.digitaloceanspaces.com/americamotors-by/c8efc070-81a0-4bab-b719-081c7e0f2d22/amby-f93798138e3f80a8acc7d8998a85c9faGwrv3BlILu.jpg
https://americamotorsby.ams3.digitaloceanspaces.com/americamotors-by/165e82bc-35ba-4a99-aaf2-2f128ff009fc/amby-aee383d62c5649e9fbc411547811f676YQf1q9PZ7l.jpg
https://americamotorsby.ams3.digitaloceanspaces.com/americamotors-by/d834fe31-7f91-41f4-b236-d5ac567607d0/amby-e61db643c06a2fda4c7280b766362b284jkuYiKNvr.jpg
https://americamotorsby.ams3.digitaloceanspaces.com/americamotors-by/50f8de1e-2efc-489f-852f-5051c9fa5d93/amby-a755d8299d6393da5c2e4c654c1213f5LGVu2yJHnW.jpg
https://americamotorsby.ams3.digitaloceanspaces.com/americamotors-by/d0bc137b-97c2-4bb3-bfec-df569560ce65/amby-1582cb30c79cdb7b5a1e6cfeca922c68ESvCNzjRD6.jpg
https://americamotorsby.ams3.digitaloceanspaces.com/americamotors-by/928ed832-5da5-4585-87ec-eb623d1c0b08/amby-95e2507405f51975beaa6e1a1ca5764dLcBYIrsvGZ.jpg"
"1770616483-15","https://americamotors.by/catalog/all/car?type_id=1&status%5B0%5D=all","https://americamotors.by/catalog/all/car?type_id=1&status%5B0%5D=all&page=17","https://americamotors.by/transport/jeep/compass/688","Под заказ","2019 Jeep Compass Latitude","23 790р.","7 800$ / 7 020€","Jeep","Compass","VIN: 3C4NJDBB0KT******","38367 км.","2.4 л","Автомат","Полный","Красный","Внедорожник","https://americamotorsby.ams3.digitaloceanspaces.com/americamotors-by/87622598-bfd6-40bb-8c55-49c00a3695ab/amby-a3dc3f74b8391a3cc71f53838e4eb7a3uDMSwLIRJd.jpg
https://americamotorsby.ams3.digitaloceanspaces.com/americamotors-by/5782e5ea-9ca7-4cc7-b359-2f145bbe64aa/amby-6cd4359ac5d86b7cbf21c0df6d5a7805INYlR9UJna.jpg
https://americamotorsby.ams3.digitaloceanspaces.com/americamotors-by/14e1f71a-bb0f-4f05-86eb-7acc533c7acf/amby-fd1a1117f87ab6217a824e2c854803a7gjCdubaDiW.jpg
https://americamotorsby.ams3.digitaloceanspaces.com/americamotors-by/3451b179-8b0f-43ed-a0fe-1fecd5f6a9d1/amby-f111860a1705b1e04cb7d04c7b5cb535F2OshBqCR5.jpg
https://americamotorsby.ams3.digitaloceanspaces.com/americamotors-by/9572cc92-f353-41ae-b944-5e70da329c0d/amby-3deeccb61c8c4614a80d036bdabb3dbeMPrpqi43m8.jpg
https://americamotorsby.ams3.digitaloceanspaces.com/americamotors-by/5b9a05da-1bca-4344-bce8-a0894cec1d15/amby-86aebabd00e75b47b6041f8ae146bb09souCPqLj3v.jpg
https://americamotorsby.ams3.digitaloceanspaces.com/americamotors-by/b84ff644-c227-493d-a0ce-5f0024fda5e2/amby-09005f86fa4a4836737495217102b1c5lDQXsqWcKf.jpg
https://americamotorsby.ams3.digitaloceanspaces.com/americamotors-by/dc0362cf-07de-4c6e-a3e5-8d57edc2f476/amby-e57d8f89f2c8d966172b8169db4048f8N0e2fKY3XJ.jpg
https://americamotorsby.ams3.digitaloceanspaces.com/americamotors-by/fb86610e-50ed-40cb-9439-31d957780c23/amby-c7f921bd393dd3865f90aca6ab576f34xzfPpqHtYM.jpg"
"1770616502-16","https://americamotors.by/catalog/all/car?type_id=1&status%5B0%5D=all","https://americamotors.by/catalog/all/car?type_id=1&status%5B0%5D=all&page=17","https://americamotors.by/transport/nissan/kicks/689","Под заказ","2020 Nissan Kicks SR","36 600р.","12 000$ / 10 800€","Nissan","Kicks","VIN: 3N1CP5DV5LL******","34656 км.","1.6 л","Вариатор","Передний","Белый","Кроссовер","https://americamotorsby.ams3.digitaloceanspaces.com/americamotors-by/f694f7db-1203-4a9c-b0a4-7ca10b59b35e/amby-604992b3b1f7478ff4ffbd68caabeaeaGrf1Md79Q8.jpg
https://americamotorsby.ams3.digitaloceanspaces.com/americamotors-by/2b823827-bb16-4026-8bd3-db3860fb4b0d/amby-0a615874634e8af416752c18a6fd4255YpO4c1mLVK.jpg
https://americamotorsby.ams3.digitaloceanspaces.com/americamotors-by/153a4ff8-bc4e-4c27-b9ea-fbd0f1488b2e/amby-32410ad0dc8bcc309ec9f279201c3053bSZJAQPqrD.jpg
https://americamotorsby.ams3.digitaloceanspaces.com/americamotors-by/467da28c-f0a9-43b8-9874-0938d274e3c0/amby-3134496b69b42ba26ff8b4220fa3eceeRfh3zi5SxF.jpg
https://americamotorsby.ams3.digitaloceanspaces.com/americamotors-by/920b03f2-1c79-44d6-a5ea-b54bbed6e55f/amby-fe5044e53e0bbb78e9f43f7a89e894480JS5F2juBL.jpg
https://americamotorsby.ams3.digitaloceanspaces.com/americamotors-by/df158602-96d2-446e-b7af-9aae38eef814/amby-3caa67885a30244ce7d3eca58ef45568rML3cz2J6I.jpg
https://americamotorsby.ams3.digitaloceanspaces.com/americamotors-by/0e8d3477-5c0a-4a61-abe5-f78844a9b0b5/amby-c44ee152dd46e212d50e06ef46a11265cbN5XOuj7L.jpg
https://americamotorsby.ams3.digitaloceanspaces.com/americamotors-by/0578f8f9-3b2c-43c3-bb46-4868b3fb3dd3/amby-53b348346ea295f501c698ec61a70eb4VJBgU2Qpl4.jpg
https://americamotorsby.ams3.digitaloceanspaces.com/americamotors-by/a69a57cc-1b5b-40bc-8acd-955c21545016/amby-10120b5b4ef504ba8caece72361581e85JOIMcflaB.jpg"
"1770616513-17","https://americamotors.by/catalog/all/car?type_id=1&status%5B0%5D=all","https://americamotors.by/catalog/all/car?type_id=1&status%5B0%5D=all&page=17","https://americamotors.by/transport/buick/encore/691","Под заказ","2018 Buick Encore Preferred","22 270р.","7 300$ / 6 570€","Buick","Encore","VIN: KL4CJASB3JB******","47720 км.","1.4 л","Автомат","Передний","Белый","Кроссовер","https://americamotorsby.ams3.digitaloceanspaces.com/americamotors-by/3234e428-e519-405c-876f-a79475b3dc74/amby-077e659149645db82d941e9f5e2534256kg1qa9HcC.jpg
https://americamotorsby.ams3.digitaloceanspaces.com/americamotors-by/a3430bdd-5742-4dff-b3c8-2bde398afc44/amby-c9dd009421d8c5532f4b4244b7af775bkzpZgaewQH.jpg
https://americamotorsby.ams3.digitaloceanspaces.com/americamotors-by/6ef074e9-cdbf-40cf-a775-7763ce34f12b/amby-ce485f501f9f790c7596871176145007iBtzqP3wE4.jpg
https://americamotorsby.ams3.digitaloceanspaces.com/americamotors-by/4361a5fe-c22e-4817-a3e2-f583cee7b97d/amby-d629c46ca1548adf85d35bdca5b39907p85FvwJusS.jpg
https://americamotorsby.ams3.digitaloceanspaces.com/americamotors-by/2aa779ea-0445-427d-b061-0597c9f83738/amby-a4f7b7524cc29a849265eee4e07e9c13mMf6QdiuOB.jpg
https://americamotorsby.ams3.digitaloceanspaces.com/americamotors-by/842f0de3-ec36-4cb0-9892-84e0dbce9a2f/amby-9ae157943be1bb47744e6eabf83dceedgqOJrEb1L0.jpg
https://americamotorsby.ams3.digitaloceanspaces.com/americamotors-by/6babab59-98fa-458d-8c8c-bdda7c06f27c/amby-8dbc209db14d4585ecb297c665db23530N2m5sFVa7.jpg
https://americamotorsby.ams3.digitaloceanspaces.com/americamotors-by/7ef6b76d-40d9-4d14-b93f-0393749d1ead/amby-3dadfdca62183c0f23471be8e2d45df2qrWPH4dOn5.jpg"
"1770616549-18","https://americamotors.by/catalog/all/car?type_id=1&status%5B0%5D=all","https://americamotors.by/catalog/all/car?type_id=1&status%5B0%5D=all&page=17","https://americamotors.by/transport/mazda/cx30/692","Под заказ","2021 Mazda CX-30 Premium","35 690р.","11 700$ / 10 530€","Mazda","CX-30","VIN: 3MVDMADL2MM******","7113 км.","2.5 л","Автомат","Передний","Белый","Кроссовер","https://americamotorsby.ams3.digitaloceanspaces.com/americamotors-by/f96ff713-ba2d-4eb9-acc1-9a73ad0796a1/amby-3cf9bade07851c0c6977e3e383476893SrbXykdx2j.jpg
https://americamotorsby.ams3.digitaloceanspaces.com/americamotors-by/174b9989-524f-4091-a7c8-69759a1d7de6/amby-a72f4373bce2dc0327c2e519c5b508bf9WXK76TscF.jpg
https://americamotorsby.ams3.digitaloceanspaces.com/americamotors-by/e1bd4c2d-0313-47d8-bc68-7677d4c3ca03/amby-721f7f2901daff4df6a44207e805f701ge3A7itdb9.jpg
https://americamotorsby.ams3.digitaloceanspaces.com/americamotors-by/f9fc694e-8bb4-4c1c-a34f-ccda6c1d5dfc/amby-c7625a6790ebd831448bdd097775f1fejhv1ofmZAg.jpg
https://americamotorsby.ams3.digitaloceanspaces.com/americamotors-by/7a94602b-baf8-4bbc-9518-6b57f85f7fdc/amby-7077a62e15da410d137c31a24a61ab73IHUTclvuCO.jpg
https://americamotorsby.ams3.digitaloceanspaces.com/americamotors-by/20e44021-7e56-4718-811c-3460823c3aea/amby-6c5cc0b8e5aa4b29df306eec074ab9edlkfKeOPInF.jpg
https://americamotorsby.ams3.digitaloceanspaces.com/americamotors-by/0f7a1ae9-273b-4098-92a1-ff430e253cd1/amby-b5313a0014a9f4b389ade52beccda48dTQKwzfcvRl.jpg
https://americamotorsby.ams3.digitaloceanspaces.com/americamotors-by/bad0d94e-affe-475d-94a8-cf62b2a9d76e/amby-1734d75bbe48c736e7709180bb878e3esGQ3Xe14Nz.jpg
https://americamotorsby.ams3.digitaloceanspaces.com/americamotors-by/f61cde9a-3456-47b7-b9af-5a435ec5da42/amby-6f182a21463e4b5435c2f9311fe8d9d5z3K6TGO5od.jpg"
"1770616575-19","https://americamotors.by/catalog/all/car?type_id=1&status%5B0%5D=all","https://americamotors.by/catalog/all/car?type_id=1&status%5B0%5D=all&page=17","https://americamotors.by/transport/jeep/compass/694","Под заказ","2019 Jeep Compass Limited","14 640р.","4 800$ / 4 320€","Jeep","Compass","VIN: 3C4NJCCB9KT******","81401 км.","2.4 л","Автомат","Передний","Белый","Внедорожник","https://americamotorsby.ams3.digitaloceanspaces.com/americamotors-by/ef6befbd-b599-40d9-8816-cee967e66d30/amby-d211bfeb8fbb29ea65af8c54a6943f19MIF2y9LnYg.jpg
https://americamotorsby.ams3.digitaloceanspaces.com/americamotors-by/a9eb5bd5-51c7-447e-ab5f-499ea265b467/amby-693494cb608778ea5e42536318a41998tTrER3fl9x.jpg
https://americamotorsby.ams3.digitaloceanspaces.com/americamotors-by/a9a93565-412a-441c-8c03-14f579b58fc9/amby-1cac8ccd5224d282c88d2312f4382a875DuzMi1wRe.jpg
https://americamotorsby.ams3.digitaloceanspaces.com/americamotors-by/721f3742-eeed-4069-aaaf-5b63b9abbbfa/amby-b0cf6964de800df74ef1ba9149f8e0a904aGnMhHVU.jpg
https://americamotorsby.ams3.digitaloceanspaces.com/americamotors-by/21de5477-3dcb-4079-bec7-81c1c3b7cbc2/amby-8b891233571de5e33d1143c400c43625cSHTh4E1Wx.jpg
https://americamotorsby.ams3.digitaloceanspaces.com/americamotors-by/ba00a3b7-67fc-4e39-b04e-7c5c2cf6e959/amby-2ef8730f7eec5b66d27eff78532a14e1kNneTwYWI6.jpg
https://americamotorsby.ams3.digitaloceanspaces.com/americamotors-by/a40b0e60-7e1a-46e3-a201-84f166e79e53/amby-167c04b42186122eed9d1f24d90f201aZTo8Xqys20.jpg
https://americamotorsby.ams3.digitaloceanspaces.com/americamotors-by/5dd653e2-4318-4cab-9124-c4a444a62c6d/amby-572aa77e8370d9b8c27a40de6bb3f869LnkMHzb5mj.jpg"
"1770616593-20","https://americamotors.by/catalog/all/car?type_id=1&status%5B0%5D=all","https://americamotors.by/catalog/all/car?type_id=1&status%5B0%5D=all&page=16","https://americamotors.by/transport/ford/explorer/695","Под заказ","2021 Ford Explorer XLT","36 530р.","11 980$ / 10 780€","Ford","Explorer","VIN: 1FMSK8DH2MG******","43687 км.","2.3 л","Автомат","Полный","Серебристый","Кроссовер","https://americamotorsby.ams3.digitaloceanspaces.com/americamotors-by/8f281897-80fc-4080-a20e-25762eaf3bb2/amby-cff1f05f5fa52301b2f370a26c73cf20JNcD1CEHan.jpeg
https://americamotorsby.ams3.digitaloceanspaces.com/americamotors-by/b5693503-699a-47c2-8c0e-6426205bda35/amby-ad968d81788b46dbd2fa790421dab16anQ6d0vTIh4.jpeg
https://americamotorsby.ams3.digitaloceanspaces.com/americamotors-by/23c10edc-bf63-4ecf-941e-c764c9204617/amby-40a3d5c7a05815796082d2e6f6c0350aWClOSyivd3.jpeg
https://americamotorsby.ams3.digitaloceanspaces.com/americamotors-by/20598944-dffe-419a-914d-5e7b5ae772f0/amby-246894e765e8a4411f59e5f4271013724p5kJ3dgjI.jpeg
https://americamotorsby.ams3.digitaloceanspaces.com/americamotors-by/46a699e0-9eaa-4332-9b63-1496837884ee/amby-5c4489830ba5a266170a53c11930733fZjYs6b8v4C.jpeg
https://americamotorsby.ams3.digitaloceanspaces.com/americamotors-by/d3cd086c-e5e5-4951-bc32-089c24935ad6/amby-0f958e0a7e1cceea1a83965aeb961d29Aus9YXTvml.jpeg
https://americamotorsby.ams3.digitaloceanspaces.com/americamotors-by/684b9764-f319-4260-834f-0479d5247524/amby-c13acaba53831aa7f9868d2b3e2f9e84meA1UcVTbH.jpeg
https://americamotorsby.ams3.digitaloceanspaces.com/americamotors-by/0f5026b9-0470-43fb-9d78-55e8c26a3792/amby-9f5e3df8206b1305578699115c99cbc2wBYO8i17zv.jpeg"
"1770616619-21","https://americamotors.by/catalog/all/car?type_id=1&status%5B0%5D=all","https://americamotors.by/catalog/all/car?type_id=1&status%5B0%5D=all&page=16","https://americamotors.by/transport/hyundai/santa_fe/696","Под заказ","2020 Hyundai Santa Fe Limited","47 280р.","15 500$ / 13 950€","Hyundai","Santa Fe","VIN: 5NMS5CAD4LH******","5898 км.","2.4 л","Автомат","Полный","Белый","Кроссовер","https://americamotorsby.ams3.digitaloceanspaces.com/americamotors-by/395bc8e2-d795-411d-97dc-d315244fd7fe/amby-363850b12526118e3b3b20fa7d8649e69ftwDQvNur.JPG
https://americamotorsby.ams3.digitaloceanspaces.com/americamotors-by/1b85edf7-f855-4cc1-90dd-6f5a55a3830b/amby-ec9e424ead1b15e1ec4bac37a81b9bf7TyfMheRkEX.JPG
https://americamotorsby.ams3.digitaloceanspaces.com/americamotors-by/09580b9f-658d-4d86-90f5-cba3591d648a/amby-24ddb34e1366ff3ebd2377b807cacdbcBIWzGDKb9m.JPG
https://americamotorsby.ams3.digitaloceanspaces.com/americamotors-by/dddb2bc3-8d9b-4f22-a5c0-05d01c962a4e/amby-df9ae5be9034225b19ddf950270dae75g0RBWwzeAG.JPG
https://americamotorsby.ams3.digitaloceanspaces.com/americamotors-by/b56161b1-c9bd-49a6-aea9-75aff37cd56f/amby-945c0b673ebe9453ddd92af3d5987c6bhIvdyZDUng.JPG
https://americamotorsby.ams3.digitaloceanspaces.com/americamotors-by/66e52ca0-f197-4a9a-ac69-e3d1501becac/amby-05822364fa33df798f4ab909be14879aD9g5bu7QJi.JPG
https://americamotorsby.ams3.digitaloceanspaces.com/americamotors-by/9c377803-788b-401b-a1ae-c025bf61cfe7/amby-556a2eb9d3348ba736d794cdf0f4e5e5Q5EaIquHdF.JPG
https://americamotorsby.ams3.digitaloceanspaces.com/americamotors-by/c4d49eba-072f-4989-aafb-4ca8be156e9c/amby-1d3804cc34e93cd6be20a58d8db9f260hXZoD9r2S4.JPG"
"1770616647-22","https://americamotors.by/catalog/all/car?type_id=1&status%5B0%5D=all","https://americamotors.by/catalog/all/car?type_id=1&status%5B0%5D=all&page=16","https://americamotors.by/transport/honda/odyssey/697","Под заказ","2021 Honda Odyssey EXL","43 010р.","14 100$ / 12 690€","Honda","Odyssey","VIN: 5FNRL6H77MB******","9318 км.","3.5 л","Автомат","Передний","Белый","Минивен","https://americamotorsby.ams3.digitaloceanspaces.com/americamotors-by/a68e2db3-aa19-450a-bc72-7a4aadc09758/amby-851250d8889867c725592f50cebcfd99W89K0147hL.jpeg
https://americamotorsby.ams3.digitaloceanspaces.com/americamotors-by/8d541a35-0980-44d8-87df-31c861816935/amby-c16f9e61b17b282608b462199407881avPlfaIGzXT.jpeg
https://americamotorsby.ams3.digitaloceanspaces.com/americamotors-by/f002a49e-c0ae-45dc-b485-7daed9b29880/amby-f7531d7e12bfbcf8de51f685ecd56f06Fz8smPDldK.jpeg
https://americamotorsby.ams3.digitaloceanspaces.com/americamotors-by/0eef83c0-f447-45ff-b182-3868337109d0/amby-037d5409b1b1fd7281d96631340d49699WN0H2mcKx.jpeg
https://americamotorsby.ams3.digitaloceanspaces.com/americamotors-by/c9146a6a-b5be-4e3f-a7e9-ce7cfcb49838/amby-8b3514472fb78cb4a52ca3b339d36948iu9zOUktFK.jpeg
https://americamotorsby.ams3.digitaloceanspaces.com/americamotors-by/966384b4-0164-4021-a377-ad42426b229e/amby-53160a9aac644108afd1bc00f3fe9ee3gMatQhcJCd.jpeg
https://americamotorsby.ams3.digitaloceanspaces.com/americamotors-by/12af2f18-4e93-453b-9527-3f1111d11a81/amby-689f22ed67ca636e651e1cd422c707bdvwrb9tzjGS.jpeg
https://americamotorsby.ams3.digitaloceanspaces.com/americamotors-by/97ee49d2-5685-4e54-8a08-b7f5ef2ccc84/amby-d5ece925fc1a5346d8d229c917dd2cceU5qgjOi7pC.jpeg"
"1770616674-23","https://americamotors.by/catalog/all/car?type_id=1&status%5B0%5D=all","https://americamotors.by/catalog/all/car?type_id=1&status%5B0%5D=all&page=16","https://americamotors.by/transport/audi/a4/698","Под заказ","2021 Audi A4 Allroad Premium Plus","106 750р.","35 000$ / 31 500€","Audi","A4","VIN: WA18AAF4XMA******","3774 км.","2 л","Автомат","Полный","Белый","Универсал","https://americamotorsby.ams3.digitaloceanspaces.com/americamotors-by/ca59fc93-63c3-4325-92ba-02f23d67be55/amby-cedc16216ee71133649e66250c32bf0aSWiMvAkGEr.jpg
https://americamotorsby.ams3.digitaloceanspaces.com/americamotors-by/db77e7fd-9ea7-4ebf-9cff-a7a48399f57e/amby-64f56abb5f105f3f2a3a7479177594a3exGgqibs7Q.jpg
https://americamotorsby.ams3.digitaloceanspaces.com/americamotors-by/6f933d6e-519c-4bd2-b0d3-1dfa931aae30/amby-60354b19768e4ab159356de0944b0268CHGmQvB6xt.jpg
https://americamotorsby.ams3.digitaloceanspaces.com/americamotors-by/e87359aa-85fe-4058-a249-c7ffda837db4/amby-95c4013811edb388a202c2cc56b21a5fli9IZGHFDg.jpg
https://americamotorsby.ams3.digitaloceanspaces.com/americamotors-by/756db8b5-1016-4bff-912f-addd011725e4/amby-9669e4c122c2c8f2f30fe59556fd382cDpfJB2TU36.jpg
https://americamotorsby.ams3.digitaloceanspaces.com/americamotors-by/2111941a-5ce3-4e8e-994e-45e7703b5c39/amby-053bb7a69c261600f2199147074e2252iKe3pGBY7C.jpg
https://americamotorsby.ams3.digitaloceanspaces.com/americamotors-by/cccbf2e6-e9b3-4bc1-a231-0eccb622e2da/amby-5f3272340b0744a7335988ae39dae8a6oGmXJT9iWY.jpg
https://americamotorsby.ams3.digitaloceanspaces.com/americamotors-by/3d02363a-2b4a-4ade-b74a-8730958dac2a/amby-697f7aa0e13d723a718a0b5a8a8871eacKwDErGxfd.jpg
https://americamotorsby.ams3.digitaloceanspaces.com/americamotors-by/70bdfacc-db72-4ade-9c7b-828beee2f78e/amby-df5c59cbc69db704bac73e5b09076e6efJj9KndlVk.jpg"
"1770616697-24","https://americamotors.by/catalog/all/car?type_id=1&status%5B0%5D=all","https://americamotors.by/catalog/all/car?type_id=1&status%5B0%5D=all&page=16","https://americamotors.by/transport/porsche/cayman/699","Под заказ","2018 Porsche Cayman","118 950р.","39 000$ / 35 100€","Porsche","Cayman","VIN: WP0AA2A81JK******","41154 км.","2 л","Автомат","Задний","Синий","Купе","https://americamotorsby.ams3.digitaloceanspaces.com/americamotors-by/c2f86422-f144-4cf6-bc54-29fdde1cd3fa/amby-a58a4e6d81468a0a1a791bffdbfd2f88Nem4Gd6ivI.JPG
https://americamotorsby.ams3.digitaloceanspaces.com/americamotors-by/93d857ce-69b2-450e-a346-8c6203249e0a/amby-fdcfa67c89e3617cb19aec6b5c7560afPqpkNKWzOi.JPG
https://americamotorsby.ams3.digitaloceanspaces.com/americamotors-by/ed5446fe-f889-4c30-b69d-c4775853d4cc/amby-d4075c39942da0015344d002f35172f54ce7jxp1QM.JPG
https://americamotorsby.ams3.digitaloceanspaces.com/americamotors-by/c6428e73-8a46-4e5f-89ec-14b4d9451009/amby-86667fb4a2e8b2686307da0e257c2cbcfpwg3TcUMt.JPG
https://americamotorsby.ams3.digitaloceanspaces.com/americamotors-by/5b322a18-3693-4a68-b5db-44aa57ca93ed/amby-8da6aa6852156d4dc590dd236acc61f7MGF9fke4ZH.JPG
https://americamotorsby.ams3.digitaloceanspaces.com/americamotors-by/40f86193-7537-4f81-9726-d8f05cc64256/amby-e89da96745a1272703caca7639cfc0e83ApTJ8F7D2.JPG
https://americamotorsby.ams3.digitaloceanspaces.com/americamotors-by/ecc6e4c0-c702-4921-bb11-2636deef72e0/amby-35d7c3f286e718f4be3577573b8ba22fdftJzSokLp.JPG
https://americamotorsby.ams3.digitaloceanspaces.com/americamotors-by/d613e40a-acdf-4e39-b838-49595e30c369/amby-386839b9db1bdfec2790b18c207d1789Bgl0aSuchU.JPG"
"1770616718-25","https://americamotors.by/catalog/all/car?type_id=1&status%5B0%5D=all","https://americamotors.by/catalog/all/car?type_id=1&status%5B0%5D=all&page=16","https://americamotors.by/transport/volkswagen/jetta/700","Под заказ","2019 Volkswagen Jetta S","24 400р.","8 000$ / 7 200€","Volkswagen","Jetta","VIN: 3VWCB7BU4KM******","68788 км.","1.4 л","Автомат","Передний","Голубой","Седан","https://americamotorsby.ams3.digitaloceanspaces.com/americamotors-by/461e6966-372b-4b6b-80b0-896709b48712/amby-f3ccdd27d2000e3f9255a7e3e2c48800OpA84XVPvB.jpg
https://americamotorsby.ams3.digitaloceanspaces.com/americamotors-by/b53b961c-ba17-4174-9d72-eafce7b0f2f5/amby-156005c5baf40ff51a327f1c34f2975bSoZchOF6w5.jpg
https://americamotorsby.ams3.digitaloceanspaces.com/americamotors-by/78b77352-0c0a-458c-bdd2-e70c1dde6bd7/amby-799bad5a3b514f096e69bbc4a7896cd9fGW567halO.jpg
https://americamotorsby.ams3.digitaloceanspaces.com/americamotors-by/2e0a90ed-4ec3-4f16-953e-1d69a3493e33/amby-d0096ec6c83575373e3a21d129ff8fef3LYPahQtjC.jpg
https://americamotorsby.ams3.digitaloceanspaces.com/americamotors-by/12a6236d-f315-4b7c-b8da-056adbe5dc9f/amby-032b2cc936860b03048302d991c3498f9HJVmP1hbi.jpg
https://americamotorsby.ams3.digitaloceanspaces.com/americamotors-by/c5f4bed8-4418-4a40-a654-7a1116800abc/amby-18e2999891374a475d0687ca9f989d83SGE5Mirl6d.jpg
https://americamotorsby.ams3.digitaloceanspaces.com/americamotors-by/8ed81bf0-ca41-4f9b-86ed-6fe389ec8fab/amby-fe5df232cafa4c4e0f1a0294418e5660CdtVGFhzRx.jpg
https://americamotorsby.ams3.digitaloceanspaces.com/americamotors-by/1b1fb253-ba0f-425d-9995-a440fbbcaccc/amby-8cda81fc7ad906927144235dda5fdf15HmAaUjlPYs.jpg
https://americamotorsby.ams3.digitaloceanspaces.com/americamotors-by/03e8b9bf-ffda-495b-a368-dad9a0b7f3d9/amby-30e62fddc14c05988b44e7c02788e187ICL5pg94b8.jpg"
"1770616735-26","https://americamotors.by/catalog/all/car?type_id=1&status%5B0%5D=all","https://americamotors.by/catalog/all/car?type_id=1&status%5B0%5D=all&page=16","https://americamotors.by/transport/audi/q5/701","Под заказ","2018 Audi Q5 Premium Plus","64 360р.","21 100$ / 18 990€","Audi","Q5","VIN: WA1BNAFY6J2******","49740 км.","2 л","Автомат","Полный","Черный","Кроссовер","https://americamotorsby.ams3.digitaloceanspaces.com/americamotors-by/732f7abb-b263-4815-adbe-6ed1b321ad00/amby-d6be629605edcd6c8568f4522c48b4bbCnK7TSyLl3.jpg
https://americamotorsby.ams3.digitaloceanspaces.com/americamotors-by/27211055-43e9-4731-bda3-b9d753702a1b/amby-98518f2c6d9c76ea10d7aa14bce40678LGbrajoztJ.jpg
https://americamotorsby.ams3.digitaloceanspaces.com/americamotors-by/b312e757-4aa1-4ef9-b6fd-af8ca9b75564/amby-ccbe5caea6742a10e8702abb5aae67a7WuCepyD62i.jpg
https://americamotorsby.ams3.digitaloceanspaces.com/americamotors-by/df4bb151-326d-483d-a7b5-c925a8435e9f/amby-b640b4f807944698a65ffdab32d35d70tQhFkfEwLA.jpg
https://americamotorsby.ams3.digitaloceanspaces.com/americamotors-by/334d299d-86f4-4d9d-9905-0859210e7725/amby-1b30144007331c09ff01f818ed2ac710d1Poe0IYNz.jpg
https://americamotorsby.ams3.digitaloceanspaces.com/americamotors-by/649f4b1c-ddc7-41b4-a680-fe58d1e602ed/amby-f26e5de206ac0fba5309164ea4fe80882opREvWfOl.jpg
https://americamotorsby.ams3.digitaloceanspaces.com/americamotors-by/9e5379b2-1aa7-4f5f-b67c-c9a2b5d3d1f5/amby-a093e56009099ca937bf88ea96e2690bUI52CizmDw.jpg
https://americamotorsby.ams3.digitaloceanspaces.com/americamotors-by/3c6788e1-44eb-4dda-9b17-0b0e5730cb89/amby-4cada7c32bd04c13dc5317a59343706fnubLz2q1ZE.jpg"
"1770616747-27","https://americamotors.by/catalog/all/car?type_id=1&status%5B0%5D=all","https://americamotors.by/catalog/all/car?type_id=1&status%5B0%5D=all&page=16","https://americamotors.by/transport/nissan/kicks/702","Под заказ","2020 Nissan Kicks SV","42 700р.","14 000$ / 12 600€","Nissan","Kicks","VIN: 3N1CP5CV9LL******","61120 км.","1.6 л","Вариатор","Передний","Голубой","Кроссовер","https://americamotorsby.ams3.digitaloceanspaces.com/americamotors-by/7a398010-ca16-40d2-a8ec-b628aacb1baa/amby-043b46ef1153cc54c2d59ee25fefd0921LIGX73jxv.jpg
https://americamotorsby.ams3.digitaloceanspaces.com/americamotors-by/dd62b651-7dc6-4cb8-ad1a-9b5631395935/amby-64ea8975616801ecbe0491e61017d380kNK3OdHrlF.jpg
https://americamotorsby.ams3.digitaloceanspaces.com/americamotors-by/90da2279-df65-4671-bec1-7a26a3055c0c/amby-fbfa7a05dc89f326b69444be448c2a77hlX8NM9bys.jpg
https://americamotorsby.ams3.digitaloceanspaces.com/americamotors-by/3c50d420-079a-407b-8cff-b1a8a48adeff/amby-a9ad6f505ebb956d75400412f964c6589E0vm4wPB3.jpg
https://americamotorsby.ams3.digitaloceanspaces.com/americamotors-by/950390f0-1dcc-458b-ad3d-d21d98ec3978/amby-1258ca4350174a61039f5ec9bec196b9GL0Z7ORUCT.jpg
https://americamotorsby.ams3.digitaloceanspaces.com/americamotors-by/e269e544-2638-497b-8c35-377b042ab8c6/amby-7adc4d9591f09f8ceb22b8204216b777v3jcE9QrdR.jpg
https://americamotorsby.ams3.digitaloceanspaces.com/americamotors-by/953c76a5-658c-4b1e-8c05-493635be605a/amby-11f379fc1055c77b3d6a7c0a0eb1656axfXDw4jv8B.jpg
https://americamotorsby.ams3.digitaloceanspaces.com/americamotors-by/22b478b0-d724-4005-852d-be7bbf2cb56f/amby-d7096f3e48617bd3590a12c1c35cca9b9AhUoXtTqz.jpg"
"1770616804-28","https://americamotors.by/catalog/all/car?type_id=1&status%5B0%5D=all","https://americamotors.by/catalog/all/car?type_id=1&status%5B0%5D=all&page=16","https://americamotors.by/transport/chevrolet/malibu/703","Под заказ","2018 Chevrolet Malibu LS","15 250р.","5 000$ / 4 500€","Chevrolet","Malibu","VIN: 1G1ZB5ST1JF******","54127 км.","1.5 л","Автомат","Передний","Белый","Седан","https://americamotorsby.ams3.digitaloceanspaces.com/americamotors-by/4495b355-025c-4e70-81b5-8632b0f41073/amby-c941a011d474bd522365ebdc5b0dea9eeWTXOd8RUV.jpg
https://americamotorsby.ams3.digitaloceanspaces.com/americamotors-by/97bc3b12-0ecb-45f2-92ec-efbeee2db5e0/amby-ae7dcd742d81dbf360059430fabfc0fe17cWhLdQwG.jpg
https://americamotorsby.ams3.digitaloceanspaces.com/americamotors-by/b6a15e90-0155-4049-bcb8-fc5053d85a15/amby-9dc13649e99bc9ce1e83908092c8cf28CMDP8ZdYHz.jpg
https://americamotorsby.ams3.digitaloceanspaces.com/americamotors-by/c22a89fe-8b47-49a4-ae01-f94de3032762/amby-b89f9faea24cbdc53e23e201a7422d85Jdk5NhG6Bv.jpg
https://americamotorsby.ams3.digitaloceanspaces.com/americamotors-by/8148c673-7344-45ac-a7aa-269d02a3311b/amby-f563d4ea883086fb146b3d1c4273eaafNePOApthQb.jpg
https://americamotorsby.ams3.digitaloceanspaces.com/americamotors-by/15d0b9eb-cb0a-464e-9ac7-c23bedca446b/amby-37292d1b67173607d73d9770e3635e7exdAnK1lUQz.jpg
https://americamotorsby.ams3.digitaloceanspaces.com/americamotors-by/eaab5df1-9caa-4b00-8028-234f47622df9/amby-d312e287cd9306a393639051b1dc6f11XIZGylQknN.jpg
https://americamotorsby.ams3.digitaloceanspaces.com/americamotors-by/a85ca718-93ee-488d-99e2-a45b9df1b8ef/amby-1e15b7f85b42385caac228232b2c2c2fb740vyDczN.jpg
https://americamotorsby.ams3.digitaloceanspaces.com/americamotors-by/d55cc535-d091-4bc5-b229-e5a46b176b7c/amby-730455d7675794a69541788147312266IpOG7U6l2o.jpg"
"1770616819-29","https://americamotors.by/catalog/all/car?type_id=1&status%5B0%5D=all","https://americamotors.by/catalog/all/car?type_id=1&status%5B0%5D=all&page=16","https://americamotors.by/transport/toyota/rav4/704","Под заказ","2018 Toyota RAV4 Limited","33 250р.","10 900$ / 9 810€","Toyota","RAV4","VIN: 2T3DFREV1JW******","54779 км.","2.5 л","Автомат","Полный","Черный","Кроссовер","https://americamotorsby.ams3.digitaloceanspaces.com/americamotors-by/b8459165-9906-41ec-9637-43369c671a42/amby-208f8c6b703f75afe87d8768ae74110eabLXMH5RIV.jpg
https://americamotorsby.ams3.digitaloceanspaces.com/americamotors-by/88808a9f-a05a-4573-a7e6-4c77ae484db4/amby-0be372685baad8c481fd765c5e8db114NI6R1rEVhA.jpg
https://americamotorsby.ams3.digitaloceanspaces.com/americamotors-by/857f26a2-c390-4d7a-a042-92fe045a3b91/amby-cda5f8e7dc5db00014be7a53573610017ibdHqZFpM.jpg
https://americamotorsby.ams3.digitaloceanspaces.com/americamotors-by/571472cc-6782-4cdb-bbcd-554a4009b144/amby-03cfa370980abe883b938da199d9557bds5KTgUxSp.jpg
https://americamotorsby.ams3.digitaloceanspaces.com/americamotors-by/411407d0-a6ba-4c92-bf8b-ab491b5aec83/amby-7fbcba39f3294fe2beb69166d4a546660fwLxadbiZ.jpg
https://americamotorsby.ams3.digitaloceanspaces.com/americamotors-by/ae7144c1-7d3f-42c2-bc3b-f7aeb8ae1fe0/amby-70dad12a47759673a1b530b57253c4ab8Mo52eGS9C.jpg
https://americamotorsby.ams3.digitaloceanspaces.com/americamotors-by/4b836601-b9ea-444b-b272-de7f8319b4c8/amby-eb155010899474bfbc982d6dd4cd35dbfyZQSigeGU.jpg
https://americamotorsby.ams3.digitaloceanspaces.com/americamotors-by/80ceb25b-8f39-40ce-8df3-222714c4f074/amby-4a19fd13d8f9d608a0f859779ba9fdd9FKsAD3uWag.jpg"
"1770616835-30","https://americamotors.by/catalog/all/car?type_id=1&status%5B0%5D=all","https://americamotors.by/catalog/all/car?type_id=1&status%5B0%5D=all&page=14","https://americamotors.by/transport/bmw/x3/718","Под заказ","2019 BMW X3 XDRIVE30I","56 430р.","18 500$ / 16 650€","BMW","X3","VIN: 5UXTR9C58KL******","0 км.","2 л","Автомат","Полный","Черный","Кроссовер","https://americamotorsby.ams3.digitaloceanspaces.com/americamotors-by/b51b0db5-99b1-4923-a487-8bee7526335c/amby-a773cc124407b2d5f5f38d039421a666zS1M6k0vEP.jpg
https://americamotorsby.ams3.digitaloceanspaces.com/americamotors-by/4016e55b-34dd-4ccb-b007-131f55ee3b99/amby-474c5b09d0c8002654f8bd0e4ef60a04KXbJ2lx0Sg.jpg
https://americamotorsby.ams3.digitaloceanspaces.com/americamotors-by/0b8e8d7f-2bd8-47aa-83ac-6328fa57d4f2/amby-24d964b5a415677f21c296d3415c200bCb8orShXnz.jpg
https://americamotorsby.ams3.digitaloceanspaces.com/americamotors-by/14260a55-90a6-41a3-899f-d89cc231d1c9/amby-73264329e00b9996b44cd0284ed644a0zKZR0sanON.jpg
https://americamotorsby.ams3.digitaloceanspaces.com/americamotors-by/cfb528eb-7655-4d44-9e7b-b7fdcacc4244/amby-81f781fe2fdf8f6afbba2c8ba9f0b9635EvklrKtBw.jpg
https://americamotorsby.ams3.digitaloceanspaces.com/americamotors-by/093f17f3-70cb-4db9-82c7-5ae9da62cfb7/amby-eb0c3b8c5c1e012ec1122d6f6a84756aGxeO8hvuSp.jpg
https://americamotorsby.ams3.digitaloceanspaces.com/americamotors-by/7a560741-dd0e-445c-bf68-f6a6ed553322/amby-d9d1a0fbc15920cf6946d8f39af5c3efREQoHJwKjf.jpg
https://americamotorsby.ams3.digitaloceanspaces.com/americamotors-by/d4ff72c3-6c45-4723-b04f-e1abdd5e2eab/amby-7580e3e7bb1e753b93e1c6a4aa5a1320QU6XFd0zxR.jpg
https://americamotorsby.ams3.digitaloceanspaces.com/americamotors-by/43a70d46-4a7b-44ff-aefc-7f5aace9c215/amby-74d8631af9f0183f2762441a56c4609dCr3Rv86ZJo.jpg"
"1770616855-31","https://americamotors.by/catalog/all/car?type_id=1&status%5B0%5D=all","https://americamotors.by/catalog/all/car?type_id=1&status%5B0%5D=all&page=14","https://americamotors.by/transport/audi/a3/719","Под заказ","2020 Audi A3 Premium","28 980р.","9 500$ / 8 550€","Audi","A3","VIN: WAUAUGFF8LA******","35061 км.","2 л","Автомат","Передний","Черный","Седан","https://americamotorsby.ams3.digitaloceanspaces.com/americamotors-by/873dbad0-3e8a-4f39-8907-7ba316587302/amby-caf2f5c233c44a1adcd1fbc74d3826d96cUEsa2qu9.JPG
https://americamotorsby.ams3.digitaloceanspaces.com/americamotors-by/ba825825-a26d-451b-b151-104bc36515cd/amby-e30e97b3dd76ba2bb258e412d2217be6CWSR5TrBQk.JPG
https://americamotorsby.ams3.digitaloceanspaces.com/americamotors-by/1c944e31-6990-4ba0-a2ee-0b75e9822515/amby-47a63c65bbd31e664148db602f71eb85HK85tUpSzW.jpg
https://americamotorsby.ams3.digitaloceanspaces.com/americamotors-by/bc6ad9e1-8d88-4e99-bf2a-d3dee2b9f620/amby-d0a9a57f598dea8c505b2ed08737c2a5yQwGDN8qVx.jpg
https://americamotorsby.ams3.digitaloceanspaces.com/americamotors-by/15e4642c-9241-4d57-800c-9fd94ed20cc9/amby-f88ec2f3ca42e631db130dfd49496a3dg2oOzmB6f8.JPG
https://americamotorsby.ams3.digitaloceanspaces.com/americamotors-by/07c17e5f-9bc3-4e45-9682-efa4047cacf1/amby-b9c9a48e79656ab4ac921b36de3838abJH3MFh4foA.JPG
https://americamotorsby.ams3.digitaloceanspaces.com/americamotors-by/15a4377f-e73a-4cd8-ac92-f5f4c62327b3/amby-29cdb5d55d5416e03c99bd07db3c1a3evgcTk0SIld.JPG
https://americamotorsby.ams3.digitaloceanspaces.com/americamotors-by/8842f34c-c26e-4ade-8dc8-905883977fe2/amby-8fe8241927aea1ddda86a5b258823315OVlEvDJRH8.JPG"
"1770616871-32","https://americamotors.by/catalog/all/car?type_id=1&status%5B0%5D=all","https://americamotors.by/catalog/all/car?type_id=1&status%5B0%5D=all&page=14","https://americamotors.by/transport/acura/mdx/720","Под заказ","2019 Acura MDX Technology","53 380р.","17 500$ / 15 750€","Acura","MDX","VIN: 5J8YD4H42KL******","30431 км.","3.5 л","Автомат","Полный","Cерый","Кроссовер","https://americamotorsby.ams3.digitaloceanspaces.com/americamotors-by/a0e6869d-030d-41b3-8c23-fc3dc974d7e5/amby-4ece9965b6c88268c06681046507b69eEQVG0glBWZ.JPG
https://americamotorsby.ams3.digitaloceanspaces.com/americamotors-by/ffbc4f36-256c-4890-9128-23e280e9fe9d/amby-391704a878f209ca97e7d6adb441010bxGaL2HYuIN.JPG
https://americamotorsby.ams3.digitaloceanspaces.com/americamotors-by/588f565f-38e1-416e-aa57-bba25528d2c8/amby-f66909b0d160a0816ae3f35848417844LrSET3WbOK.JPG
https://americamotorsby.ams3.digitaloceanspaces.com/americamotors-by/1d5b2a57-ec35-4e56-ba58-dd0ec8549141/amby-2240b3e18e6be7a3d9a7b489dd3bac26nqD5WFGzib.JPG
https://americamotorsby.ams3.digitaloceanspaces.com/americamotors-by/efef6fb5-2bb0-4b36-9d02-de397e09abab/amby-26254dcfc91df776e5a36f722432eeaf6CHS9Yt7b3.JPG
https://americamotorsby.ams3.digitaloceanspaces.com/americamotors-by/7b88400e-4369-4e71-8e11-06d55c923777/amby-e80a82d3df606737f395608053ca68d4MxwWruql5H.JPG
https://americamotorsby.ams3.digitaloceanspaces.com/americamotors-by/9877696e-1680-42b6-96d7-0118d067f302/amby-74d197f9a43a272ebc952faf9c79b7a6m7B2fGOJyc.JPG
https://americamotorsby.ams3.digitaloceanspaces.com/americamotors-by/2908e203-959f-425d-b146-13ff009cd159/amby-9d3c835011c94eee739a7cc3c734fcdaZCpxlHMAY9.JPG"
"1770616883-33","https://americamotors.by/catalog/all/car?type_id=1&status%5B0%5D=all","https://americamotors.by/catalog/all/car?type_id=1&status%5B0%5D=all&page=14","https://americamotors.by/transport/jeep/compass/721","Под заказ","2018 Jeep Compass Latitude","18 300р.","6 000$ / 5 400€","Jeep","Compass","VIN: 3C4NJDBB3JT******","53136 км.","2.4 л","Автомат","Полный","Красный","Внедорожник","https://americamotorsby.ams3.digitaloceanspaces.com/americamotors-by/953a3f75-7867-4f6f-9439-d087c96c5f52/amby-cc2d24b1e829e9f2662c4d7ff52ae862nucN4VmOJy.JPG
https://americamotorsby.ams3.digitaloceanspaces.com/americamotors-by/b830eef2-2bde-4452-ac50-4814d826c70b/amby-f57863ad0387db40a6a75e000b74cfb5UHeEncXjbB.JPG
https://americamotorsby.ams3.digitaloceanspaces.com/americamotors-by/260f9ad1-0516-43eb-a46f-60fa703bf858/amby-d50b0f32e35a7947b1d2bed6a1ce0122g1nBSqaAxc.JPG
https://americamotorsby.ams3.digitaloceanspaces.com/americamotors-by/90c50407-c0af-4b3a-9911-7329bc34fbb9/amby-793b7177596b1dc10d5a85e65e374f4dBeauGHRsT3.JPG
https://americamotorsby.ams3.digitaloceanspaces.com/americamotors-by/f16ad87f-d812-43d3-be94-2793451ec3be/amby-4e6120c0c28f1df389a58b2c699127b3yjIJKfwUH2.JPG
https://americamotorsby.ams3.digitaloceanspaces.com/americamotors-by/1a813557-5082-4ebb-b2eb-7a94eff49ef0/amby-984362f1cec548f068a37229c8986bf01gdFsRXOJ3.JPG
https://americamotorsby.ams3.digitaloceanspaces.com/americamotors-by/57a79296-0b2f-40d2-8052-00f65ca6854c/amby-ff8113a5556bc57b4ac8c05becfe15f1JcZaS5s6PM.JPG
https://americamotorsby.ams3.digitaloceanspaces.com/americamotors-by/38b582af-bd6c-43c7-ab1e-5362bd3e5b07/amby-684b6ab491ff59c78e5bd79cdabd7e58Zu5qrP6TD4.JPG"
"1770616897-34","https://americamotors.by/catalog/all/car?type_id=1&status%5B0%5D=all","https://americamotors.by/catalog/all/car?type_id=1&status%5B0%5D=all&page=14","https://americamotors.by/transport/audi/q7/722","Под заказ","2018 Audi Q7 Prestige","76 250р.","25 000$ / 22 500€","Audi","Q7","VIN: WA1VAAF76JD******","63397 км.","3 л","Автомат","Полный","Серебристый","Кроссовер","https://americamotorsby.ams3.digitaloceanspaces.com/americamotors-by/af5e89c0-84eb-4a0f-8165-aa8b2372bf1d/amby-aeb728985144cfecbfc91d9c1d69d515gLXYuo2Ola.jpg
https://americamotorsby.ams3.digitaloceanspaces.com/americamotors-by/c9b494b6-37dc-487b-a204-3cafa6048438/amby-7436ff05960bc574cb5b93a8511516166ze1cgrLtF.jpg
https://americamotorsby.ams3.digitaloceanspaces.com/americamotors-by/4bf62c80-5654-4381-9ec8-b621a3230678/amby-c45069db8c0a062171bc1f82a7ec045cMsKAhf6y8L.jpg
https://americamotorsby.ams3.digitaloceanspaces.com/americamotors-by/562e883e-9ef2-4b86-b6ba-f255afba9783/amby-f4c52840f3ad3101fd13f0abd5bb821bvdLepz4ZJ2.jpg
https://americamotorsby.ams3.digitaloceanspaces.com/americamotors-by/6d5967a2-35ca-4b79-a310-f37405514d79/amby-acef7cfc2e132a46d9d5a8ba4536aa2b84BE5riZYI.jpg
https://americamotorsby.ams3.digitaloceanspaces.com/americamotors-by/0d95169d-2736-4b75-bf15-29df545a4e4e/amby-9b166f8bb17bc7eee167c4b8df21e0d3eDRiyZhXHb.jpg
https://americamotorsby.ams3.digitaloceanspaces.com/americamotors-by/54e6097c-ba9b-4bbf-b2d3-57d2672ad629/amby-f1a62544b36bf6202a65367e38f2310a0dOsLE9kma.jpg
https://americamotorsby.ams3.digitaloceanspaces.com/americamotors-by/dc39d2f3-d823-47a3-9838-cd651afccb94/amby-0fbb43826d4234bfc8b67c7ec69de6cfLBbPRlOCNh.jpg
https://americamotorsby.ams3.digitaloceanspaces.com/americamotors-by/a34944b6-d00c-4877-a597-74fc16123a46/amby-57b9f5bbd722c5af5f7925a567451b578ZdI3wL97m.jpg"
"1770616908-35","https://americamotors.by/catalog/all/car?type_id=1&status%5B0%5D=all","https://americamotors.by/catalog/all/car?type_id=1&status%5B0%5D=all&page=14","https://americamotors.by/transport/hyundai/tucson/723","Под заказ","2018 Hyundai Tucson SEL","25 930р.","8 500$ / 7 650€","Hyundai","Tucson","VIN: KM8J33A42JU******","47989 км.","2 л","Автомат","Передний","Cерый","Кроссовер","https://americamotorsby.ams3.digitaloceanspaces.com/americamotors-by/d333bba8-2ea5-4beb-a439-8c4c8bb00be1/amby-d7bc625d4dbcc1afed227c03e90424c3cmQS9r1Hx5.JPG
https://americamotorsby.ams3.digitaloceanspaces.com/americamotors-by/ce465890-38b4-425f-bfb9-231627fff838/amby-52500286f49b39552f7e0e36dd511415Cq8g2RZwFo.JPG
https://americamotorsby.ams3.digitaloceanspaces.com/americamotors-by/b4f2561b-65a9-4c82-9152-8c55e2acd554/amby-3c87ed496194fe8b08e0cbba0420ed62B87IZhSUWw.JPG
https://americamotorsby.ams3.digitaloceanspaces.com/americamotors-by/f5f9f5a6-2c77-4758-9438-4d8f0adf69cb/amby-eca500dc26ddee7dfd674bf498cbe49fcs8nXgbHNi.JPG
https://americamotorsby.ams3.digitaloceanspaces.com/americamotors-by/bdd7ac11-e773-4541-8615-6c9ddcb5c82f/amby-64c4b8c659f1e352be95352ab58d220cVScjm7GRBC.JPG
https://americamotorsby.ams3.digitaloceanspaces.com/americamotors-by/72538134-2601-4869-bb0b-593d2f148f52/amby-929eeef7ff71ba947492e8d31672fd436TIpqGe2g3.JPG
https://americamotorsby.ams3.digitaloceanspaces.com/americamotors-by/5fd3caa6-e0a7-43fd-8a27-7716c1915356/amby-54a352b0e4c95db87825293c42659da5kNIUzcA8BQ.JPG
https://americamotorsby.ams3.digitaloceanspaces.com/americamotors-by/1022e7f3-d705-4767-ba8a-bb710d82db4a/amby-83ae8227c3c3063a95298aed3019992aIVhev49JyT.JPG"
"1770616916-36","https://americamotors.by/catalog/all/car?type_id=1&status%5B0%5D=all","https://americamotors.by/catalog/all/car?type_id=1&status%5B0%5D=all&page=14","https://americamotors.by/transport/volvo/xc60/724","Под заказ","2019 Volvo XC60 T5 Momentum","66 490р.","21 800$ / 19 620€","Volvo","XC60","VIN: LYV102DK6KB******","69456 км.","2 л","Автомат","Передний","Белый","Кроссовер","https://americamotorsby.ams3.digitaloceanspaces.com/americamotors-by/65573362-5fe9-4152-a9c8-d2645aa2e0bc/amby-689d571d835c09e7dd109fc435d6c2268PQ52RcFe0.jpg
https://americamotorsby.ams3.digitaloceanspaces.com/americamotors-by/2ce12bec-1009-46f9-8a1e-6b9d3e7296cb/amby-79710959f7a96d80a84cf6aaa73c49877jJOrfZnMY.jpg
https://americamotorsby.ams3.digitaloceanspaces.com/americamotors-by/2378f876-dd27-497a-bfc4-eee19dbb2d5e/amby-56c66cdf6883ef166b28eba44c6e5044FOKWceD7dQ.jpg
https://americamotorsby.ams3.digitaloceanspaces.com/americamotors-by/423c57bc-9153-4e79-a494-0685de71bac5/amby-87f0047c7149688106343907e8d75abavzOuTnERLj.jpg
https://americamotorsby.ams3.digitaloceanspaces.com/americamotors-by/a17d7806-3cc2-491e-8e3e-c17906c40aed/amby-5bd5dc662199bbccfaac09d041b78ce9d14vYk6z0N.jpg
https://americamotorsby.ams3.digitaloceanspaces.com/americamotors-by/10ca2465-dc41-450f-8e8b-b39f42c4ec98/amby-a074d3ad562f8753a758b5d0335e8bd5iDNSTKkudb.jpg
https://americamotorsby.ams3.digitaloceanspaces.com/americamotors-by/da72ebee-0f02-4690-bbe8-f8a0ef8ee767/amby-6cd839b1084d95de15f68f094aaf7733M2x4cHTAGX.jpg
https://americamotorsby.ams3.digitaloceanspaces.com/americamotors-by/1eb9f8b7-c120-4cfe-83ad-9623505b91ff/amby-a4b929e09b1e12601fab5a785f407725BEAKmRtTnL.jpg
https://americamotorsby.ams3.digitaloceanspaces.com/americamotors-by/e999180d-867e-4b9b-a53d-91f05e243b97/amby-78f96691fbc809c5a63ec77850949a54SqucNZ6RwG.jpg"
"1770616930-37","https://americamotors.by/catalog/all/car?type_id=1&status%5B0%5D=all","https://americamotors.by/catalog/all/car?type_id=1&status%5B0%5D=all&page=14","https://americamotors.by/transport/acura/rdx/725","Под заказ","2021 Acura RDX A-Spec","76 250р.","25 000$ / 22 500€","Acura","RDX","VIN: 5J8TC1H66ML******","14386 км.","2 л","Автомат","Передний","Синий","Кроссовер","https://americamotorsby.ams3.digitaloceanspaces.com/americamotors-by/1c0b750f-eff1-48c6-b69f-0681598ce0c5/amby-2455f4e390475ca638a0d94c3ebfbad18LWgVIsBYE.jpg
https://americamotorsby.ams3.digitaloceanspaces.com/americamotors-by/ae4f2049-647c-4055-b353-eedcb5cfb25d/amby-111dedf718c92e2ead153c36e9d10180Vhf1wC9bHL.jpg
https://americamotorsby.ams3.digitaloceanspaces.com/americamotors-by/716f6ecc-7274-494f-afac-0a2aadb92407/amby-3cab0b484282275f8672a39675229593NuJsrnFvay.jpg
https://americamotorsby.ams3.digitaloceanspaces.com/americamotors-by/6f6ea060-ba6f-4306-adf8-a9cfb6168e86/amby-af3005e327dd3ca3f508a66e29dd8ec0d7onRCPJc8.jpg
https://americamotorsby.ams3.digitaloceanspaces.com/americamotors-by/2e37782f-9759-4a29-b754-7bb7ded26e82/amby-18ebcb35845ee9db241df864c7479871DxtSZ8pYz9.jpg
https://americamotorsby.ams3.digitaloceanspaces.com/americamotors-by/9dc470e3-05fe-4dc7-bdda-c523dbc70cd1/amby-eec3604234b76571342e0bbbace0d0c7qE8cQMOgh2.jpg
https://americamotorsby.ams3.digitaloceanspaces.com/americamotors-by/c5a2bb73-c241-4ff8-b8a1-d9f77c8b6e3f/amby-fc8e237fdee5a874ea44a2755ba54199hXcwlq0oGE.jpg
https://americamotorsby.ams3.digitaloceanspaces.com/americamotors-by/0a581958-d5a9-47e5-9bf1-5a945c6496ba/amby-f6908cd5c39ec7cd18213d3df5f23155RBcsDpMiIg.jpg"
"1770616952-38","https://americamotors.by/catalog/all/car?type_id=1&status%5B0%5D=all","https://americamotors.by/catalog/all/car?type_id=1&status%5B0%5D=all&page=14","https://americamotors.by/transport/nissan/rogue/726","Под заказ","2020 Nissan Rogue Sport S","32 640р.","10 700$ / 9 630€","Nissan","Rogue","VIN: JN1BJ1CV7LW******","11228 км.","2 л","Вариатор","Передний","Белый","Кроссовер","https://americamotorsby.ams3.digitaloceanspaces.com/americamotors-by/7059928f-f4c6-4646-bc72-f3e2ba20afad/amby-3f545aab42dda78b9907e6ab47dee4acRN748hMOmD.jpg
https://americamotorsby.ams3.digitaloceanspaces.com/americamotors-by/60757378-3851-4f7d-8596-dad1ce971e4c/amby-2e769acff923723871c639ec64eef630oE9CVpR3Fy.jpg
https://americamotorsby.ams3.digitaloceanspaces.com/americamotors-by/03949209-81d3-4a35-a9b5-21daf55e7627/amby-d984b2f6780e5f494d0003ecde70239dDrmhqzfBWX.jpg
https://americamotorsby.ams3.digitaloceanspaces.com/americamotors-by/d449d968-f34c-47ed-aa58-3a3bf0895072/amby-9d1377bc8bc70c118cf90735b99ea44c9UkQyzHJGc.jpg
https://americamotorsby.ams3.digitaloceanspaces.com/americamotors-by/bffd42a5-10da-4eda-b8c0-2f43433e293f/amby-148454cf726085113cb65cff1337bdd4Ib75H4wFWB.jpg
https://americamotorsby.ams3.digitaloceanspaces.com/americamotors-by/81e872e1-748c-45e1-8abc-a9c243bfc233/amby-641f94c6871fdd07763669cb712b12b7zFKWOfNcvh.jpg
https://americamotorsby.ams3.digitaloceanspaces.com/americamotors-by/a4107386-397e-4f41-a419-384ffa46041c/amby-a4a2c851a1fd9fb0fb4ee76d3e1cc693FoXc2D0A7J.jpg
https://americamotorsby.ams3.digitaloceanspaces.com/americamotors-by/9c26a1ee-2510-48f8-a3b4-92da13294939/amby-6528476ded79cb31c928075d203841d8lCpkdDTrFV.jpg"
"1770616984-39","https://americamotors.by/catalog/all/car?type_id=1&status%5B0%5D=all","https://americamotors.by/catalog/all/car?type_id=1&status%5B0%5D=all&page=14","https://americamotors.by/transport/mercedes-benz/a220/727","Под заказ","2021 Mercedes-Benz A220 4Matic","57 950р.","19 000$ / 17 100€","Mercedes-Benz","A220","VIN: W1K3G4FB0MJ******","18715 км.","2 л","Автомат","Полный","Белый","Седан","https://americamotorsby.ams3.digitaloceanspaces.com/americamotors-by/8cf91813-b989-46b4-a423-005c8740cad3/amby-6b36f63bcee4be6b4affe2a68cdce073L3qX5tIBsS.jpg
https://americamotorsby.ams3.digitaloceanspaces.com/americamotors-by/296ba380-f32d-46de-a465-b53b329f54ea/amby-77c2cfc71a3bc3717343c40f537f272fOMqbENXGvW.jpg
https://americamotorsby.ams3.digitaloceanspaces.com/americamotors-by/f7a41635-416b-45d3-9485-598c9bde90ec/amby-3b492f0b9d656b17d0e88925ada5b0d5TFmyZWM7ND.jpg
https://americamotorsby.ams3.digitaloceanspaces.com/americamotors-by/4b201a11-bad1-4ba0-b2d5-51380a618a29/amby-3820607e8a7947bbb920ea0b179fd817k7A6FsubJR.jpg
https://americamotorsby.ams3.digitaloceanspaces.com/americamotors-by/f8203c6b-8a20-44fe-879e-5d683150aa26/amby-8f576b48c1404c41c55cfc3696ad4ab7wjFiUDVIyk.jpg
https://americamotorsby.ams3.digitaloceanspaces.com/americamotors-by/62a7a4e2-1732-4973-ac63-5cd53df483e7/amby-50fbac6e06047247953ea079854a65ad03blG7cXYI.jpg
https://americamotorsby.ams3.digitaloceanspaces.com/americamotors-by/79fd171e-d9fc-46f3-93d1-55c203ec9ae1/amby-f35fdd8e318c6c6c116b1b24f2edf7dcOYlo7E8v4i.jpg
https://americamotorsby.ams3.digitaloceanspaces.com/americamotors-by/321e1696-7c26-40b6-8a96-1f61237bcc97/amby-0d9e4f956604e9d9fe5e47a8a9e3e908hxK5k1DoTw.jpg"
"1770617016-40","https://americamotors.by/catalog/all/car?type_id=1&status%5B0%5D=all","https://americamotors.by/catalog/all/car?type_id=1&status%5B0%5D=all&page=13","https://americamotors.by/transport/cadillac/xt5/728","Под заказ","2021 Cadillac XT5 Luxury","50 020р.","16 400$ / 14 760€","Cadillac","XT5","VIN: 1GYKNAR49MZ******","18902 км.","2 л","Автомат","Передний","Черный","Кроссовер","https://americamotorsby.ams3.digitaloceanspaces.com/americamotors-by/70a81c2b-338a-44c0-9dd6-69b19951e2c4/amby-f3ccdd27d2000e3f9255a7e3e2c488002oZaeSgIqF.jpg
https://americamotorsby.ams3.digitaloceanspaces.com/americamotors-by/a2438cd5-7f6b-4820-8520-d6f9374482d2/amby-156005c5baf40ff51a327f1c34f2975bscyvjPw6D5.jpg
https://americamotorsby.ams3.digitaloceanspaces.com/americamotors-by/d7154c3b-6a9d-4553-809c-b07f5368d812/amby-799bad5a3b514f096e69bbc4a7896cd9GKpJhT7l0z.jpg
https://americamotorsby.ams3.digitaloceanspaces.com/americamotors-by/9227aaca-1e5f-4ede-9368-e90766adec6a/amby-032b2cc936860b03048302d991c3498fYXrRHlNM2t.jpg
https://americamotorsby.ams3.digitaloceanspaces.com/americamotors-by/44f88500-0637-46f6-83c5-abaa68ac0792/amby-d0096ec6c83575373e3a21d129ff8fef2yv1TABLFo.jpg
https://americamotorsby.ams3.digitaloceanspaces.com/americamotors-by/8631b80e-6fc0-4ec4-b95b-f3ac5d85cf43/amby-18e2999891374a475d0687ca9f989d83rIlPEDiB5J.jpg
https://americamotorsby.ams3.digitaloceanspaces.com/americamotors-by/68d8ff3e-b258-4e2b-896d-895d3e784d94/amby-fe5df232cafa4c4e0f1a0294418e5660tTWmlISF5A.jpg
https://americamotorsby.ams3.digitaloceanspaces.com/americamotors-by/dbd52698-a781-4941-a8cd-4825aa16501d/amby-8cda81fc7ad906927144235dda5fdf15q3y1CfpXkP.jpg"
"1770617023-41","https://americamotors.by/catalog/all/car?type_id=1&status%5B0%5D=all","https://americamotors.by/catalog/all/car?type_id=1&status%5B0%5D=all&page=13","https://americamotors.by/transport/honda/accord/729","Под заказ","2021 Honda Accord Sport SE","47 890р.","15 700$ / 14 130€","Honda","Accord","VIN: 1HGCV1F44MA******","12664 км.","1.5 л","Вариатор","Передний","Красный","Седан","https://americamotorsby.ams3.digitaloceanspaces.com/americamotors-by/dc4b1538-9ad2-498a-9380-29a3cce9f39a/amby-b6c9d7de4fc10904b772f03251d2c86dhqy4mc8A0K.jpg
https://americamotorsby.ams3.digitaloceanspaces.com/americamotors-by/0259166c-537c-49c1-b6ce-c45d095d6e6c/amby-f0de333ece63abf8afe4361e16fe95dfH249A1RDwS.jpg
https://americamotorsby.ams3.digitaloceanspaces.com/americamotors-by/be414a28-3138-4a67-8f7c-688b93d9b82f/amby-16d5cc14d6dd0e159c0b2b8d9e8ad45dzx1upZ7MKm.jpg
https://americamotorsby.ams3.digitaloceanspaces.com/americamotors-by/797a8972-30cf-41a9-b562-eb48a3ff3e37/amby-b8167bae9d701efb695d11809affe843DQv7z30GeT.jpg
https://americamotorsby.ams3.digitaloceanspaces.com/americamotors-by/880ffa56-d0da-4b4f-8c79-164e615b0e35/amby-212f6de93921b150ab0d704374742d94LJsvMDbfa4.jpg
https://americamotorsby.ams3.digitaloceanspaces.com/americamotors-by/3caaa74a-73f0-454a-9cea-1063ad1b045e/amby-5d547532c4c293ea3a272e09841c5a25zubnvwAlmP.jpg
https://americamotorsby.ams3.digitaloceanspaces.com/americamotors-by/c4734e1a-b895-4abf-af76-a4778bbb39d8/amby-c97bf58429c478c09f1f4069e0c2f2e73U2gt6Kcya.jpg
https://americamotorsby.ams3.digitaloceanspaces.com/americamotors-by/a76908fc-da0f-4c88-9d5c-6af9983ae738/amby-40ff7a7e9958de9cdff9317454c83b99ETWOvURrKg.jpg"
"1770617047-42","https://americamotors.by/catalog/all/car?type_id=1&status%5B0%5D=all","https://americamotors.by/catalog/all/car?type_id=1&status%5B0%5D=all&page=13","https://americamotors.by/transport/hongqi/h9/756","Под заказ","2022 HONGQI H9","195 200р.","64 000$ / 57 600€","HONGQI","H9","VIN: ******","1 км.","3 л","Робот","Полный","Фиолетовый","Седан","https://americamotorsby.ams3.digitaloceanspaces.com/americamotors-by/51017fc5-2bc9-45ba-a029-7e7c5693c3db/amby-f4f59de104e20909103231c0ff3c65d6GMqEFhCBSj.jpg
https://americamotorsby.ams3.digitaloceanspaces.com/americamotors-by/92f2a39d-5e91-467f-baf0-53950a36bfba/amby-da3c1298caee2e566eb80c9a6e7de40aLIovW7N3bQ.jpg
https://americamotorsby.ams3.digitaloceanspaces.com/americamotors-by/804607b2-abec-4f42-ac88-b0183e0724d9/amby-7637aebd9e7a2a29b9f9e4f2e4c97af7Nn1ERqk0Zp.jpg
https://americamotorsby.ams3.digitaloceanspaces.com/americamotors-by/85cf284f-e8a0-479b-a8f9-137932efb2cb/amby-ce20f63f8434b0f9d27cf7809196aff28S1vTg3oC0.jpg
https://americamotorsby.ams3.digitaloceanspaces.com/americamotors-by/0e7aff26-2c93-462b-942e-2a5f552501dd/amby-9ded08ff6d71175675bc4b3377daddacqLnf6IGYlu.jpg
https://americamotorsby.ams3.digitaloceanspaces.com/americamotors-by/e7b3e22f-1a99-45a8-b064-4237f8204b64/amby-d3bbf8b72fe68f0f52825eea838a2ee6zHey9rQTVI.jpg
https://americamotorsby.ams3.digitaloceanspaces.com/americamotors-by/2eafd244-cbfc-4447-b3c7-ca6acea23b0c/amby-3ab3b6b82c1dd72d8843aca1d9afe5e0aMGBW3ct41.jpg
https://americamotorsby.ams3.digitaloceanspaces.com/americamotors-by/3e656c5a-ec05-4827-b162-3b5c28c58d05/amby-c5c64a8792c5c494e8896b62987e0cd0QOGrXDy1fp.jpg
https://americamotorsby.ams3.digitaloceanspaces.com/americamotors-by/29484e62-6a22-4767-96b6-ec403d3707f5/amby-93a4ce64e660453fc72bde21269a6e62RKG4Wextbz.jpg
https://americamotorsby.ams3.digitaloceanspaces.com/americamotors-by/98644518-affb-44d3-978a-cb0957b9461b/amby-2f3b71e0bd7b11d30ba6e0d558128d51T7D3UlB4PC.jpg
https://americamotorsby.ams3.digitaloceanspaces.com/americamotors-by/79ab6200-00a3-4696-ae7c-ab638e9ac0f5/amby-cab340092130fffc48835b6072f883036m5PpQuqCh.jpg
https://americamotorsby.ams3.digitaloceanspaces.com/americamotors-by/a7c42fbe-bf9e-4f67-81af-fc81564f190b/amby-331e7b803b0c050bdd8a0223e5f1da4clwipDU1oL9.jpg
https://americamotorsby.ams3.digitaloceanspaces.com/americamotors-by/bcbd36e7-6425-4658-bf92-4a05c7225fff/amby-03996fbd22607534ce766605290aa297nGiJ4rFD7A.jpg
https://americamotorsby.ams3.digitaloceanspaces.com/americamotors-by/7fa3e308-0920-4761-85c2-c2bd0528f8a3/amby-28c42a3824a514ef6d57b897b9f81402Afh9T6nDY8.jpg
https://americamotorsby.ams3.digitaloceanspaces.com/americamotors-by/3dffacee-ffa2-4add-9d3a-1a448838b501/amby-168883f422bd561b76d2cfe6b94f535ffiszuF6gkq.jpg
https://americamotorsby.ams3.digitaloceanspaces.com/americamotors-by/21776c60-59a3-4b97-b598-21ede2deda12/amby-82dd3a38b0fd8bb2a7b81d4e4693ecd0Shcpt6fauU.jpg
https://americamotorsby.ams3.digitaloceanspaces.com/americamotors-by/b8270d59-5a7f-4771-bfcb-8319c63f805a/amby-a09c4971a04a64eb355816da17176a40DwF4smIRkt.jpg
https://americamotorsby.ams3.digitaloceanspaces.com/americamotors-by/77f8512b-3769-49ce-86e0-b69eb6b25064/amby-d7f7681a0cf01872ef3a2ae186a6b7c0I9fJaB1onj.jpg
https://americamotorsby.ams3.digitaloceanspaces.com/americamotors-by/a69ae089-af47-426b-a067-0753255e1b11/amby-509b6456be00064217f7400cf87d2742utDsTGxiyr.jpg
https://americamotorsby.ams3.digitaloceanspaces.com/americamotors-by/e3a6afe7-7cba-4de9-89fd-1dee3025ecb5/amby-55990a3eaae3cf9207c36ae25ff2b617JcFIuhq6gT.jpg"
"1770617065-43","https://americamotors.by/catalog/all/car?type_id=1&status%5B0%5D=all","https://americamotors.by/catalog/all/car?type_id=1&status%5B0%5D=all&page=13","https://americamotors.by/transport/toyota/sienna/779","Под заказ","2018 Toyota Sienna XLE","115 900р.","38 000$ / 34 200€","Toyota","Sienna","VIN: 5TDYZ3DC0JS******","74341 км.","3.5 л","Автомат","Передний","Cерый","Минивен","https://americamotorsby.ams3.digitaloceanspaces.com/americamotors-by/e25c05af-2bb9-4d10-82b8-97ccbd98389e/amby-f102f135ad430a37b07e26570f43686eS17O9xqoNY.jpg
https://americamotorsby.ams3.digitaloceanspaces.com/americamotors-by/2e1af10c-a328-45b6-a013-34f80a8abf5c/amby-83b5009e040969ee7b60362ad7426573Xj1wYT2H4V.jpeg
https://americamotorsby.ams3.digitaloceanspaces.com/americamotors-by/94e4e1d8-8d13-489f-a56e-953612f20cb9/amby-673b0905d610604f255d73745677615f7HUiXe6cqD.jpg
https://americamotorsby.ams3.digitaloceanspaces.com/americamotors-by/3842b099-9c52-4d7a-ba99-dfb07f8ea59c/amby-6d3f3b8488dc1c70e9c8a4664950cbe8iK3McYCXz9.jpg
https://americamotorsby.ams3.digitaloceanspaces.com/americamotors-by/95225c4a-af67-4fc8-b767-5a152f6cbfad/amby-7de8373d4242b45ff02e788f7d3b0a61s5ITzKNwPa.jpg
https://americamotorsby.ams3.digitaloceanspaces.com/americamotors-by/1e423e27-07de-4258-894f-cc2aea62bebb/amby-87bff35d2c7d11176a000a186c4a077fTQlULd7qv6.jpg
https://americamotorsby.ams3.digitaloceanspaces.com/americamotors-by/b127b6d0-0e0d-45e1-bb63-ffc4dda237eb/amby-9e09e23d84c6336659ccded6971b9ac72KTfzoCej9.jpg
https://americamotorsby.ams3.digitaloceanspaces.com/americamotors-by/489e0149-bcc7-4abc-a597-8803a747b37d/amby-3497540907f56bf54f6a6da02f6624700PsgxiObGC.jpg
https://americamotorsby.ams3.digitaloceanspaces.com/americamotors-by/7152cb82-8697-416b-9de9-0fd86254a44f/amby-b63fbb54528eeed8a1ff44ab02ebb5dekOj9IQgwqh.jpg
https://americamotorsby.ams3.digitaloceanspaces.com/americamotors-by/5011ef37-b882-453d-a582-49d37d736b98/amby-3aefe562f70698ebe6ff505e256e6bb7YbLwyXkhdU.jpg
https://americamotorsby.ams3.digitaloceanspaces.com/americamotors-by/1ef202a1-1c92-4baa-ad3c-f30bc1e3ec26/amby-029b09cf7867ebe2e4afcbe2801a334a41iZwMaLj6.jpg"
"1770617074-44","https://americamotors.by/catalog/all/car?type_id=1&status%5B0%5D=all","https://americamotors.by/catalog/all/car?type_id=1&status%5B0%5D=all&page=13","https://americamotors.by/transport/kia/seltos/791","Под заказ","2020 Kia Seltos LX","47 280р.","15 500$ / 13 950€","Kia","Seltos","VIN: KNDEPCAA1M7******","8648 миль.","2 л","Автомат","Полный","Белый","Не указан","https://americamotorsby.ams3.digitaloceanspaces.com/americamotors-by/c5e80555-6c58-49ad-9a20-0949251b21df/amby-410117b569ddac7f1f8ca959b8a46545GbvUsjqpdS.JPG
https://americamotorsby.ams3.digitaloceanspaces.com/americamotors-by/8bd17a4d-9e9f-4874-9f9b-897a854f0972/amby-079cd42ab6240e89c52ba155e6c0733csrVZeWciMC.JPG
https://americamotorsby.ams3.digitaloceanspaces.com/americamotors-by/0340dc81-ee31-4d0c-853e-3a3ea4feb798/amby-d9de7d8ddf645fa5a66152c451c404efYm9LpKnQJM.JPG
https://americamotorsby.ams3.digitaloceanspaces.com/americamotors-by/d3f55a32-8875-4766-b196-13775d8d51a6/amby-642cdc8997704c05eb433365d7ff0b6f2yegDNW08F.JPG
https://americamotorsby.ams3.digitaloceanspaces.com/americamotors-by/53cfb6d3-f8e7-4a32-a33e-76d608931681/amby-6007d9daebb1f58c1965dfa65b87a760zB1daLUAVb.JPG
https://americamotorsby.ams3.digitaloceanspaces.com/americamotors-by/2f53c38c-4dde-43b1-86a7-8f58b08e9717/amby-83b73cc2c5ad4d3046c59b13437bc08dXLzuFVxrB0.JPG
https://americamotorsby.ams3.digitaloceanspaces.com/americamotors-by/59c66a84-aa49-4c74-a0e3-4a552f172cc9/amby-2142ce9e36e8739f62352de7a2c1d1edK7mxVv8pUt.JPG
https://americamotorsby.ams3.digitaloceanspaces.com/americamotors-by/d4285e8a-79fa-48c4-8ba1-1bd01abfdc0f/amby-ff5b0225338e75e14491cb87fdc40ff6O07JC1LBls.JPG
https://americamotorsby.ams3.digitaloceanspaces.com/americamotors-by/8852d81e-5d9f-49a8-937d-bb8f70fd5d18/amby-a766769d5d4e64bdf89ce94374a726ffT5N60HMFlf.JPG
https://americamotorsby.ams3.digitaloceanspaces.com/americamotors-by/d22970ca-8dd8-4b17-8c1c-03ff4938148b/amby-f6a6aeb77a204ddb653f276bc1ef27ca4yA3Fkc8XE.JPG"
"1770617095-45","https://americamotors.by/catalog/all/car?type_id=1&status%5B0%5D=all","https://americamotors.by/catalog/all/car?type_id=1&status%5B0%5D=all&page=13","https://americamotors.by/transport/lexus/lx600/799","Под заказ","2022 Lexus LX600","579 500р.","190 000$ / 171 000€","Lexus","LX600","VIN: ******","10 км.","3.5 л","Автомат","Полный","Белый","Внедорожник","https://americamotorsby.ams3.digitaloceanspaces.com/americamotors-by/e1b7f4b0-4ee0-4d45-b276-f1a434ea9adc/amby-12b950095c000d50b32fa7806227d6b8yIPq5onv3X.PNG
https://americamotorsby.ams3.digitaloceanspaces.com/americamotors-by/cc4100e5-362d-4c37-8716-4bde69fa5dd7/amby-fbd98d2decd620a2247d51558a464dbfWMDtqf0zEL.PNG
https://americamotorsby.ams3.digitaloceanspaces.com/americamotors-by/ebb24798-40e6-4be1-b358-969114e1806f/amby-8e3bc98a925fb8ee7cc8250a4c1d95d0F0ycje8lWm.PNG
https://americamotorsby.ams3.digitaloceanspaces.com/americamotors-by/817fe0e3-34f2-4b66-88ee-a9431e3fd8d2/amby-1935633916ae20c90c093b0d4b6e3369WGvY7B9nx8.PNG
https://americamotorsby.ams3.digitaloceanspaces.com/americamotors-by/8fa2e043-93be-42ed-b90a-a87e81312ab7/amby-435c7c5c257161c32673cc5997307f5fXxvmiINBfV.PNG
https://americamotorsby.ams3.digitaloceanspaces.com/americamotors-by/a710f3b2-d3bb-4278-8bc2-567767702409/amby-2e661ff6d03632da29d068496bd3ca28V1pZe78Ugj.PNG
https://americamotorsby.ams3.digitaloceanspaces.com/americamotors-by/21d7b5fd-7b50-4b0d-a38c-4274bf111451/amby-ded13e767bac7e178f1dca74e9c6cc3cwDYAnr8KuJ.PNG
https://americamotorsby.ams3.digitaloceanspaces.com/americamotors-by/927de92e-275f-4a28-9dfe-ab194248b29d/amby-21e935288910a83abe5e06c66a604727RiT98fMNv2.PNG
https://americamotorsby.ams3.digitaloceanspaces.com/americamotors-by/0ef4e2fa-6021-4933-a865-456ab8d36deb/amby-cf7ef39a61a8e6ea26b9dea4c0b5b37aUJHrREO4gM.PNG
https://americamotorsby.ams3.digitaloceanspaces.com/americamotors-by/bbd12f47-aa10-469f-b079-119558edbd00/amby-f41fbcdecd6d1b74e543929a0a80992a0BmRp37eiE.PNG
https://americamotorsby.ams3.digitaloceanspaces.com/americamotors-by/273e7fef-a65d-4bba-ae55-83f6dba3fc42/amby-1d68b216c2e8ec33f4d90f7b41a76f84cI1ZGSQxfi.PNG
https://americamotorsby.ams3.digitaloceanspaces.com/americamotors-by/eeb2920e-62ad-45a5-92a6-79ae77ba296b/amby-91d738cee95630438926d2fb966ed65a5UGN2yR1wo.PNG
https://americamotorsby.ams3.digitaloceanspaces.com/americamotors-by/76be9218-d1fc-4d0a-88af-d2fbc6089f02/amby-6ac828d66d347b2b69c9095b7485c674N5uiPBIxdY.PNG
https://americamotorsby.ams3.digitaloceanspaces.com/americamotors-by/73c8bacc-253a-419e-a8b4-9479f774b8b8/amby-bc8d8f6a8d4aaa0e0dbe6cc6783224630jfodMzihn.PNG
https://americamotorsby.ams3.digitaloceanspaces.com/americamotors-by/cc15a1e5-eeec-443a-b030-03f3a717b90a/amby-fd3eb56391733d2ef8dc6523098329e4MOkjy9rdUp.PNG
https://americamotorsby.ams3.digitaloceanspaces.com/americamotors-by/76c711d9-3cb8-45c2-97ad-1cfbbd2a93da/amby-e0d10b2df3558b34acf39b0a9b9b375cprJMH9gdPU.PNG
https://americamotorsby.ams3.digitaloceanspaces.com/americamotors-by/93acde9e-008d-4ddd-b23b-b7c014cd0813/amby-41a20e537308aed28051f8d9ed791ad1ntvB25LJie.PNG"
"1770617106-46","https://americamotors.by/catalog/all/car?type_id=1&status%5B0%5D=all","https://americamotors.by/catalog/all/car?type_id=1&status%5B0%5D=all&page=13","https://americamotors.by/transport/kia/sorento/800","Под заказ","2018 Kia Sorento","92 720р.","30 400$ / 27 360€","Kia","Sorento","VIN: ******","84850 км.","2.2 л","Автомат","Полный","Cерый","Не указан","https://americamotorsby.ams3.digitaloceanspaces.com/americamotors-by/f161dce0-0fb2-420e-a4bb-df75f73935e1/amby-3208198712430cea500d4033a897e29dJPY86AFHoU.jpg
https://americamotorsby.ams3.digitaloceanspaces.com/americamotors-by/2939bb65-5d52-4f98-9fe4-a0d9df38b1df/amby-3208198712430cea500d4033a897e29dqfjzHwXCgA.jpg
https://americamotorsby.ams3.digitaloceanspaces.com/americamotors-by/547d0676-e653-43e2-a5f4-37a96560d4e4/amby-9e1febb525132bd2009d20a6bd3fb53aTJHiEUvSdV.jpg"
"1770617117-47","https://americamotors.by/catalog/all/car?type_id=1&status%5B0%5D=all","https://americamotors.by/catalog/all/car?type_id=1&status%5B0%5D=all&page=13","https://americamotors.by/transport/audi/a4/801","Под заказ","2019 Audi A4 TDI S line","66 490р.","21 800$ / 19 620€","Audi","A4","VIN: ******","127450 км.","2 л","Автомат","Не указан","Белый","Седан","https://americamotorsby.ams3.digitaloceanspaces.com/americamotors-by/c1999e06-58ec-441a-a7c9-ea3d41f58c07/amby-9434cdce6db6b4f12abf0ef2a673bbeczKQbwShpXa.jpg
https://americamotorsby.ams3.digitaloceanspaces.com/americamotors-by/fde4277d-0c02-4dd8-8d89-81d9754aad49/amby-9434cdce6db6b4f12abf0ef2a673bbecCxRcF2oAXu.jpg
https://americamotorsby.ams3.digitaloceanspaces.com/americamotors-by/0b8af39b-ee66-427c-b45c-1faa0ba0a52d/amby-6a0b337f21c6596df34d516fffb0debagUlQKkGFxj.jpg"
"1770617129-48","https://americamotors.by/catalog/all/car?type_id=1&status%5B0%5D=all","https://americamotors.by/catalog/all/car?type_id=1&status%5B0%5D=all&page=13","https://americamotors.by/transport/ford/escape/802","Под заказ","2021 Ford Escape SE","26 840р.","8 800$ / 7 920€","Ford","Escape","VIN: ******","13323 миль.","1.5 л","Автомат","Передний","Белый","Кроссовер","https://americamotorsby.ams3.digitaloceanspaces.com/americamotors-by/112c2ae8-74e4-4dd6-b79a-8efcbd5bb892/amby-b0fdfeed8c81ca90a153db79deb567bauResZoIQpT.jpg
https://americamotorsby.ams3.digitaloceanspaces.com/americamotors-by/b9e194ed-8d61-4b16-9d68-662006805c33/amby-3c7761bc581448024794ebe7723bc676INARtcB2bM.jpg
https://americamotorsby.ams3.digitaloceanspaces.com/americamotors-by/8dca96c1-f6f9-46db-87a5-b83d5b79e169/amby-9eb6de3a06cce9da6fbaff919733f904xsZ3BUa5Qq.jpg
https://americamotorsby.ams3.digitaloceanspaces.com/americamotors-by/c5a4b5d3-073e-4660-a67f-c10c7663ea28/amby-bdafdc47c54db6531da0d94e050c9cabvp5Oc3I6Hs.jpg
https://americamotorsby.ams3.digitaloceanspaces.com/americamotors-by/bfc319b0-a2d0-40a5-bc6f-6f2eab4cdf91/amby-22c75e8369ea9dd95c2f26e986939b6amkCv4Y309H.jpg
https://americamotorsby.ams3.digitaloceanspaces.com/americamotors-by/ff810733-f503-47eb-a159-7789a36d7b83/amby-48086824cd31c776f9b82a5a039b100bu82ZJ3eCFU.jpg
https://americamotorsby.ams3.digitaloceanspaces.com/americamotors-by/72fc34b7-5ddd-4faa-81c5-cdfe9573dc33/amby-9834a859b4c231ca27d6696b4c5091e3ABLdh1QRuG.jpg
https://americamotorsby.ams3.digitaloceanspaces.com/americamotors-by/546b6d4b-edf4-4452-82e9-d8f79193834b/amby-cbce521f37024d357e8bde1215f5c1f7oAJvec1Unk.jpg
https://americamotorsby.ams3.digitaloceanspaces.com/americamotors-by/08dad56c-d2e0-4ddd-ac30-bcafa5fcf44d/amby-03d9c322cb8ba8b2e8cf20aa428f0d9aTjK2qMaBH4.jpg"
"1770617140-49","https://americamotors.by/catalog/all/car?type_id=1&status%5B0%5D=all","https://americamotors.by/catalog/all/car?type_id=1&status%5B0%5D=all&page=13","https://americamotors.by/transport/chevrolet/equinox/806","Под заказ","2020 Chevrolet Equinox LT","26 230р.","8 600$ / 7 740€","Chevrolet","Equinox","VIN: ******","33600 миль.","1.5 л","Автомат","Полный","Черный","Не указан","https://americamotorsby.ams3.digitaloceanspaces.com/americamotors-by/3a45989a-0eb5-4033-804f-565e99c6e9ec/amby-820704c1e6f1e1fb9f261862334ded06fQz2ir81s9.jpg
https://americamotorsby.ams3.digitaloceanspaces.com/americamotors-by/039c2fa5-90a8-4217-81a6-08880c0f5978/amby-e935e3822b99520b1f9cff02873ad07c8Tql3jJVtm.jpg
https://americamotorsby.ams3.digitaloceanspaces.com/americamotors-by/511e367b-a91d-41ac-8af8-9f7e5c45c48f/amby-aa907ba1facd0d11721d5ab88fd42cca675GyfwSRn.jpg
https://americamotorsby.ams3.digitaloceanspaces.com/americamotors-by/943a95e6-4c32-497d-8daf-e56bf610cf09/amby-e4f498bca66fcea2c7803e209a1bc83eEsae1iRZSF.jpg
https://americamotorsby.ams3.digitaloceanspaces.com/americamotors-by/05cafdaa-4534-4a23-87dd-972c106a86d7/amby-e452acecc2f58f7e4b8a7d8ff9bffa9aHFx1OLN8MR.jpg
https://americamotorsby.ams3.digitaloceanspaces.com/americamotors-by/18da9ce2-0f68-416a-985e-3457eecbeab2/amby-7be0d777f93f0471f2ced8759c38f73fYDtMdUZCa4.jpg
https://americamotorsby.ams3.digitaloceanspaces.com/americamotors-by/e40d51c6-5376-45bc-8aca-016bd0467bcf/amby-a5fbb34e64d66b57c70d604d92e74bb5f57gXtWioc.jpg
https://americamotorsby.ams3.digitaloceanspaces.com/americamotors-by/20f54c63-0771-49ab-a596-94304dc219c2/amby-69c7cc4ea413dd27ad6359089446fc5drh2klY8asR.jpg
https://americamotorsby.ams3.digitaloceanspaces.com/americamotors-by/91641336-cc0a-4e23-ab90-92a76c733140/amby-e0bb9349d1040f59de5c7ee547c5535eGFtOox8EBM.jpg"
"1770617165-50","https://americamotors.by/catalog/all/car?type_id=1&status%5B0%5D=all","https://americamotors.by/catalog/all/car?type_id=1&status%5B0%5D=all&page=12","https://americamotors.by/transport/hyundai/santa_fe/807","Под заказ","2020 Hyundai Santa Fe SEL","41 180р.","13 500$ / 12 150€","Hyundai","Santa Fe","VIN: ******","24199 миль.","2.4 л","Автомат","Передний","Синий","Не указан","https://americamotorsby.ams3.digitaloceanspaces.com/americamotors-by/025a81e6-6445-4427-a8be-e04a5732879e/amby-3659af9a4fecb5dea07abdca8c86e2abfkviwRmHl7.jpg
https://americamotorsby.ams3.digitaloceanspaces.com/americamotors-by/dd0bc026-d964-4691-ae93-e0d471c0cab4/amby-78bcd6f98767f2b1c0fea51c5aeedbf5GP2lKzR9eu.jpg
https://americamotorsby.ams3.digitaloceanspaces.com/americamotors-by/a369c22d-f665-4091-8da0-c2df14fcbbe4/amby-09ca24fe50bf6827f839efac241de17fFoeNlTbmQY.jpg
https://americamotorsby.ams3.digitaloceanspaces.com/americamotors-by/7438778e-9f54-4579-912c-329d948c36d6/amby-3e9b44874cb13c46c4fc9f2c5bad4d00qH7oDO39Uv.jpg
https://americamotorsby.ams3.digitaloceanspaces.com/americamotors-by/0b11c7fa-a71b-4c64-9d62-0027faa3f05f/amby-eac181460804233f474a769c137c8a91pTPb9vJYjI.jpg
https://americamotorsby.ams3.digitaloceanspaces.com/americamotors-by/ae3b85c7-5240-4009-80fb-36790553f460/amby-40b77ba1295df25e0cabaa23ec232136LHOU7glC1A.jpg
https://americamotorsby.ams3.digitaloceanspaces.com/americamotors-by/51261b33-16a3-4272-bcd7-f81b9ae28203/amby-a1abfef0b9bbfdb61ebb3bfea9664f0d1HfrPcsRNn.jpg
https://americamotorsby.ams3.digitaloceanspaces.com/americamotors-by/3f941a4e-2d98-4e68-af0f-1ba31fb28474/amby-3659af9a4fecb5dea07abdca8c86e2abAJvzTlNgW1.jpg"
"1770617175-51","https://americamotors.by/catalog/all/car?type_id=1&status%5B0%5D=all","https://americamotors.by/catalog/all/car?type_id=1&status%5B0%5D=all&page=12","https://americamotors.by/transport/mazda/cx3/808","Под заказ","2019 Mazda CX-3","25 930р.","8 500$ / 7 650€","Mazda","CX-3","VIN: ******","25455 миль.","2 л","Автомат","Передний","Черный","Не указан","https://americamotorsby.ams3.digitaloceanspaces.com/americamotors-by/e4d94bfe-621d-4700-a4da-83b23f4895bc/amby-5d88808753f4ad50c37996559ace7f64bPz9YqXF7I.jpg
https://americamotorsby.ams3.digitaloceanspaces.com/americamotors-by/3aecb7ac-d7c3-49e5-93c2-c405a9bd0c92/amby-83b5009e040969ee7b60362ad7426573cM168lK7vm.jpeg
https://americamotorsby.ams3.digitaloceanspaces.com/americamotors-by/3332fcda-7bec-4a08-9fe1-e9dbd2d310e6/amby-0ad6b7d8470ce4b828f514f3646ac6c9lPzSWTqxfH.jpg
https://americamotorsby.ams3.digitaloceanspaces.com/americamotors-by/45a1b645-6f5e-4dae-8055-1df79d7116df/amby-1c80e223de7e43b7f390d8ef4dc550e09h2ZwXLSUH.jpg
https://americamotorsby.ams3.digitaloceanspaces.com/americamotors-by/f2d9a587-2986-401e-a297-b60a5a12d8d1/amby-97a4cd3129d59a841f4c1de60572ea6e68odv79qGS.jpg
https://americamotorsby.ams3.digitaloceanspaces.com/americamotors-by/f9a1601b-96f1-4858-a0c0-6240a5bf8ccc/amby-b3c8dcdede4f07688fb86b516a3789e9ExuLPVaHvm.jpg
https://americamotorsby.ams3.digitaloceanspaces.com/americamotors-by/b6cd2c71-0266-438a-b970-c15f4d787037/amby-d3b25c015a1a12f0d2dc0e564859a22frPmzdto8pw.jpg"
"1770617185-52","https://americamotors.by/catalog/all/car?type_id=1&status%5B0%5D=all","https://americamotors.by/catalog/all/car?type_id=1&status%5B0%5D=all&page=12","https://americamotors.by/transport/maserati/levante/809","Под заказ","2017 Maserati LEVANTE S SPORT","76 250р.","25 000$ / 22 500€","Maserati","LEVANTE","VIN: ******","57656 миль.","3 л","Автомат","Полный","Cерый","Не указан","https://americamotorsby.ams3.digitaloceanspaces.com/americamotors-by/c3444d33-3672-4ea9-8eb8-72d4678364b9/amby-aef2733e6eb26804a0f8d4f5404adad5uxw4aqDJle.jpg
https://americamotorsby.ams3.digitaloceanspaces.com/americamotors-by/d91f1f90-206e-498c-ba87-ed8ca3fc2a62/amby-15f5c8a9bfded62c3468ab928efab630XG0r7BQyDu.jpg
https://americamotorsby.ams3.digitaloceanspaces.com/americamotors-by/cc78341a-0a60-4a0e-90ed-b1c7333e6b83/amby-86bcf6df5be8c19f42ab137d8b3a5aa4vRg26kOIsa.jpg
https://americamotorsby.ams3.digitaloceanspaces.com/americamotors-by/a0d5820b-fc33-44d9-abc7-fe471aea0ee9/amby-161c43f70cbb7fd97cba424c3683fc4d3nyQ5XgPoK.jpg
https://americamotorsby.ams3.digitaloceanspaces.com/americamotors-by/7704d840-fdab-424a-9fce-b469b626dbb7/amby-186719454c28f7b3b098c05e7ab2bc00nGXHfU4hu6.jpg
https://americamotorsby.ams3.digitaloceanspaces.com/americamotors-by/643b4d69-4400-4518-8ee5-0071ec56c035/amby-bb23c491a284f5d7a06d2aed088367f8YCWXuKrnQ2.jpg
https://americamotorsby.ams3.digitaloceanspaces.com/americamotors-by/799fa489-9061-4250-878a-07da76dc9c42/amby-e9708ef3e94acef7e721af6d16a66cadIncSMHQlqw.jpg"
"1770617196-53","https://americamotors.by/catalog/all/car?type_id=1&status%5B0%5D=all","https://americamotors.by/catalog/all/car?type_id=1&status%5B0%5D=all&page=12","https://americamotors.by/transport/honda/crv/810","Под заказ","2020 Honda CR-V LX","38 130р.","12 500$ / 11 250€","Honda","CR-V","VIN: ******","49000 миль.","1.5 л","Автомат","Полный","Черный","Кроссовер","https://americamotorsby.ams3.digitaloceanspaces.com/americamotors-by/97caaf10-30d4-49c4-877c-e8f3924a1698/amby-c5170f0cff4c9b1ee428dd3a8ed07c9cDVhw4tx7H2.jpg
https://americamotorsby.ams3.digitaloceanspaces.com/americamotors-by/6f7ea17f-a62c-4c9d-a0f4-0df8bd3e6c8c/amby-9869e1cb11b39a8a3beaa479c86e5df6w9scot7EXz.jpg
https://americamotorsby.ams3.digitaloceanspaces.com/americamotors-by/4b9c1a01-3a86-4aad-8c47-f43bcf9580b2/amby-47541bbf419acc93f0fd7cf9b41546dbxyIqKWG4Ed.jpg
https://americamotorsby.ams3.digitaloceanspaces.com/americamotors-by/eafd8985-fddd-4b95-8ffb-63f7155b6fe9/amby-c5170f0cff4c9b1ee428dd3a8ed07c9cdBcvly6gSX.jpg
https://americamotorsby.ams3.digitaloceanspaces.com/americamotors-by/d0404bee-bd88-4304-af6e-a6cf602787fb/amby-7c7262a888ccce6798fa8982d7742aa0askE7zjlD0.jpg
https://americamotorsby.ams3.digitaloceanspaces.com/americamotors-by/9dfb1087-cffa-454f-b36a-75c19cfdb0c6/amby-5d572a1bfba07de6e36a3c989fb69bb5nT795u3q0Q.jpg
https://americamotorsby.ams3.digitaloceanspaces.com/americamotors-by/525044e9-5d0e-4222-bc05-79539c2523a1/amby-25bcc401729ff478f6b66d09401e68cbdCwTbsuS2h.jpg
https://americamotorsby.ams3.digitaloceanspaces.com/americamotors-by/d863e226-2e56-4858-8a46-7e9049bb687e/amby-2a5e6bfa4bd35ff7473de13de410738bBcpvXhdWwT.jpg"
"1770617203-54","https://americamotors.by/catalog/all/car?type_id=1&status%5B0%5D=all","https://americamotors.by/catalog/all/car?type_id=1&status%5B0%5D=all&page=12","https://americamotors.by/transport/honda/accord/811","Под заказ","2019 Honda Accord SPORT","33 550р.","11 000$ / 9 900€","Honda","Accord","VIN: ******","29800 миль.","1.5 л","Автомат","Передний","Белый","Седан","https://americamotorsby.ams3.digitaloceanspaces.com/americamotors-by/8c963470-331f-46a7-bc31-35b4f08998c7/amby-8ef3cc7a648d11bee9c90a8eeb4323fce4giPdU0mH.jpg
https://americamotorsby.ams3.digitaloceanspaces.com/americamotors-by/291427db-286a-4085-a8c5-295a265cd761/amby-83b5009e040969ee7b60362ad7426573SCPArYImjM.jpeg
https://americamotorsby.ams3.digitaloceanspaces.com/americamotors-by/10285ccc-72a9-497d-ada1-326ffc922a86/amby-d5702eb11a8406998d78886eff5cbd41TmsBXMiO3D.jpg
https://americamotorsby.ams3.digitaloceanspaces.com/americamotors-by/0b71462a-68f4-4cbe-b2db-da28a41a83cf/amby-012fffec5c4998cd7757bc3488793966l3dFsHGgTU.jpg
https://americamotorsby.ams3.digitaloceanspaces.com/americamotors-by/2cf8f9d1-ae7f-418a-9404-778c2889a2f9/amby-01195e48e4e19ba9f0ef5ede3ef7d3d7gZzCn8jvy1.jpg
https://americamotorsby.ams3.digitaloceanspaces.com/americamotors-by/71b7b860-e33e-4a7a-9439-3550e724f115/amby-93a09bc2a2c6e27a4e8dd2b790f9eaecnLfOW9qEhU.jpg
https://americamotorsby.ams3.digitaloceanspaces.com/americamotors-by/6a2365c1-17b2-4281-9da2-1db9c72b680d/amby-c680ba83369d74000c2844ebd409590eAfySOYUjv4.jpg
https://americamotorsby.ams3.digitaloceanspaces.com/americamotors-by/4d8470fc-be81-496a-afc3-68ec4fda7f91/amby-71233ca767a80c28dc46806dccb9378bA1EcNprBst.jpg
https://americamotorsby.ams3.digitaloceanspaces.com/americamotors-by/9906a486-9784-400c-8e70-cdaac939ab31/amby-58f7690349954e4856b7bf8202fa7226A1DvKNp8Iy.jpg"
"1770617212-55","https://americamotors.by/catalog/all/car?type_id=1&status%5B0%5D=all","https://americamotors.by/catalog/all/car?type_id=1&status%5B0%5D=all&page=12","https://americamotors.by/transport/audi/q5/812","Под заказ","2019 Audi Q5 PREMIUM PLUS","42 700р.","14 000$ / 12 600€","Audi","Q5","VIN: ******","28500 миль.","2 л","Автомат","Полный","Cерый","Кроссовер","https://americamotorsby.ams3.digitaloceanspaces.com/americamotors-by/9772ee50-cdfa-4584-a707-da97dd936678/amby-ba55dd0deafe468bc4df13aa073d60e68HIcJPsFgO.jpg
https://americamotorsby.ams3.digitaloceanspaces.com/americamotors-by/27e81c53-858c-43b5-820e-f384c0229ee5/amby-83b5009e040969ee7b60362ad7426573yaBbL3VMh1.jpeg
https://americamotorsby.ams3.digitaloceanspaces.com/americamotors-by/48e087ec-50c8-4e2b-8073-80a1eee32a8b/amby-6fe7e4e5795509d9329c5a30c0f5c52f96OVvndtgA.jpg
https://americamotorsby.ams3.digitaloceanspaces.com/americamotors-by/a8034d71-2e87-468f-a7b3-a7ed1e866a83/amby-0d696a781b3e3307ba4438edbe0d2a5015daEIRKk6.jpg
https://americamotorsby.ams3.digitaloceanspaces.com/americamotors-by/8bfd2abf-4b0e-4e91-ad06-ba2ea4ca07a4/amby-05a565cde75ef57490b43f9170725072YGrXMuECJb.jpg
https://americamotorsby.ams3.digitaloceanspaces.com/americamotors-by/2a8e3b5d-ba34-403a-b3c5-dd83d0e679bc/amby-432a7d13f73e2c57cd14d1e6f33c02b2CZxYAJ0NTd.jpg
https://americamotorsby.ams3.digitaloceanspaces.com/americamotors-by/1c06a48f-3dff-40a6-8b0c-a1ba702391c2/amby-cf9aee9c6c1ca49c87c09a0e0e97a194n2SWyx6cfb.jpg
https://americamotorsby.ams3.digitaloceanspaces.com/americamotors-by/4a2b5bc1-0310-43dc-a133-04de8536e1b6/amby-69b1a07ab4591c6254e234b5ba4e83766fmNDOWQ9k.jpg
https://americamotorsby.ams3.digitaloceanspaces.com/americamotors-by/632aadb9-4bb0-49c3-bf0f-9eec70162e3f/amby-a1bd121b59c2062d1e743faf8f1e893aydPgOkoJMV.jpg"
"1770617223-56","https://americamotors.by/catalog/all/car?type_id=1&status%5B0%5D=all","https://americamotors.by/catalog/all/car?type_id=1&status%5B0%5D=all&page=12","https://americamotors.by/transport/chevrolet/equinox/813","Под заказ","2020 Chevrolet Equinox LT","19 830р.","6 500$ / 5 850€","Chevrolet","Equinox","VIN: ******","25000 миль.","1.5 л","Автомат","Передний","Cерый","Кроссовер","https://americamotorsby.ams3.digitaloceanspaces.com/americamotors-by/b5cfd70b-4110-4b29-b3a6-51af6a13acd7/amby-83b5009e040969ee7b60362ad7426573Pz1EuDbOwc.jpeg
https://americamotorsby.ams3.digitaloceanspaces.com/americamotors-by/791d826e-a794-4ece-9f82-b4cb3a8ab083/amby-ea571676ce9b75b0730a5d56350ae93e5GknUYJ61b.jpeg
https://americamotorsby.ams3.digitaloceanspaces.com/americamotors-by/2b633290-5408-40ac-9e97-a0995aef0778/amby-857afd744eb5cef7a1a98b0456c59fe3Ypy45PKNuL.jpg
https://americamotorsby.ams3.digitaloceanspaces.com/americamotors-by/f286baad-8c60-43d6-a66a-9875faf43440/amby-64b0a32e6369b61c71ead41158e163e1tRfsIM9aY6.jpg
https://americamotorsby.ams3.digitaloceanspaces.com/americamotors-by/9017cad4-1eca-457b-b577-f1216276e0f2/amby-032cdfcd5810d396955b5166806ba5c1nZ0J96MAdi.jpg
https://americamotorsby.ams3.digitaloceanspaces.com/americamotors-by/f3354453-1ef2-4fe5-b630-1b63aa29d74f/amby-b2493c6216449cec3acda5c78889ba81PFGMmsQjfe.jpg
https://americamotorsby.ams3.digitaloceanspaces.com/americamotors-by/47016051-c744-4e44-8ab0-6c72186a5482/amby-f7055ad28f6102fbc9173c8649dbdfc77BTDYF6LUM.jpg
https://americamotorsby.ams3.digitaloceanspaces.com/americamotors-by/0c32b9d6-9b09-4c19-9cd1-b822b028fbdc/amby-0c4b154ee0708ec14983fb97742520da2C5Qbdqa9w.jpg
https://americamotorsby.ams3.digitaloceanspaces.com/americamotors-by/1af2b6b0-6756-4627-9657-2d8e566a4dd6/amby-39c116e510ab1ad5166f615547619ec6fADInyba9E.jpg
https://americamotorsby.ams3.digitaloceanspaces.com/americamotors-by/8a852d14-13c0-40af-946d-3f40eebf7841/amby-9a787586116af6b5ab3b69a7321b54697N9oZO3zma.jpg"
"1770617233-57","https://americamotors.by/catalog/all/car?type_id=1&status%5B0%5D=all","https://americamotors.by/catalog/all/car?type_id=1&status%5B0%5D=all&page=12","https://americamotors.by/transport/bmw/x5/814","Под заказ","2019 BMW X5","90 890р.","29 800$ / 26 820€","BMW","X5","VIN: ******","43823 миль.","3 л","Автомат","Полный","Черный","Внедорожник","https://americamotorsby.ams3.digitaloceanspaces.com/americamotors-by/d3e204f9-02ab-4ea9-b0b7-b61881a95583/amby-d0e86b83262d6b0337dbb4a7c73c2401SahTH9Uy1B.jpg
https://americamotorsby.ams3.digitaloceanspaces.com/americamotors-by/7e4285b2-289f-4685-9031-ab1eb3bfd026/amby-c25158793d13202d216c1e5177683323kBJ5Fefms8.jpg
https://americamotorsby.ams3.digitaloceanspaces.com/americamotors-by/78a82991-fc56-4f04-a41f-81b0440943c0/amby-b0373493eeda63f619b3bba38a31bd2eBRqdbf6H85.jpg
https://americamotorsby.ams3.digitaloceanspaces.com/americamotors-by/7e29f2a6-c3c6-4eb6-aa76-338294dee368/amby-567170c4eee6fce1607270c3ded67d47qc2VC0IBsM.jpg
https://americamotorsby.ams3.digitaloceanspaces.com/americamotors-by/ed534b0a-50f7-4909-aa30-9466f3149611/amby-1b22ca4869496297ba57ff45ff3d71ce0lbePFH5rK.jpg
https://americamotorsby.ams3.digitaloceanspaces.com/americamotors-by/fc029d44-aaeb-4726-bab0-2d59c50f77d2/amby-a87ce66b5aff8ac27dafe96238ebd8a47lQscIJSUd.jpg
https://americamotorsby.ams3.digitaloceanspaces.com/americamotors-by/4e2a37c7-a0cd-4613-9a9e-a2b8392652b1/amby-4f7168c65b43f686fd836a5c43f409d5vaRoLVrIFO.jpg"
"1770617242-58","https://americamotors.by/catalog/all/car?type_id=1&status%5B0%5D=all","https://americamotors.by/catalog/all/car?type_id=1&status%5B0%5D=all&page=12","https://americamotors.by/transport/infiniti/qx60/815","Под заказ","2019 Infiniti QX60 LUXE","27 150р.","8 900$ / 8 010€","Infiniti","QX60","VIN: ******","29768 миль.","3 л","Автомат","Полный","Черный","Кроссовер","https://americamotorsby.ams3.digitaloceanspaces.com/americamotors-by/e3fef501-1c7b-46e2-9db4-77825dd6f772/amby-43bf6b79dcfd9be625d54ebf0699aa10gaGYKxDAbl.jpg
https://americamotorsby.ams3.digitaloceanspaces.com/americamotors-by/64108cba-fc6e-4a03-9d6b-ba087ed9b9b6/amby-a1dfb1c318e639c3ebc563ad376d3329cawfrXSsRO.jpg
https://americamotorsby.ams3.digitaloceanspaces.com/americamotors-by/5f164e1a-cf16-4f9b-a3e3-8ce670b85bbc/amby-2cab0856472fb688d48d6f53d9f39471ZE1FuNYW7G.jpg
https://americamotorsby.ams3.digitaloceanspaces.com/americamotors-by/7c1f1a6f-b51f-41cd-8b7d-126f75115132/amby-00d8ad1875eeb1bf0c760e87e00b1e31CZz9rDQciA.jpg
https://americamotorsby.ams3.digitaloceanspaces.com/americamotors-by/5d2de9a1-fdcd-496f-82db-bd304155f57e/amby-25702364a722aa60258e50739bc7744fXzh3FPlnVE.jpg
https://americamotorsby.ams3.digitaloceanspaces.com/americamotors-by/ca715b50-9a73-4380-8f30-294aa9445223/amby-646b015a21bc69278a9d84af3113f222UCsMuc3Gaq.jpg"
"1770617253-59","https://americamotors.by/catalog/all/car?type_id=1&status%5B0%5D=all","https://americamotors.by/catalog/all/car?type_id=1&status%5B0%5D=all&page=12","https://americamotors.by/transport/infiniti/qx80/816","Под заказ","2020 Infiniti QX80 LUXE","70 150р.","23 000$ / 20 700€","Infiniti","QX80","VIN: ******","56332 миль.","5.6 л","Автомат","Задний","Красный","Внедорожник","https://americamotorsby.ams3.digitaloceanspaces.com/americamotors-by/3e907c62-54be-440a-aa91-f9ced90a5d36/amby-8eb3526d025e23c4280792a5b1a0d9c15OFaZqLcIW.jpg
https://americamotorsby.ams3.digitaloceanspaces.com/americamotors-by/eee337bf-8645-408d-bd45-9ce4ed36f7dd/amby-eb2ff668698297f58072965036e71f50efriul3Hck.jpg
https://americamotorsby.ams3.digitaloceanspaces.com/americamotors-by/ca27db1b-1c24-48ca-89ab-02f49f9c732f/amby-b16795dd1b5a4d282dc0d58e4ac4db14t1L8CbnRZX.jpg
https://americamotorsby.ams3.digitaloceanspaces.com/americamotors-by/94b3a650-68c0-4250-aefb-a900f932dfd0/amby-355d9cfb6af3c122e78d1e5447b242c0j4tUg2LZXa.jpg
https://americamotorsby.ams3.digitaloceanspaces.com/americamotors-by/42d435be-c6e5-456a-9bad-fa48b9d47bd2/amby-31a66e974031c57b50361a10236537d7ucCQA2twOr.jpg
https://americamotorsby.ams3.digitaloceanspaces.com/americamotors-by/c0244e59-3671-4f49-ba71-792b3c37d633/amby-1fd3c261346e6c3b53f479f79f495055btwGe2uNX5.jpg
https://americamotorsby.ams3.digitaloceanspaces.com/americamotors-by/a87471f3-fbe5-4bf3-b469-2867d58e0099/amby-2d9f38134f4ef18040d5b9b3404a5860mLUJXT9j1u.jpg"
"1770617262-60","https://americamotors.by/catalog/all/car?type_id=1&status%5B0%5D=all","https://americamotors.by/catalog/all/car?type_id=1&status%5B0%5D=all&page=11","https://americamotors.by/transport/kia/forte/817","Под заказ","2019 Kia Forte EX","13 420р.","4 400$ / 3 960€","Kia","Forte","VIN: ******","24686 миль.","2 л","Автомат","Передний","Оранжевый","Седан","https://americamotorsby.ams3.digitaloceanspaces.com/americamotors-by/d0ad6f25-4301-4737-a885-402889892938/amby-539bc9dbba16b71e2d6acf317f2cebbbdqp8cPFQ6W.jpg
https://americamotorsby.ams3.digitaloceanspaces.com/americamotors-by/6c35bad6-496a-4240-88dd-93fc77fffca2/amby-16c9886729585ec89bd81ec3442adfd2BOMoVuzXTA.jpg
https://americamotorsby.ams3.digitaloceanspaces.com/americamotors-by/606c832c-9166-4eb5-b7d1-e0176e7e039a/amby-14f98fb4425fafc3d4621d27061080bbKWTrtDs1Rv.jpg
https://americamotorsby.ams3.digitaloceanspaces.com/americamotors-by/d9c2063f-3fb6-4a5d-9235-094a8b2d2d3f/amby-c8f567936ad54a72a2992be767439623EsnLKQgme7.jpg
https://americamotorsby.ams3.digitaloceanspaces.com/americamotors-by/2d7c560f-f8e6-464f-83a9-6dae1bb74510/amby-41bfc0f1ab8964e226808015e79ecb8f4yVlHYITsa.jpg
https://americamotorsby.ams3.digitaloceanspaces.com/americamotors-by/e2ed5e04-a88e-410d-ba6e-41bf8de532f1/amby-75156d383c0502434025c01b03d98494iRZAzYK3Eq.jpg"
"1770617274-61","https://americamotors.by/catalog/all/car?type_id=1&status%5B0%5D=all","https://americamotors.by/catalog/all/car?type_id=1&status%5B0%5D=all&page=11","https://americamotors.by/transport/lexus/nx300/818","Под заказ","2018 Lexus NX BASE","39 650р.","13 000$ / 11 700€","Lexus","NX","VIN: ******","44765 миль.","2 л","Автомат","Полный","Черный","Кроссовер","https://americamotorsby.ams3.digitaloceanspaces.com/americamotors-by/260de965-6f03-4149-99bc-8e9bafcf3c32/amby-7eaf8c6dc36e262e51ed6fe6e18662c02jxLuAb8O0.jpg
https://americamotorsby.ams3.digitaloceanspaces.com/americamotors-by/1c136644-ee88-4625-84f7-fcf30fc9a490/amby-4b11d411f520ce9e920cb802d53c96f9Qk0LYdVh8S.jpg
https://americamotorsby.ams3.digitaloceanspaces.com/americamotors-by/1a282235-54b6-4103-925a-764b420089aa/amby-d2a6a4836a4177bac4cde85076d8755cBmr5zcsabN.jpg
https://americamotorsby.ams3.digitaloceanspaces.com/americamotors-by/2ba5a2ad-357f-47ff-903d-c7a9b7acbfeb/amby-8e6af077705c8fcf4d5674fffb01c358mSNXJegykE.jpg
https://americamotorsby.ams3.digitaloceanspaces.com/americamotors-by/254681da-8d74-417f-a109-3915cc90e5d9/amby-375b53e4a7208d4abe447665e128c9b14XqVQv5tCp.jpg
https://americamotorsby.ams3.digitaloceanspaces.com/americamotors-by/f3676cf7-b4f6-4fc6-87b4-5cd71e3314a6/amby-bb4abf9a0c94f58a8b7f550acd80db3aI1bcTyogHl.jpg
https://americamotorsby.ams3.digitaloceanspaces.com/americamotors-by/7944559f-de83-4006-bece-41171ef8285b/amby-4ed923232d0b863115dd2136bf62ff91aw7e1k5FvV.jpg
https://americamotorsby.ams3.digitaloceanspaces.com/americamotors-by/509fe34e-86e6-4e8d-82b2-5ef33fba2e7b/amby-d63284596bb2cb6a3b18237077eb89c1pgmEsHdk60.jpg
https://americamotorsby.ams3.digitaloceanspaces.com/americamotors-by/9e5937bb-fccf-4502-ad56-18c1df0798f6/amby-0f56a142fed8343a662684c0fe6e97014aUgq2isyQ.jpg"
"1770617284-62","https://americamotors.by/catalog/all/car?type_id=1&status%5B0%5D=all","https://americamotors.by/catalog/all/car?type_id=1&status%5B0%5D=all&page=11","https://americamotors.by/transport/jeep/wrangler/819","Под заказ","2019 Jeep Wrangler UNLIMITED SPORT","43 310р.","14 200$ / 12 780€","Jeep","Wrangler","VIN: ******","45091 миль.","2 л","Автомат","Полный","Красный","Внедорожник","https://americamotorsby.ams3.digitaloceanspaces.com/americamotors-by/dd41cd01-e9e0-415a-85fd-b3aea1721a98/amby-d44a5c9357b1246550ef89cf84f21e449quDBrXN02.jpg
https://americamotorsby.ams3.digitaloceanspaces.com/americamotors-by/4d6443f4-7b43-4b7f-aefe-98c1a861fc04/amby-4fcb05c22d366c10e34ad3365e046f68ARGWEcoS10.jpg
https://americamotorsby.ams3.digitaloceanspaces.com/americamotors-by/8dd647ff-75b2-4c45-96b7-f54e6a50c198/amby-61292d22e8e74183401a7649f8d6ad5162uayK7n0H.jpg
https://americamotorsby.ams3.digitaloceanspaces.com/americamotors-by/1c88302d-d821-4f3d-8ba5-32dcf6a60476/amby-78375e809af16942653a423ab04d91a2HsAVgIMOoR.jpg
https://americamotorsby.ams3.digitaloceanspaces.com/americamotors-by/ba37d02f-6c97-403a-be83-701e58e5387c/amby-28980ba4af52ae2e66d79e71f9dafebb6tclBez2SH.jpg
https://americamotorsby.ams3.digitaloceanspaces.com/americamotors-by/1a16507e-d81b-41d0-9c60-9f84f2b1d302/amby-0f17b7e3dbc6ea219d03528d03670ff9UupnOd0ISq.jpg
https://americamotorsby.ams3.digitaloceanspaces.com/americamotors-by/97e59faa-ff7e-4805-9b28-abdef592c78f/amby-58973d59103b93b385d6a0aee7818485zQFUbKenwG.jpg"
"1770617294-63","https://americamotors.by/catalog/all/car?type_id=1&status%5B0%5D=all","https://americamotors.by/catalog/all/car?type_id=1&status%5B0%5D=all&page=11","https://americamotors.by/transport/hyundai/tucson/820","Под заказ","2019 Hyundai Tucson LIMITED","21 960р.","7 200$ / 6 480€","Hyundai","Tucson","VIN: ******","24854 миль.","2.4 л","Автомат","Полный","Бургундий","Кроссовер","https://americamotorsby.ams3.digitaloceanspaces.com/americamotors-by/d066e3f2-fac2-4fad-b02c-f4294196da2e/amby-84ea85bb93e2c995f13764502ae88fc6kbrYxVTMEW.jpg
https://americamotorsby.ams3.digitaloceanspaces.com/americamotors-by/be9cd888-1c32-467f-88d2-1f529a14960a/amby-7738efd052ff617693f1ae0fa9d6802dhvFTVkDXJ7.jpg
https://americamotorsby.ams3.digitaloceanspaces.com/americamotors-by/761e31b3-5b87-4f56-b8ff-2db47de9e651/amby-74e2cf8df353d98d30f1e5eaa4025737JNQd2u3ZL0.jpg
https://americamotorsby.ams3.digitaloceanspaces.com/americamotors-by/41a68bcb-36da-4aed-b352-8ecc45e8affb/amby-27e1f7224ad4f3a293a72a6a502c84e3xvQYzkgm6a.jpg
https://americamotorsby.ams3.digitaloceanspaces.com/americamotors-by/7a66c2bc-b08d-40e8-b5e9-4ac0d449d6e2/amby-31318ced6d9b0a6d44f10ab78ffc83d7mJ29CsIhwy.jpg
https://americamotorsby.ams3.digitaloceanspaces.com/americamotors-by/f0440a80-cf85-4380-9842-2cda49cc1131/amby-77e86619ae79b270d88a1ce7e0f6b365k1uGhl6L8c.jpg
https://americamotorsby.ams3.digitaloceanspaces.com/americamotors-by/2cb2e4d5-819b-43e8-8d3f-dbb7fe3676f4/amby-209819533347851171e8d48775cfdfee18oQ46T5H3.jpg
https://americamotorsby.ams3.digitaloceanspaces.com/americamotors-by/b1e62482-1b16-4b52-bbf9-23f27f15c762/amby-2649d0668c3213abae4c55a50680d6e4RHBF5ieE26.jpg
https://americamotorsby.ams3.digitaloceanspaces.com/americamotors-by/f51b712d-fdb7-40fd-9b9c-940af7465730/amby-fd33a71b17b61ed2f2e61f35e338ac8emHl3RTixJk.jpg"
"1770617304-64","https://americamotors.by/catalog/all/car?type_id=1&status%5B0%5D=all","https://americamotors.by/catalog/all/car?type_id=1&status%5B0%5D=all&page=11","https://americamotors.by/transport/honda/accord/821","Под заказ","2019 Honda Accord SPORT","32 030р.","10 500$ / 9 450€","Honda","Accord","VIN: ******","56824 миль.","2 л","Автомат","Передний","Красный","Седан","https://americamotorsby.ams3.digitaloceanspaces.com/americamotors-by/4e9a4daa-24dd-40e7-98ef-c5b502cb81b4/amby-bc8ad480d8af8253e99c554468f97f4eTb0XKinAtY.jpg
https://americamotorsby.ams3.digitaloceanspaces.com/americamotors-by/ffe0a3a0-6443-4118-b307-ed59d5a1bc82/amby-83b5009e040969ee7b60362ad7426573BCslvrxWFX.jpeg
https://americamotorsby.ams3.digitaloceanspaces.com/americamotors-by/3a1f4eff-0fd8-4096-8b92-113405329e59/amby-3c0d9cfb77ebfe5f0358d3db33d10b53nwJeCaOsxc.jpg
https://americamotorsby.ams3.digitaloceanspaces.com/americamotors-by/2952ff4b-a11c-439b-a976-42e58d0fa4da/amby-6aa6eefd5261e804c395c31619f853aba3HUzvEn50.jpg
https://americamotorsby.ams3.digitaloceanspaces.com/americamotors-by/160cde9b-5462-412f-b2f3-ac1862389eb0/amby-8f306364b6f02f4034799660c85c7913Lr3dEo874w.jpg
https://americamotorsby.ams3.digitaloceanspaces.com/americamotors-by/3d320617-bd2a-458d-aebc-3e0522c1c906/amby-939430d4ad5fba00ad182f8612ebcc10fmLReFUZYS.jpg
https://americamotorsby.ams3.digitaloceanspaces.com/americamotors-by/440f0578-d291-472b-abdf-b722073b420d/amby-bac577bb87c9a5f2617b08e44f7b6c8cIJjsfCkcSu.jpg
https://americamotorsby.ams3.digitaloceanspaces.com/americamotors-by/4d9c43cd-e32b-4fbc-a7c1-01e595afbab1/amby-ea571676ce9b75b0730a5d56350ae93esRHbxZrAzg.jpeg"
"1770617314-65","https://americamotors.by/catalog/all/car?type_id=1&status%5B0%5D=all","https://americamotors.by/catalog/all/car?type_id=1&status%5B0%5D=all&page=11","https://americamotors.by/transport/nissan/altima/822","Под заказ","2019 Nissan Altima SR","21 050р.","6 900$ / 6 210€","Nissan","Altima","VIN: ******","42000 миль.","2.5 л","Автомат","Передний","Белый","Седан","https://americamotorsby.ams3.digitaloceanspaces.com/americamotors-by/97f9b90a-70e6-4b71-93ae-e00112b0c69e/amby-83b5009e040969ee7b60362ad7426573oYS1XiCrTn.jpeg
https://americamotorsby.ams3.digitaloceanspaces.com/americamotors-by/a0b423a1-5c20-4d3d-b11b-d06dfb1f0306/amby-ea571676ce9b75b0730a5d56350ae93eALQtKnow59.jpeg
https://americamotorsby.ams3.digitaloceanspaces.com/americamotors-by/3aaed502-5b27-42d9-8af8-1916589800fc/amby-bd46970fa8c2f7772879047a589233f2Y5KPq7TtaG.jpg
https://americamotorsby.ams3.digitaloceanspaces.com/americamotors-by/107e4b38-2564-4c80-9fa7-7d3bd8cfcfe7/amby-fc4a4a72cb5731af68e4989301326389Y5v6Klqseo.jpg
https://americamotorsby.ams3.digitaloceanspaces.com/americamotors-by/c3ecce27-4f46-4cad-b929-66548bf20523/amby-686c34f5e8f9599622bffc2112905a181T3JCZztVK.jpg
https://americamotorsby.ams3.digitaloceanspaces.com/americamotors-by/07536b6b-1300-4080-9d41-c0b1fc8da293/amby-6da28dd558a95014f9cac8a386ef0662e5J73xXBow.jpg
https://americamotorsby.ams3.digitaloceanspaces.com/americamotors-by/ec212a1d-56c1-4618-aa87-093ac58c13c0/amby-2bb1ce8139f308724e2f650cf4c8f02cyidfP1lm5r.jpg
https://americamotorsby.ams3.digitaloceanspaces.com/americamotors-by/f92d1f56-6d8b-465f-9ee1-447677d54c72/amby-8ba17ef0f80c266b464dc819324473e11VUXEKMkug.jpg
https://americamotorsby.ams3.digitaloceanspaces.com/americamotors-by/db8446cd-bec2-4820-9ca1-a23600998f5d/amby-01f44d6e171b0dfac19593450bc032c4kz85lRxsFw.jpg"
"1770617323-66","https://americamotors.by/catalog/all/car?type_id=1&status%5B0%5D=all","https://americamotors.by/catalog/all/car?type_id=1&status%5B0%5D=all&page=11","https://americamotors.by/transport/chevrolet/equinox/823","Под заказ","2019 Chevrolet Equinox PREMIER","25 930р.","8 500$ / 7 650€","Chevrolet","Equinox","VIN: ******","42489 миль.","2 л","Автомат","Полный","Черный","Кроссовер","https://americamotorsby.ams3.digitaloceanspaces.com/americamotors-by/cc783dd3-66e1-4b34-895a-620c1133ac4a/amby-9fecec5bdd76143cbae67ae90516aa800tlSNCBpQf.jpg
https://americamotorsby.ams3.digitaloceanspaces.com/americamotors-by/1f332ae8-c13f-4d92-8656-3e2c6328cac5/amby-ef5af24303a2f508a7717f17c46250f3dvsPNCjG46.jpg
https://americamotorsby.ams3.digitaloceanspaces.com/americamotors-by/69df38de-9c29-4e80-9601-7a6dd3def0e7/amby-9fecec5bdd76143cbae67ae90516aa80Ve5Al0shj8.jpg
https://americamotorsby.ams3.digitaloceanspaces.com/americamotors-by/355f1dff-6ac2-41a4-8123-55f6ae885fbd/amby-d72e2d1171946e6bb69613ce1f30768dcf48MuknBl.jpg
https://americamotorsby.ams3.digitaloceanspaces.com/americamotors-by/1cd2a42e-ae69-4635-ad64-b765b6b41b19/amby-6c998cc65c14c1ec252ff016d35d1e74V3q7jGCbdv.jpg
https://americamotorsby.ams3.digitaloceanspaces.com/americamotors-by/89414089-93e7-4b1e-84ac-fa81e8533170/amby-4de4c98cb38d0de4278010eae717c4a1Tzm1l4xkP7.jpg
https://americamotorsby.ams3.digitaloceanspaces.com/americamotors-by/346a4b56-2a3f-4371-8690-3cde989549ab/amby-b23d2e6078de5522f713d2fc8b0ff5afyYpuRnmd6x.jpg
https://americamotorsby.ams3.digitaloceanspaces.com/americamotors-by/a2449c9c-c9dd-4338-a001-9eb1b3929f61/amby-3658440b825d51a09c1a7f2932563b07FpzfA8BQ6Z.jpg
https://americamotorsby.ams3.digitaloceanspaces.com/americamotors-by/f278463f-0d75-4615-8b8f-fd73b7cd0437/amby-606f95c114d709d279da4a7d20dd1ba33F8BLSXudE.jpg"
"1770617334-67","https://americamotors.by/catalog/all/car?type_id=1&status%5B0%5D=all","https://americamotors.by/catalog/all/car?type_id=1&status%5B0%5D=all&page=11","https://americamotors.by/transport/volvo/xc90/824","Под заказ","2019 Volvo XC90 R-DESIGN","60 700р.","19 900$ / 17 910€","Volvo","XC90","VIN: ******","41713 миль.","2 л","Автомат","Полный","Черный","Кроссовер","https://americamotorsby.ams3.digitaloceanspaces.com/americamotors-by/5b6abe43-e692-4791-a7f4-0c32b8402bc9/amby-e4520a1cff110790959d038dd93d349bmObRtehDIG.jpg
https://americamotorsby.ams3.digitaloceanspaces.com/americamotors-by/58983457-01a2-4045-a4a6-8d34f43e38e4/amby-83b5009e040969ee7b60362ad74265733njTDvdoxU.jpeg
https://americamotorsby.ams3.digitaloceanspaces.com/americamotors-by/21bd8638-630d-48ca-a78f-1d07fb5a0820/amby-7e8314bd14e484ea58d46efc7c42880fjonyQNgOEb.jpg
https://americamotorsby.ams3.digitaloceanspaces.com/americamotors-by/412201c4-1379-47b0-8414-dc7986451fa0/amby-fe044c96b44dca9c5cb0a9af9385ad12NfxP4yWqw2.jpg
https://americamotorsby.ams3.digitaloceanspaces.com/americamotors-by/32fb097b-0b88-495c-acc2-8b350faecef9/amby-e8da752aa9183d54d342b4b2292baa98tpYVfE7dbI.jpg
https://americamotorsby.ams3.digitaloceanspaces.com/americamotors-by/6a0a6204-99d7-4e00-9391-a2ae768ea19f/amby-778762ab9cf6d830db3e1dde131f0cd3CwjS34xnWb.jpg
https://americamotorsby.ams3.digitaloceanspaces.com/americamotors-by/909475ee-ee19-424f-98a9-955b39b995ed/amby-1612a3abe58089eb86baae043481e1cceyzpbcW3SK.jpg
https://americamotorsby.ams3.digitaloceanspaces.com/americamotors-by/7677fb61-9b10-48d9-87df-cae42319d104/amby-1b546b7316115f3800ea8d7c40cae54aQhKYZIR2yF.jpg
https://americamotorsby.ams3.digitaloceanspaces.com/americamotors-by/e46f8ac7-cfee-4674-b0d5-fb79fae71b69/amby-5126cf772cb354f1a48df27cf2e245e9L43NG0zFTU.jpg
https://americamotorsby.ams3.digitaloceanspaces.com/americamotors-by/7da493b4-6126-4057-9cde-ff095b75dc70/amby-1c1bf861e2e323ea6bfbeb4c8f3b8021g1sRITeyo6.jpg"
"1770617344-68","https://americamotors.by/catalog/all/car?type_id=1&status%5B0%5D=all","https://americamotors.by/catalog/all/car?type_id=1&status%5B0%5D=all&page=11","https://americamotors.by/transport/acura/rdx/825","Под заказ","2021 Acura RDX TECHNOLOGY","59 480р.","19 500$ / 17 550€","Acura","RDX","VIN: ******","17900 миль.","2 л","Автомат","Полный","Белый","Кроссовер","https://americamotorsby.ams3.digitaloceanspaces.com/americamotors-by/a04ef974-0503-4633-bafc-3a1943bd92b7/amby-e60f0ff918fb2cdbb90fc719cb162efcyKUwiWPvht.jpg
https://americamotorsby.ams3.digitaloceanspaces.com/americamotors-by/e7160fbe-3508-4e27-87af-3c9b78b16bff/amby-83b5009e040969ee7b60362ad7426573ErBCVp79co.jpeg
https://americamotorsby.ams3.digitaloceanspaces.com/americamotors-by/6d94491b-842d-4757-ac25-e0c057fdfee0/amby-e8c873c1a786969daa45dacaac377277kuyvKJtfIc.jpg
https://americamotorsby.ams3.digitaloceanspaces.com/americamotors-by/8dfc2166-e3a1-4d7a-8868-36274021847e/amby-6a019496d009c03a01166aa0a6a9754eS0yfLwAxbj.jpg
https://americamotorsby.ams3.digitaloceanspaces.com/americamotors-by/d7e8ce4b-0df1-44ff-a5bd-c24e7ee90065/amby-2bb5581fbab50f9d202c08f589d2f7c4vSKFRUPu01.jpg
https://americamotorsby.ams3.digitaloceanspaces.com/americamotors-by/c926454e-ad1d-4a18-a62e-8928cb2d6342/amby-70e47a36cf6b1f9c678ddd010c118a90iH8mwfU6D3.jpg
https://americamotorsby.ams3.digitaloceanspaces.com/americamotors-by/46042a0b-24fe-4d1c-864c-616e2851cfd5/amby-023ceee6a8b3875f30de5cbad426f788t6prKPlWMX.jpg
https://americamotorsby.ams3.digitaloceanspaces.com/americamotors-by/2a398a35-8e94-48ef-87fa-c979e3352c20/amby-628580c3fc478d62d3608778e35c5a87MO5qxtklDf.jpg
https://americamotorsby.ams3.digitaloceanspaces.com/americamotors-by/d0f20dae-0e18-4d23-8050-275cbb1957a4/amby-ea571676ce9b75b0730a5d56350ae93e6BLXoe1lVi.jpeg"
"1770617356-69","https://americamotors.by/catalog/all/car?type_id=1&status%5B0%5D=all","https://americamotors.by/catalog/all/car?type_id=1&status%5B0%5D=all&page=11","https://americamotors.by/transport/bmw/x1/826","Под заказ","2019 BMW X1 SDRIVE","33 250р.","10 900$ / 9 810€","BMW","X1","VIN: ******","19000 миль.","2 л","Автомат","Передний","Белый","Кроссовер","https://americamotorsby.ams3.digitaloceanspaces.com/americamotors-by/f0fd82ae-edda-4120-8158-53226233cc83/amby-bf9aa12e4fb603b9e982dbe493fff174FuhH5OCiTy.jpg
https://americamotorsby.ams3.digitaloceanspaces.com/americamotors-by/9bb44b5e-1019-46ad-96ab-87b2ff3e7b03/amby-b492b20790dfcd8fdc83dfde10f519a0mf7Bie5GJn.jpg
https://americamotorsby.ams3.digitaloceanspaces.com/americamotors-by/f1b000a1-1547-4c2d-8dec-c7e0c734e0f4/amby-ebb22fcd23778bb26c1f6046d3e2259eKbBYMfJDWN.jpg
https://americamotorsby.ams3.digitaloceanspaces.com/americamotors-by/30d66834-04e8-4760-95e4-5c779aa89d32/amby-2164b829b2bf51ff1f33a7fab7d441c5qNfuI3dkXg.jpg
https://americamotorsby.ams3.digitaloceanspaces.com/americamotors-by/1d0ca18c-75dc-4e60-9ad5-2f4af714fa47/amby-476d55be6721b3d194bb8248b6923410kZaHUzqgNb.jpg
https://americamotorsby.ams3.digitaloceanspaces.com/americamotors-by/0dd2f1a4-4336-43ea-9453-2dedd230952c/amby-fd38d37b721319d5643170b4de0bae81plkvwhqd02.jpg
https://americamotorsby.ams3.digitaloceanspaces.com/americamotors-by/02f24708-7dcb-4d8f-9076-c84e0609f4c0/amby-da32838f01dd158f06407e39bd44d28fHluxrDno9y.jpg
https://americamotorsby.ams3.digitaloceanspaces.com/americamotors-by/079af3f4-e92f-40e3-ba1f-9f6e29ba82fb/amby-c75402aef84f7a3b24f66dd58f058562Cb10iDGWnP.jpg"
"1770617378-70","https://americamotors.by/catalog/all/car?type_id=1&status%5B0%5D=all","https://americamotors.by/catalog/all/car?type_id=1&status%5B0%5D=all&page=10","https://americamotors.by/transport/mercedes-benz/glc/827","Под заказ","2019 Mercedes-Benz GLC GLC 300 4MATIC","51 850р.","17 000$ / 15 300€","Mercedes-Benz","GLC","VIN: ******","12279 миль.","2 л","Автомат","Полный","Серебристый","Кроссовер","https://americamotorsby.ams3.digitaloceanspaces.com/americamotors-by/8fc4b4a0-eb4c-410c-94ba-d87fad099a2b/amby-292a0404155033e0a80ca7bbc2b4f439oeF0RuUvzb.jpg
https://americamotorsby.ams3.digitaloceanspaces.com/americamotors-by/5f5a9bd3-1527-4daa-bd4f-04ec21273e37/amby-fbbf66ec0b00dc1bdc686bd16292471bNjByPmLu6H.jpg
https://americamotorsby.ams3.digitaloceanspaces.com/americamotors-by/168583a0-ae56-4fe2-906c-88f04c7a34dd/amby-76141afb53363fd46b6636d56ad539e99wYbDnhIpy.jpg
https://americamotorsby.ams3.digitaloceanspaces.com/americamotors-by/d639e60b-a6d8-45f0-be21-3a4ac2328523/amby-13660115090defc01715da9520d49028jFWHQ37VGN.jpg
https://americamotorsby.ams3.digitaloceanspaces.com/americamotors-by/fb6708a1-0fa0-4ac3-ae2f-7ed45db78425/amby-f0380a8489d5219c7744e79912428f69uo8HQ5lSGO.jpg
https://americamotorsby.ams3.digitaloceanspaces.com/americamotors-by/5779df34-3b9f-4f69-8b63-91e1404a18bc/amby-48781a2ba4f0fa8f31d2527ed0de939eTY1J3O8jcN.jpg
https://americamotorsby.ams3.digitaloceanspaces.com/americamotors-by/75f60280-1c3b-4c04-a73c-c4fbb084febe/amby-420728790d14bc7f67125bdd3a98df1arHusPvpS4J.jpg
https://americamotorsby.ams3.digitaloceanspaces.com/americamotors-by/120b0d7f-0d1a-4dcc-bba2-fd2f74b892c6/amby-c84e79be513ef2cbee371ab14750c812DvWPpwhYZq.jpg
https://americamotorsby.ams3.digitaloceanspaces.com/americamotors-by/32798a3f-52f2-4626-a16e-51dab0d04079/amby-a3327839bd21d03c150875d10e172782O1bzWH2vEc.jpg"
"1770617389-71","https://americamotors.by/catalog/all/car?type_id=1&status%5B0%5D=all","https://americamotors.by/catalog/all/car?type_id=1&status%5B0%5D=all&page=10","https://americamotors.by/transport/land-rover/velar_rdynamic/828","Под заказ","2019 Land Rover ROVER RANGE VELAR R-DYNAMIC SE","82 350р.","27 000$ / 24 300€","Land Rover","ROVER RANGE VELAR R-DYNAMIC","VIN: ******","39506 миль.","2 л","Автомат","Полный","Черный","Кроссовер","https://americamotorsby.ams3.digitaloceanspaces.com/americamotors-by/93dbb3b7-1524-4ac8-bfa2-a6039d8517b9/amby-d154f4b94af496249466e21a4024f86aoldORqDSvI.jpg
https://americamotorsby.ams3.digitaloceanspaces.com/americamotors-by/1eb79d2c-c9a2-4c8e-b8da-d29285f8a2f1/amby-83b5009e040969ee7b60362ad7426573TzbcX30OR8.jpeg
https://americamotorsby.ams3.digitaloceanspaces.com/americamotors-by/4b6c0a13-7fbf-473a-a484-ef9e616c0c7d/amby-a54dc06d5470c8a127ac54822a020e8dUfesdxgZv6.jpg
https://americamotorsby.ams3.digitaloceanspaces.com/americamotors-by/b31ee92a-478e-450e-aeae-a959c5d6a34c/amby-89e035c3d699439d2248eb562e610fc85M7QpywXmN.jpg
https://americamotorsby.ams3.digitaloceanspaces.com/americamotors-by/90688933-10b7-48d8-a37f-8c07e8f244af/amby-7dd95dd0de912ed08ca4eb98873cae38Fr06uqnyPZ.jpg
https://americamotorsby.ams3.digitaloceanspaces.com/americamotors-by/c089c0d6-cf57-43b2-9fb0-f5edfa3ffa56/amby-82715f1e477eeb8965434b6358dbe43b8S2PozOkah.jpg
https://americamotorsby.ams3.digitaloceanspaces.com/americamotors-by/64a7479f-1b0e-46f3-9049-419e5f928913/amby-b70304485f3f706732ba371dcba1a655CtoaWy0Uzf.jpg
https://americamotorsby.ams3.digitaloceanspaces.com/americamotors-by/ebb4dfb8-e9e2-4797-b32d-e5a03d9c4541/amby-e2ff19e7f111c11f1f5074658116a5122lTnmEPhSL.jpg
https://americamotorsby.ams3.digitaloceanspaces.com/americamotors-by/ddbff223-15e3-4e71-a8a1-a89f8651aadc/amby-5b73f0e403ff9403da30e796f63042c5baBPynpAQO.jpg
https://americamotorsby.ams3.digitaloceanspaces.com/americamotors-by/16e77f23-313a-4039-90dd-373004144fde/amby-8977f60abec300d7777bfa34aa0627334r7ZNTg3ct.jpg"
"1770617399-72","https://americamotors.by/catalog/all/car?type_id=1&status%5B0%5D=all","https://americamotors.by/catalog/all/car?type_id=1&status%5B0%5D=all&page=10","https://americamotors.by/transport/volkswagen/atlas/829","Под заказ","2020 Volkswagen Atlas CROSS SPORT SE","36 600р.","12 000$ / 10 800€","Volkswagen","Atlas","VIN: ******","21000 миль.","3.6 л","Автомат","Полный","Черный","Кроссовер","https://americamotorsby.ams3.digitaloceanspaces.com/americamotors-by/eb02fb77-e525-47e0-a671-bd5f22b439bb/amby-2d2422e790d2349c24415fd38678678aJDGaIXSy8e.jpg
https://americamotorsby.ams3.digitaloceanspaces.com/americamotors-by/803d638a-21cf-493e-a3fe-147012107c41/amby-83b5009e040969ee7b60362ad7426573XYSCbWgBFh.jpeg
https://americamotorsby.ams3.digitaloceanspaces.com/americamotors-by/bf2afa30-6d05-4913-aa38-2dee1a7c2f1a/amby-b91f80a193e63e45574b36b69f87a2cahDS0RopAQl.jpg
https://americamotorsby.ams3.digitaloceanspaces.com/americamotors-by/5b302daa-07d8-408e-a520-481eae4bb5b3/amby-2d55a468d3a473e22577e4dfd625cd8bD1H2YiXS9s.jpg
https://americamotorsby.ams3.digitaloceanspaces.com/americamotors-by/aa977ea1-7513-44a4-bc24-926d6b348fd9/amby-cb4900e6bee53f77c31d8471f965de097mxZVodCbF.jpg
https://americamotorsby.ams3.digitaloceanspaces.com/americamotors-by/89508d06-7ffa-4692-8f70-e43f8afe6cdb/amby-7f80a6166238479b49495d34cd798418YKm76Uz9Cp.jpg
https://americamotorsby.ams3.digitaloceanspaces.com/americamotors-by/d4aeea1d-3b34-4e08-82a9-b1212b2bc5c0/amby-8534451dbc52e103f142a489c9471b04l1QFkRW30e.jpg
https://americamotorsby.ams3.digitaloceanspaces.com/americamotors-by/588fcf0d-4edc-457c-bf86-2845cc3ea10d/amby-d7b9bd531ab9d7d3ee9da2bad9864e987054BtO1br.jpg"
"1770617411-73","https://americamotors.by/catalog/all/car?type_id=1&status%5B0%5D=all","https://americamotors.by/catalog/all/car?type_id=1&status%5B0%5D=all&page=10","https://americamotors.by/transport/audi/q5/830","Под заказ","2019 Audi Q5 PREMIUM","49 720р.","16 300$ / 14 670€","Audi","Q5","VIN: ******","34522 миль.","2 л","Автомат","Полный","Красный","Кроссовер","https://americamotorsby.ams3.digitaloceanspaces.com/americamotors-by/7eac5886-310e-4209-9be4-f657efd4b47e/amby-238ab176e2919053de423a9d4d5554b8FZ7kBo2rSK.jpg
https://americamotorsby.ams3.digitaloceanspaces.com/americamotors-by/9d9ff189-7c33-4b69-8969-2fc911eb949a/amby-83b5009e040969ee7b60362ad7426573WyKiNb7jr9.jpeg
https://americamotorsby.ams3.digitaloceanspaces.com/americamotors-by/2283fa6c-fae4-4593-bf8a-e648e287486a/amby-4574a230f265e19a807f72db85b22395RKWc9XYHkQ.jpg
https://americamotorsby.ams3.digitaloceanspaces.com/americamotors-by/3e7b4ff4-1bfb-45da-9e36-88b054a13b75/amby-66efddc219b8f453e04d6c090031af1cBSprNRKwm0.jpg
https://americamotorsby.ams3.digitaloceanspaces.com/americamotors-by/3a088e29-c930-4905-9e9a-13468d63ff35/amby-fe8a3decbb9835fdce3ba58595bae5e9dXw3U1Yx7E.jpg
https://americamotorsby.ams3.digitaloceanspaces.com/americamotors-by/b83d8a59-f184-44ca-9490-90d8135e4dfb/amby-00dca82416d2121982a1eaae88da6800IyO9lmKVY8.jpg
https://americamotorsby.ams3.digitaloceanspaces.com/americamotors-by/0bebbbd1-a1fd-477e-b3c3-beee5ae1b877/amby-4cdd0b20a9dd32aad60306bfe4a1071bqQYmbGLuND.jpg
https://americamotorsby.ams3.digitaloceanspaces.com/americamotors-by/b62fc537-60e7-4833-b4b2-8f89ef92c8c6/amby-340cabb043ec49ae446875f45a06d4abcZNQkAsm7X.jpg
https://americamotorsby.ams3.digitaloceanspaces.com/americamotors-by/39f73190-4149-4a9c-9d05-8b3fdd6315fb/amby-2830de2a00d7f04b6c69faf5c9e6cd57Pb5Ci9r4Fh.jpg
https://americamotorsby.ams3.digitaloceanspaces.com/americamotors-by/1281610f-5973-44a8-9b23-91945f7a76a6/amby-ac81599a696608cfb4abcfef97d2d95aZd1wschMkG.jpg"
"1770617420-74","https://americamotors.by/catalog/all/car?type_id=1&status%5B0%5D=all","https://americamotors.by/catalog/all/car?type_id=1&status%5B0%5D=all&page=10","https://americamotors.by/transport/toyota/highlander/831","Под заказ","2018 Toyota Highlander SE","39 650р.","13 000$ / 11 700€","Toyota","Highlander","VIN: ******","35000 миль.","3.5 л","Автомат","Полный","Черный","Кроссовер","https://americamotorsby.ams3.digitaloceanspaces.com/americamotors-by/dba211d8-79b8-4b9b-a92e-62da77e556c4/amby-eb26264e2ad80f6c073516c094c010ce1Sm9CUlgTo.jpg
https://americamotorsby.ams3.digitaloceanspaces.com/americamotors-by/7cacc3e5-9227-4e0d-b07e-fbd56a360ae1/amby-83b5009e040969ee7b60362ad7426573Mz0OAqF86b.jpeg
https://americamotorsby.ams3.digitaloceanspaces.com/americamotors-by/cb444e99-bee8-4636-97a6-5cbd43e78c6a/amby-d72ce089d5aa3f6da627e2a41ac5b6c3yi2Fz98hwM.jpg
https://americamotorsby.ams3.digitaloceanspaces.com/americamotors-by/2b75f3d2-6b48-4798-85e0-a6574a5075fc/amby-5e7c96663626007f022b81a0eea9b24eEgnpSd7hJc.jpg
https://americamotorsby.ams3.digitaloceanspaces.com/americamotors-by/af938e0e-94f3-4397-8efb-0814837ef1ef/amby-e5f064deebffba604673aceca4e50c562svHJuAoTf.jpg
https://americamotorsby.ams3.digitaloceanspaces.com/americamotors-by/29ccaaae-41d0-413d-9f75-0da93a20f218/amby-b91f81b8c35886a9bb24543447a7d23dpyfI6dNVi7.jpg
https://americamotorsby.ams3.digitaloceanspaces.com/americamotors-by/5d0e78b0-3afd-4b41-8256-d0a3ecf5fcc6/amby-c95f233145630a7661791a4a24144a9ez51xyijcFZ.jpg
https://americamotorsby.ams3.digitaloceanspaces.com/americamotors-by/424e6f4c-1561-468c-8efb-ab8551b67859/amby-bf32495a1ed2127627a2191e3d98a64bVsCz78PJD5.jpg
https://americamotorsby.ams3.digitaloceanspaces.com/americamotors-by/44da5a6d-6540-4fc8-b355-93f62725fe34/amby-e52501bb90f3f50c15f55e7a4299cf9c1RDmvuhxM2.jpg"
"1770617430-75","https://americamotors.by/catalog/all/car?type_id=1&status%5B0%5D=all","https://americamotors.by/catalog/all/car?type_id=1&status%5B0%5D=all&page=10","https://americamotors.by/transport/volvo/xc90/832","Под заказ","2019 Volvo XC90 T8 INSCRIPTION","56 430р.","18 500$ / 16 650€","Volvo","XC90","VIN: ******","28680 миль.","2 л","Автомат","Полный","Черный","Кроссовер","https://americamotorsby.ams3.digitaloceanspaces.com/americamotors-by/affc499a-e21c-4199-b6da-7e6a95a50f39/amby-58975e6f7d0421961bfe74151b18782bZWqPu2Qf1j.jpg
https://americamotorsby.ams3.digitaloceanspaces.com/americamotors-by/db0f7bb1-b23d-4abb-8d6a-13be16bfb75e/amby-83b5009e040969ee7b60362ad7426573uUD8bTo5aO.jpeg
https://americamotorsby.ams3.digitaloceanspaces.com/americamotors-by/a07ef621-4eaa-492e-ad8f-3fda6d6641bb/amby-c68284e78162f9d1f5704149efcd266cXQ43IevZhb.jpg
https://americamotorsby.ams3.digitaloceanspaces.com/americamotors-by/9a16dfa1-08f4-43e1-a7e3-d7687902a9a8/amby-b065253dc215f76646246aff8964161buIqCv43AnJ.jpg
https://americamotorsby.ams3.digitaloceanspaces.com/americamotors-by/989e78f5-7e5d-4e46-a0dd-9e40c4415ad4/amby-a7be25e08de0f062789605ba879504a5SBWkra5wsq.jpg
https://americamotorsby.ams3.digitaloceanspaces.com/americamotors-by/07f57c7a-8a4c-4f97-858b-21baf037c01b/amby-e805c6713f459daa543a783e7de1e56f17AchgXJOD.jpg
https://americamotorsby.ams3.digitaloceanspaces.com/americamotors-by/6770173e-03a9-4f16-8720-baafc9e2514b/amby-3d420869f14c969203364649ef7cda5c0RQ5Mnhixa.jpg
https://americamotorsby.ams3.digitaloceanspaces.com/americamotors-by/27d09039-adbf-40a3-8d7a-be776d691561/amby-e7993c7fe531d72d2f3674160ec81f781WrqdQubLE.jpg
https://americamotorsby.ams3.digitaloceanspaces.com/americamotors-by/60f2d7b1-b6b0-42d5-ae0b-1a5080317398/amby-2f903f843c5550b0da2f9c4109db83966L3H04vwaM.jpg
https://americamotorsby.ams3.digitaloceanspaces.com/americamotors-by/50947471-5fdb-469a-b1ec-8dcf407fffe3/amby-e4bf046b0e9fa2cd79cfcf93132c4011YOZzfsxrRa.jpg"
"1770617440-76","https://americamotors.by/catalog/all/car?type_id=1&status%5B0%5D=all","https://americamotors.by/catalog/all/car?type_id=1&status%5B0%5D=all&page=10","https://americamotors.by/transport/ford/explorer/834","Под заказ","2019 Ford Explorer XLT","24 400р.","8 000$ / 7 200€","Ford","Explorer","VIN: ******","33729 миль.","2.3 л","Автомат","Передний","Cерый","Кроссовер","https://americamotorsby.ams3.digitaloceanspaces.com/americamotors-by/6222af37-fc4e-4fdd-8892-c2030c9ac1df/amby-9eb84b2c308242d10bb0f8fd4c59715d21Ko8qgyWp.jpg
https://americamotorsby.ams3.digitaloceanspaces.com/americamotors-by/b626a587-dafd-4f79-b94d-97f6d596e3fb/amby-a09b7434f129c05254327af9b16616172Rvhn9rKp7.jpg
https://americamotorsby.ams3.digitaloceanspaces.com/americamotors-by/08e697ee-679e-47b3-8e0e-3f03d986f24e/amby-bcdc4d64c05109633af2d311e266b7d9f0lqCSLWeG.jpg
https://americamotorsby.ams3.digitaloceanspaces.com/americamotors-by/cf332953-db88-4c78-8ef4-90347564dcd0/amby-f2e744e5d9ff212a7f9249a7c6297bf8rpexkmL7Xz.jpg
https://americamotorsby.ams3.digitaloceanspaces.com/americamotors-by/07dd83b7-58b7-4dc0-9900-0f01bc84b06b/amby-b76a65ed6a2de71493aeb2445b528cabFedlvABfuq.jpg
https://americamotorsby.ams3.digitaloceanspaces.com/americamotors-by/cafe8f86-1da1-40a3-ae1f-db7c066a44e0/amby-fc06414e1a011b591d3ecf5d495c7ed9KJRfmz2yPi.jpg
https://americamotorsby.ams3.digitaloceanspaces.com/americamotors-by/19b0871a-5309-4833-b9c2-544afbd200eb/amby-c4ca669611dada4cf9b594ef93c7909cFUE9ZYePBo.jpg
https://americamotorsby.ams3.digitaloceanspaces.com/americamotors-by/e8ae673a-fa62-4bd9-9039-e57c221bfa83/amby-a4befe84804b9284e77b2c040c9fbe50s7Owm1Vi6z.jpg
https://americamotorsby.ams3.digitaloceanspaces.com/americamotors-by/baf8164f-7b69-4231-b9aa-0cd78a470384/amby-ef88a84946a23c8a9920bd41dfaf069akiV24owhZ0.jpg"
"1770617449-77","https://americamotors.by/catalog/all/car?type_id=1&status%5B0%5D=all","https://americamotors.by/catalog/all/car?type_id=1&status%5B0%5D=all&page=10","https://americamotors.by/transport/ford/fusion/835","Под заказ","2019 Ford Fusion TITANIUM","24 100р.","7 900$ / 7 110€","Ford","Fusion","VIN: ******","26949 миль.","2 л","Автомат","Передний","Красный","Седан","https://americamotorsby.ams3.digitaloceanspaces.com/americamotors-by/ddf78802-230f-4828-8a6c-a5e296b1f554/amby-8c8b60522cc29c8647bd54ea72614208Wwj1x6emr8.jpg
https://americamotorsby.ams3.digitaloceanspaces.com/americamotors-by/b82697f1-ced4-427d-8c34-323e9d2d40e6/amby-83b5009e040969ee7b60362ad7426573eoTsXpIhQg.jpeg
https://americamotorsby.ams3.digitaloceanspaces.com/americamotors-by/69ee7ecd-e62f-4152-8c0e-28c89c963d33/amby-517a515ba819b9623aad0876206ca3495CiElGKUo0.jpg
https://americamotorsby.ams3.digitaloceanspaces.com/americamotors-by/1b1e99f8-815c-42f0-8da5-1c88460dd5c9/amby-bc938f5483632e41ae5a201a341ba7ecycYDCKhSbr.jpg
https://americamotorsby.ams3.digitaloceanspaces.com/americamotors-by/dff8bd0d-7abe-4a5c-ac53-e5f5191571e7/amby-fe0074b1d7e88d80a5332e7177c36e9bIy3WZHLdYf.jpg
https://americamotorsby.ams3.digitaloceanspaces.com/americamotors-by/91f65dea-f69a-4222-9352-e7225252598b/amby-c1dfe9ce42579b0797891a0c1ac9287eRoEScWGn1h.jpg
https://americamotorsby.ams3.digitaloceanspaces.com/americamotors-by/8b3085f2-070d-4f99-ab61-66eac71dfe69/amby-081130dc60889fda07a257d072dae75a4saLHkEdDS.jpg
https://americamotorsby.ams3.digitaloceanspaces.com/americamotors-by/bb986298-206d-4e7c-a2c9-2fed8cb38582/amby-70957480d40ee95b21113d90332a4ef7swI02qKdS4.jpg
https://americamotorsby.ams3.digitaloceanspaces.com/americamotors-by/b6c63241-78c3-4b5f-98f4-07bab3490767/amby-882c38b9843088b51d3199d962d7909akrSFvoNIEB.jpg
https://americamotorsby.ams3.digitaloceanspaces.com/americamotors-by/3666ea83-0a1b-41fa-a582-d7581f02dc46/amby-0d0cd1ec63d170814f17ddd7d8daf404jr4OD7XzGT.jpg"
"1770617459-78","https://americamotors.by/catalog/all/car?type_id=1&status%5B0%5D=all","https://americamotors.by/catalog/all/car?type_id=1&status%5B0%5D=all&page=10","https://americamotors.by/transport/jeep/grand_cherokee/836","Под заказ","2019 Jeep Grand Cherokee CHEROKEE SRT-8","33 550р.","11 000$ / 9 900€","Jeep","Grand Cherokee","VIN: ******","42000 миль.","6.4 л","Автомат","Полный","Белый","Внедорожник","https://americamotorsby.ams3.digitaloceanspaces.com/americamotors-by/9f5c0ab6-39f9-4fb1-a203-01dc24567cac/amby-fe8765877546583181e09aa6199c4bfatrVmPln7ps.jpg
https://americamotorsby.ams3.digitaloceanspaces.com/americamotors-by/c6314692-cb71-4e38-8622-3d6b50bd5ba3/amby-83b5009e040969ee7b60362ad7426573Dv826T940u.jpeg
https://americamotorsby.ams3.digitaloceanspaces.com/americamotors-by/73bc30a3-feab-4efc-b7cd-09bd65b0be16/amby-218e1c17d2975caeed1eb30d30b96acbjMRWAJxQC1.jpg
https://americamotorsby.ams3.digitaloceanspaces.com/americamotors-by/077becf8-882b-4b3f-9363-da55f0a06892/amby-e149cd707241e9625138b881b22a0a0bBIUJ23yQtg.jpg
https://americamotorsby.ams3.digitaloceanspaces.com/americamotors-by/6345ce5f-5bd4-4735-a773-d6a9eaa41464/amby-7266a06936f16878c82c6620daebf627l4PfZFiWwn.jpg
https://americamotorsby.ams3.digitaloceanspaces.com/americamotors-by/812e7dd3-5e2c-4bb6-a2a7-52590949e2eb/amby-d8caa620b85d5e312920d3e6939866c8VNlB3gn6wv.jpg
https://americamotorsby.ams3.digitaloceanspaces.com/americamotors-by/4ca7a863-1edb-4e43-bb28-0df903e2202a/amby-3ad22d9068f06d31202f51f97571935f4vcLWgFAOi.jpg
https://americamotorsby.ams3.digitaloceanspaces.com/americamotors-by/7584a6f4-5e57-49f4-9857-d6b791a61ee2/amby-c5246be500222b21ad401584718563e75Uf9TxB1NX.jpg"
"1770617471-79","https://americamotors.by/catalog/all/car?type_id=1&status%5B0%5D=all","https://americamotors.by/catalog/all/car?type_id=1&status%5B0%5D=all&page=10","https://americamotors.by/transport/honda/civic/837","Под заказ","2019 Honda Civic SPORT","25 320р.","8 300$ / 7 470€","Honda","Civic","VIN: ******","44869 миль.","2 л","Механика","Передний","Красный","Хэтчбек","https://americamotorsby.ams3.digitaloceanspaces.com/americamotors-by/8f58e5ce-42e9-43e8-8d6e-34899a7d00f2/amby-e3fdfcb08997f2044f0b3e82abd4d80bz2dhLQnwEr.jpg
https://americamotorsby.ams3.digitaloceanspaces.com/americamotors-by/c316ac9f-7aa5-4e7b-a607-4b7009e879c8/amby-e3fdfcb08997f2044f0b3e82abd4d80bRWKVnc2GzH.jpg
https://americamotorsby.ams3.digitaloceanspaces.com/americamotors-by/b10d39ed-0dab-455c-9db1-5015980f2e17/amby-8cd474b1fcc703ec9493ed3cb462e76fl8yuSGQtHY.jpg
https://americamotorsby.ams3.digitaloceanspaces.com/americamotors-by/02581c61-2843-4c2f-b4fe-73b3f22959f2/amby-4397fea2ad42239e94934ca8066fb74b1zCtR9q3iu.jpg
https://americamotorsby.ams3.digitaloceanspaces.com/americamotors-by/5239a2fb-4e46-46bb-9e22-33b3d07a8001/amby-dd3068eca49bac2fa2eb931ae68e0995XuATSNscoq.jpg
https://americamotorsby.ams3.digitaloceanspaces.com/americamotors-by/81e07a8d-3a99-483b-b8da-456c745987b3/amby-1446ce930e76e6383071222cd1757f65btHB8eXVQv.jpg
https://americamotorsby.ams3.digitaloceanspaces.com/americamotors-by/29ea9665-0653-4768-a527-ce781eb23ac2/amby-0e16a52676589e18eab309371339923b9fPYWXKHMI.jpg
https://americamotorsby.ams3.digitaloceanspaces.com/americamotors-by/f805e71e-092b-4cd5-9506-707c2a683614/amby-5e39fad431e8bfaa0e3076c9c553216eRwSNqC0I8r.jpg
https://americamotorsby.ams3.digitaloceanspaces.com/americamotors-by/49d31642-742f-4f22-a27d-1156c6ac71df/amby-f43451ab275a6e4bfefce62666fd8a79VDjHlygxMC.jpg
https://americamotorsby.ams3.digitaloceanspaces.com/americamotors-by/a47a5162-b22f-4cf9-a4dd-d2b23f0c2551/amby-93b4d3a735866fb8793c15574f4749edfYlrSxvnzt.jpg"
"1770617481-80","https://americamotors.by/catalog/all/car?type_id=1&status%5B0%5D=all","https://americamotors.by/catalog/all/car?type_id=1&status%5B0%5D=all&page=9","https://americamotors.by/transport/hyundai/kona/838","Под заказ","2019 Hyundai Kona SE","19 830р.","6 500$ / 5 850€","Hyundai","Kona","VIN: ******","4062 миль.","2 л","Автомат","Передний","Черный","Кроссовер","https://americamotorsby.ams3.digitaloceanspaces.com/americamotors-by/8a37c59f-d78c-4921-bc62-224b478559ed/amby-74a303a7e4246d9a928ec0fdd6e70c8cRl1M5TmAaH.jpg
https://americamotorsby.ams3.digitaloceanspaces.com/americamotors-by/294a320b-95c3-404b-9143-90bd0676bb72/amby-3e3a26a1dc1767b26f4d8c08e8b396dadyvMUE4cIb.jpg
https://americamotorsby.ams3.digitaloceanspaces.com/americamotors-by/43519aeb-c249-4797-a4ad-1efd582a585b/amby-66d6cdfdd742c5eaf5043042f78fd027eg8QSNPrU3.jpg
https://americamotorsby.ams3.digitaloceanspaces.com/americamotors-by/39cc4fc0-65b0-452d-bc37-3da14ceb9fb0/amby-453b0ec42f2baefd2f6dc2e6e86798ebL29kmlYps6.jpg
https://americamotorsby.ams3.digitaloceanspaces.com/americamotors-by/663062fd-d04b-4418-9437-e5ef8bd7acd6/amby-74a303a7e4246d9a928ec0fdd6e70c8cLnYHluKFXr.jpg
https://americamotorsby.ams3.digitaloceanspaces.com/americamotors-by/e9d2c853-b920-4565-96fa-e3c0026a583b/amby-53617084a8d2f0ffa40b6651f60f697eT2pNeYuzlU.jpg
https://americamotorsby.ams3.digitaloceanspaces.com/americamotors-by/55d9506c-db29-4d64-a33c-4f2d1c01518a/amby-22d5a3b5b839fb075375cb1b159a5aeaULYAHeC6WE.jpg
https://americamotorsby.ams3.digitaloceanspaces.com/americamotors-by/2bd6edab-a8a3-4de4-80ec-2edea80f5c4a/amby-d4a4db2bb2436ce69b734700d11c7da1E6RQrOcT7p.jpg
https://americamotorsby.ams3.digitaloceanspaces.com/americamotors-by/eac2dfa8-49e0-401b-9669-d65b71ad8463/amby-b4900cd68188620ba323b7e151cf53fbnmsk0N3VTC.jpg
https://americamotorsby.ams3.digitaloceanspaces.com/americamotors-by/b2c07c57-6eb2-4dcd-95fa-f5519b4a7a97/amby-5990a31c249488818eea062eb24ac84fKbQMBAlyYV.jpg"
"1770617491-81","https://americamotors.by/catalog/all/car?type_id=1&status%5B0%5D=all","https://americamotors.by/catalog/all/car?type_id=1&status%5B0%5D=all&page=9","https://americamotors.by/transport/porsche/cayenne/839","Под заказ","2019 Porsche Cayenne","88 450р.","29 000$ / 26 100€","Porsche","Cayenne","VIN: ******","51208 миль.","3 л","Автомат","Полный","Черный","Кроссовер","https://americamotorsby.ams3.digitaloceanspaces.com/americamotors-by/51db8a03-a92d-467f-8606-145b494f314b/amby-0d9032c9b594504ada6d90af7a719601TMgnSiuElG.jpg
https://americamotorsby.ams3.digitaloceanspaces.com/americamotors-by/015df608-b9dc-4331-9bad-72cf6cfb8c7b/amby-0d9032c9b594504ada6d90af7a7196014PQbVsCrXz.jpg
https://americamotorsby.ams3.digitaloceanspaces.com/americamotors-by/b8e9ba6d-1f78-46e1-8b9b-0cc56404b3f6/amby-4d5b9e4713d589ac3c888ba03f3b1b43V24yUOF58L.jpg
https://americamotorsby.ams3.digitaloceanspaces.com/americamotors-by/da53e82b-3e17-48e0-b08c-121205fb776b/amby-f42d0966cb7632d10ea6a8cad7dd254eRmgoB2MJFH.jpg
https://americamotorsby.ams3.digitaloceanspaces.com/americamotors-by/be14cc32-09cb-4ca2-81f9-1212378980f4/amby-a651562b5ec1232960e3cf6c64682316QAHRPu3wK9.jpg
https://americamotorsby.ams3.digitaloceanspaces.com/americamotors-by/23163d3f-d0a5-47c8-b6d4-00781dbc212e/amby-76af9d3e8eede8539fdd61789e507a77hWmOEcLsQV.jpg
https://americamotorsby.ams3.digitaloceanspaces.com/americamotors-by/4da0fe0a-b2ef-4115-9513-d8ecdd1f50ec/amby-a977015d9b5ebb6285734edc1998b40eGjIdyALYB0.jpg
https://americamotorsby.ams3.digitaloceanspaces.com/americamotors-by/5ffd2c05-4a30-47c0-b42e-cb5dba7255fe/amby-530b74178e3fe645e8c36f136a9b8415R70yGhHveK.jpg
https://americamotorsby.ams3.digitaloceanspaces.com/americamotors-by/5e40fd9c-9f76-4ac4-809c-67b1c0bbe5ac/amby-e7ddb251e213a0eef875a2051472e65czk9qpuECDs.jpg"
"1770617501-82","https://americamotors.by/catalog/all/car?type_id=1&status%5B0%5D=all","https://americamotors.by/catalog/all/car?type_id=1&status%5B0%5D=all&page=9","https://americamotors.by/transport/chevrolet/traverse/840","Под заказ","2019 Chevrolet TRAVERSE LT","24 100р.","7 900$ / 7 110€","Chevrolet","TRAVERSE","VIN: ******","73056 миль.","3.6 л","Автомат","Полный","Золотистый","Кроссовер","https://americamotorsby.ams3.digitaloceanspaces.com/americamotors-by/6e25d19f-0390-438e-b574-5d5331fe6246/amby-d3eb82adf552c4295346df27c74c66c8cuxTkVJybM.jpg
https://americamotorsby.ams3.digitaloceanspaces.com/americamotors-by/16728799-7e55-4c7a-a5a2-a59142c2b167/amby-0228289d4a4f1b1f8cbde78b4510305anygchvHMJX.jpg
https://americamotorsby.ams3.digitaloceanspaces.com/americamotors-by/ebeb806e-f6d2-4b98-89bf-230b445d84f4/amby-b3fc1e47edb1f761aefae326f48e5978eItHq6wajs.jpg
https://americamotorsby.ams3.digitaloceanspaces.com/americamotors-by/1523dd8c-518a-48f8-a80c-3e2712286bf6/amby-8b28e2cbd3223f2bb05ee39a89896f52Y3wjaEyfqd.jpg
https://americamotorsby.ams3.digitaloceanspaces.com/americamotors-by/fdc92791-7b55-4c00-aace-85266284a6aa/amby-b680e3212968ae222689ba9733f4bdb8zmM2qTyEXk.jpg
https://americamotorsby.ams3.digitaloceanspaces.com/americamotors-by/7c7fde56-ccde-46aa-b53e-30f4473db9a6/amby-503ac67aad9d732ebc6aa759f28cb644LfNhtXF5S4.jpg
https://americamotorsby.ams3.digitaloceanspaces.com/americamotors-by/1d4467e9-917f-4363-a523-355a03ec078b/amby-d7620b707958850d6f779727670c081cnbTY6fFVHA.jpg
https://americamotorsby.ams3.digitaloceanspaces.com/americamotors-by/a0b2f52e-b55f-4f2b-a778-2cc6665f35ae/amby-130e6037d2685ffb3efc5cf7126d00a5imlEr1wsVJ.jpg
https://americamotorsby.ams3.digitaloceanspaces.com/americamotors-by/9d2b5897-d765-49dc-a737-54ba74834fcf/amby-0812f92dcfb372ccff65a38b68234907pykjDBvTeU.jpg"
"1770617512-83","https://americamotors.by/catalog/all/car?type_id=1&status%5B0%5D=all","https://americamotors.by/catalog/all/car?type_id=1&status%5B0%5D=all&page=9","https://americamotors.by/transport/chevrolet/equinox/841","Под заказ","2019 Chevrolet Equinox LT","22 880р.","7 500$ / 6 750€","Chevrolet","Equinox","VIN: ******","27778 миль.","1.5 л","Автомат","Передний","Белый","Кроссовер","https://americamotorsby.ams3.digitaloceanspaces.com/americamotors-by/514cbc66-edad-45c1-95c5-b05ed82e4638/amby-3d9e2a84af9bae99b5965cdbe4c444b1rYyqjOPcZk.jpg
https://americamotorsby.ams3.digitaloceanspaces.com/americamotors-by/bab096b1-a318-45bb-8bf6-f50a3bc0d69a/amby-83b5009e040969ee7b60362ad7426573agxjbA08lQ.jpeg
https://americamotorsby.ams3.digitaloceanspaces.com/americamotors-by/d1dd2bc8-2ffa-4164-a693-ee5e80cd1da4/amby-f74c72d3877cce4887339a4bf5046efcu3ASQh9fgi.jpg
https://americamotorsby.ams3.digitaloceanspaces.com/americamotors-by/47af26f7-0a08-4595-99db-92d814d7653f/amby-2b2adac94c2709945dfb5688f1153aabzaP2tb0Olo.jpg
https://americamotorsby.ams3.digitaloceanspaces.com/americamotors-by/ee9ecc48-0804-4b07-bd7b-3ee22f247014/amby-f18ca5e0ea3982baef6dd53433c3938eipXGxamf7H.jpg
https://americamotorsby.ams3.digitaloceanspaces.com/americamotors-by/ad543e46-0dc6-4e5e-b4d5-4b8632bde2b1/amby-a0906c9715066773fa9225f4bc24b6edUiEqk3wWul.jpg
https://americamotorsby.ams3.digitaloceanspaces.com/americamotors-by/705db391-875c-41aa-96d7-9920edbe66a8/amby-0f788d8c757b95da2f03df1416b3e554iUsjwW5rnA.jpg
https://americamotorsby.ams3.digitaloceanspaces.com/americamotors-by/3cb63891-d3dc-4395-8c78-697143db324c/amby-a850321ec964219851bed350a2c51c7aDS1l0IsFur.jpg
https://americamotorsby.ams3.digitaloceanspaces.com/americamotors-by/ab21752c-02c2-4fc3-a703-b4957ff7e229/amby-1c9458bd90aa9b1d1bb88b790333e480rqJsiBckjp.jpg
https://americamotorsby.ams3.digitaloceanspaces.com/americamotors-by/b1ad3b96-560c-486c-b346-0c41ec4fd392/amby-b87948539fa7ad37407772c12a47f87dGilPFvgJdo.jpg"
"1770617521-84","https://americamotors.by/catalog/all/car?type_id=1&status%5B0%5D=all","https://americamotors.by/catalog/all/car?type_id=1&status%5B0%5D=all&page=9","https://americamotors.by/transport/porsche/cayenne/842","Под заказ","2019 Porsche Cayenne SE HYBRID","94 550р.","31 000$ / 27 900€","Porsche","Cayenne","VIN: ******","1900 миль.","3 л","Автомат","Полный","Черный","Кроссовер","https://americamotorsby.ams3.digitaloceanspaces.com/americamotors-by/745c65bf-2ced-4006-925b-69356feda264/amby-f526e512c6ae4ab81184588fb4ff97e8eNrpl1fOjQ.jpg
https://americamotorsby.ams3.digitaloceanspaces.com/americamotors-by/e3ce8618-32d8-4ffe-8917-de2bd7830bc0/amby-935a874547429d7a3e2af7ed875ef54fOlyDUPbxrJ.png
https://americamotorsby.ams3.digitaloceanspaces.com/americamotors-by/0b88b198-b255-4b13-be46-8ca982bf7bf0/amby-3d2207bb8becf52a95113a0f386dd3e6Ttuo7rVXjl.jpg
https://americamotorsby.ams3.digitaloceanspaces.com/americamotors-by/77ae8354-deb5-4c07-8a1b-2294fb521c71/amby-9213b46012eb433160e3159d8876f3dbSiuKqMPxOe.jpg
https://americamotorsby.ams3.digitaloceanspaces.com/americamotors-by/26b5f9df-6ddf-4f17-8158-04e550179a3f/amby-681e4d1531be4f05f6527926a62a9597BAkWfQHGIY.jpg
https://americamotorsby.ams3.digitaloceanspaces.com/americamotors-by/bf82c1a6-1ea2-4356-9c7f-dd9775489c9c/amby-1aeb54e2576bc4872f0ebc800ab812b98LcaBRWy7h.jpg
https://americamotorsby.ams3.digitaloceanspaces.com/americamotors-by/5b57b7f8-92fe-41ff-a440-f56c2ff84b8d/amby-9fc9260a72e7af1475682c82e3352459L5FTm1KryD.jpg
https://americamotorsby.ams3.digitaloceanspaces.com/americamotors-by/5b6d2255-1a8a-40aa-80cf-34c117a93eb4/amby-3f270cbe8a300ef64a1733b5e76e16e4qiB5wshK3M.jpg
https://americamotorsby.ams3.digitaloceanspaces.com/americamotors-by/336ca0fb-e2e1-4be6-9486-1e64e15233a0/amby-5284f48195cd1fbf33c18be02b0bd82d3jC5Ndy8q2.jpg
https://americamotorsby.ams3.digitaloceanspaces.com/americamotors-by/98eebc0a-09dc-4a75-a204-f7f42cb3b110/amby-9ad4a2132be18dbffbb1462c01d8ccbbtCU4vVXjkm.jpg"
"1770618810-85","https://americamotors.by/catalog/all/car?type_id=1&status%5B0%5D=all","https://americamotors.by/catalog/all/car?type_id=1&status%5B0%5D=all&page=9","https://americamotors.by/transport/chevrolet/equinox/844","Под заказ","2019 Chevrolet Equinox LT","18 300р.","6 000$ / 5 400€","Chevrolet","Equinox","VIN: ******","11000 миль.","1.5 л","Автомат","Передний","Зеленый","Кроссовер","https://americamotorsby.ams3.digitaloceanspaces.com/americamotors-by/db0a402a-ae55-4553-acd3-61b45c5fa052/amby-d605ccaecaed1ce988e7c1930c88d3bdBFo6vJuhP3.jpg
https://americamotorsby.ams3.digitaloceanspaces.com/americamotors-by/3fe34ed6-245e-41f8-a639-fd6a030b488d/amby-c6c56b0c7feaeb4014dc6bb020858860bSBhq17dTI.jpg
https://americamotorsby.ams3.digitaloceanspaces.com/americamotors-by/51826d1f-9784-428f-b69d-c1f6e6814199/amby-8400f782e4abf9a82cf54383286e1ac1Gi7zcA9xEO.jpg
https://americamotorsby.ams3.digitaloceanspaces.com/americamotors-by/1db54002-8b78-4c29-9ecc-525d79130787/amby-be5c1d34fed969d9c93c6a1a20cb74beW2tN8KyJSz.jpg
https://americamotorsby.ams3.digitaloceanspaces.com/americamotors-by/f9027146-f31b-437e-8f0f-4150c4d2beae/amby-5afd3f287de6d21a9cc023757b8f09fayelTJPp12W.jpg
https://americamotorsby.ams3.digitaloceanspaces.com/americamotors-by/d11b5570-9e7d-4768-b527-fe7cbe7835b6/amby-cc271222225b7278ed4cc81ea02591ffcfkgLrFl90.jpg
https://americamotorsby.ams3.digitaloceanspaces.com/americamotors-by/df927168-cff8-42c7-a753-09b41bfe4a7f/amby-e2637a41bb31c6df614df92624d6e486r8QjA5dns7.jpg
https://americamotorsby.ams3.digitaloceanspaces.com/americamotors-by/7041239e-8885-429d-b387-b9a9e4319d9e/amby-0ac58ac20795746282b85d42c6ec4a35pbKZREYo9T.jpg"
"1770618815-86","https://americamotors.by/catalog/all/car?type_id=1&status%5B0%5D=all","https://americamotors.by/catalog/all/car?type_id=1&status%5B0%5D=all&page=9","https://americamotors.by/transport/ford/expedition/845","Под заказ","2019 Ford Expedition MAX XLT","48 800р.","16 000$ / 14 400€","Ford","Expedition","VIN: ******","19477 миль.","3.5 л","Автомат","Полный","Черный","Внедорожник","https://americamotorsby.ams3.digitaloceanspaces.com/americamotors-by/c8783cbd-2d09-4cdf-9dba-5eb96535285d/amby-22ac8f9004ed780ca6261037a98416bdo9vJGNekLW.jfif
https://americamotorsby.ams3.digitaloceanspaces.com/americamotors-by/29fd1034-c606-4f2d-9387-4bb1f7e0b75c/amby-f59e6b873b56123fd62f9e3ae3ada7aawKfRNdHpS9.jfif
https://americamotorsby.ams3.digitaloceanspaces.com/americamotors-by/43581b2e-08c1-4864-92dd-d0fec7ebb9c6/amby-c6dcba0163921ea8355377b54f56e187Lzr69lXdSh.jfif
https://americamotorsby.ams3.digitaloceanspaces.com/americamotors-by/c6610eab-ebab-45aa-be25-30fe601de0be/amby-b8894af1bb835a2760b6cafb9f11328fMHjURqAsxX.jfif
https://americamotorsby.ams3.digitaloceanspaces.com/americamotors-by/b687dda8-97ac-4c70-877b-099a0093aeb9/amby-73a0ea235808b4e2c7ebfaab3e2b94b6Cw17pzKnPl.jfif
https://americamotorsby.ams3.digitaloceanspaces.com/americamotors-by/e43d1e0d-a97d-451c-90dd-ac329a9f752b/amby-a58f93d17261fdd3ce6e5e4ba46ace54s6M5eqInDu.jfif
https://americamotorsby.ams3.digitaloceanspaces.com/americamotors-by/fe19d0c6-e929-47fd-8ed3-a8840f88083a/amby-557d9d9f15d10acff9166591320bb23cnVAS43qBuw.jfif
https://americamotorsby.ams3.digitaloceanspaces.com/americamotors-by/9609ceec-b961-4570-a48d-7c7c942ef64f/amby-cae11c02f8cee6e41049e343fa25223ekE4UGVPAZh.jfif
https://americamotorsby.ams3.digitaloceanspaces.com/americamotors-by/b52b8e7e-243d-4101-a2f7-8aa23c6c79ee/amby-bb2eae05a9b59ba94f907cca8c54abb8uJXeYg5Ksd.jfif"
"1770618820-87","https://americamotors.by/catalog/all/car?type_id=1&status%5B0%5D=all","https://americamotors.by/catalog/all/car?type_id=1&status%5B0%5D=all&page=9","https://americamotors.by/transport/ford/explorer/846","Под заказ","2019 Ford Explorer XLT","33 550р.","11 000$ / 9 900€","Ford","Explorer","VIN: ******","39545 миль.","3.5 л","Автомат","Полный","Серебристый","Кроссовер","https://americamotorsby.ams3.digitaloceanspaces.com/americamotors-by/2a4b9486-7ca4-491f-acff-b7f7e47ab8bd/amby-816bae122163b4d855c7f36e11fad640HEOCjaf5kc.jpg
https://americamotorsby.ams3.digitaloceanspaces.com/americamotors-by/604f390d-6a27-4558-8f4f-f7c8675bf332/amby-112a6a75ebd55fd1c00fe96ddcf554d1hXv9QNq1Cj.jpg
https://americamotorsby.ams3.digitaloceanspaces.com/americamotors-by/13cf6645-6cb2-4302-8fe0-126c68a58367/amby-c558bad7a6479d15288dabeeebd9964891d3boFsuM.jpg
https://americamotorsby.ams3.digitaloceanspaces.com/americamotors-by/534cb9e7-44be-4b08-a4f0-e796c9ecdf27/amby-23725de843571e1a15776ba21b6468b5cKfPmTMDGg.jpg
https://americamotorsby.ams3.digitaloceanspaces.com/americamotors-by/aa2793a3-ab48-4f8d-af04-830d774aec4a/amby-1b58949679139081bd9bc9ee27e9e939ruQG1Thsdx.jpg
https://americamotorsby.ams3.digitaloceanspaces.com/americamotors-by/690bb9f3-7b0d-4846-a8f7-9dd9923869c6/amby-888314b228f66fb22f1b0a3766e519c7UXWAKt1vSp.jpg
https://americamotorsby.ams3.digitaloceanspaces.com/americamotors-by/9a363673-bfca-435b-9b4b-a11683deef07/amby-4a48cd1beb814b3cec3718c948c48e9cvXke7rRGdH.jpg
https://americamotorsby.ams3.digitaloceanspaces.com/americamotors-by/e3c3174c-31a3-475a-93fd-366e714a0d01/amby-d7ee4683480af8f0d47bb452aafef2fe7ZfA5DlndK.jpg
https://americamotorsby.ams3.digitaloceanspaces.com/americamotors-by/ce0546b9-b060-4f8e-b49a-90a5efa758c1/amby-3e202b86090c0790a75e991d75a78d79GfEiaxOVqP.jpg"
"1770618826-88","https://americamotors.by/catalog/all/car?type_id=1&status%5B0%5D=all","https://americamotors.by/catalog/all/car?type_id=1&status%5B0%5D=all&page=9","https://americamotors.by/transport/audi/q7/847","Под заказ","2019 Audi Q7 PREMIUM PLUS","64 970р.","21 300$ / 19 170€","Audi","Q7","VIN: ******","30153 миль.","3 л","Автомат","Полный","Черный","Кроссовер","https://americamotorsby.ams3.digitaloceanspaces.com/americamotors-by/c446339d-c254-4930-8e1a-86f46a870587/amby-7153a015d52d296c75c90b3aec18db6fGCkjFfXzVy.jpg
https://americamotorsby.ams3.digitaloceanspaces.com/americamotors-by/29f6a174-533e-4afd-a5be-9773ed37e695/amby-83b5009e040969ee7b60362ad7426573cT3LpZ5G1k.jpeg
https://americamotorsby.ams3.digitaloceanspaces.com/americamotors-by/26438637-b5c4-469b-98d1-bf046b7667ab/amby-660dd76e8b34b21002ba183189de08deyJcM0AYl1F.jpg
https://americamotorsby.ams3.digitaloceanspaces.com/americamotors-by/c919120d-12dc-4253-859f-6496fb57fb47/amby-692f61b5214398a4fac20d49c3414afddkgSrnyM5Y.jpg
https://americamotorsby.ams3.digitaloceanspaces.com/americamotors-by/cf77c80a-555f-4aae-8a40-af4769475719/amby-b7ab77b1b956e8ee44f674f21dcbd201r6Nn9yOdqx.jpg
https://americamotorsby.ams3.digitaloceanspaces.com/americamotors-by/f965044d-72f2-41f7-91d4-8ada646ee3c4/amby-11994731d168545da5668e786b32e474ryZ08ve2I6.jpg
https://americamotorsby.ams3.digitaloceanspaces.com/americamotors-by/0e172b7d-3641-4f54-be44-60453b3b15f3/amby-3629adb6e22d739dac72b0c2d09e342fOM209z4KWY.jpg
https://americamotorsby.ams3.digitaloceanspaces.com/americamotors-by/dd3d4986-430d-4580-b01f-76e0319c6f7c/amby-e891183f6d7a938cfa73371a1940118a6w2h9HW4Cn.jpg
https://americamotorsby.ams3.digitaloceanspaces.com/americamotors-by/f4e2d7c6-1aad-485d-9a26-9b0bdf2ccf2a/amby-312fa8370bf088d962908d8ecebf00ddeclOb2SCZL.jpg
https://americamotorsby.ams3.digitaloceanspaces.com/americamotors-by/8e39e247-ab28-4005-b56d-fe0cdd3d49de/amby-613286c6045eb98e9800a1a92796acf552uNCteSiA.jpg"
"1770618838-89","https://americamotors.by/catalog/all/car?type_id=1&status%5B0%5D=all","https://americamotors.by/catalog/all/car?type_id=1&status%5B0%5D=all&page=8","https://americamotors.by/transport/bmw/330/848","Под заказ","2019 BMW 330 XI","69 850р.","22 900$ / 20 610€","BMW","330","VIN: ******","82085 миль.","2 кВт","Автомат","Полный","Cерый","Седан","https://americamotorsby.ams3.digitaloceanspaces.com/americamotors-by/e83a97ca-2a21-4152-8c22-800650e4fb88/amby-3026473f5a287d43566cadb2ffb05f723HgG7nJWsR.jpg
https://americamotorsby.ams3.digitaloceanspaces.com/americamotors-by/9d4cba67-5185-44f3-bb23-3479064dd477/amby-f7f163af78812e58c4d3c47b4e396ae6z6igk0BOJa.jpeg
https://americamotorsby.ams3.digitaloceanspaces.com/americamotors-by/a7ee47f5-b356-4223-8de9-a363e93826a5/amby-71b6592f001eb29386b8d2bcf63b1a77Rwr5GesCYM.jpg
https://americamotorsby.ams3.digitaloceanspaces.com/americamotors-by/b5d8e122-0a75-435d-a468-fc021952e239/amby-34bb63aceddf4c36ea32bcca984a3ed44hwlp5Gqgr.jpg
https://americamotorsby.ams3.digitaloceanspaces.com/americamotors-by/b59ca3cf-6893-4b84-a6ab-20d05040a687/amby-6febfe9264e23690a8320f100539b080C2aNP1ZofR.jpg
https://americamotorsby.ams3.digitaloceanspaces.com/americamotors-by/92efcc83-7ef9-4690-9f4a-1119df1aa70e/amby-23230f147a0b688344f858d333f9e1f2P1iXVx0WNc.jpg
https://americamotorsby.ams3.digitaloceanspaces.com/americamotors-by/46ca2e77-3e32-43b2-a5bf-521a8921cff6/amby-92a46ae4fc46460d3674bb05e897ca302qwxbu8vzs.jpg
https://americamotorsby.ams3.digitaloceanspaces.com/americamotors-by/8b093c74-87aa-47f3-a64a-3bce0ff9df6b/amby-a3c2a79725c4f62fd596a52b6c682040a7OWkjzIAe.jpg
https://americamotorsby.ams3.digitaloceanspaces.com/americamotors-by/1a27eae1-c883-4c99-a3c6-0ef2eda7dd85/amby-606caef259e562cd16d2dee5dd1c5135rcyuqjpDI0.jpg"
"1770618845-90","https://americamotors.by/catalog/all/car?type_id=1&status%5B0%5D=all","https://americamotors.by/catalog/all/car?type_id=1&status%5B0%5D=all&page=8","https://americamotors.by/transport/chevrolet/silverado_k1500/849","Под заказ","2019 Chevrolet SILVERADO K1500 CUSTOM","76 250р.","25 000$ / 22 500€","Chevrolet","SILVERADO K1500","VIN: ******","25783 миль.","4.3 л","Автомат","Полный","Cерый","Пикап","https://americamotorsby.ams3.digitaloceanspaces.com/americamotors-by/55b6ddee-ed38-4d80-82f1-2fc5cc16bacd/amby-1e270dd73aed306a39a8fac47ad17f0fJO4gytwUD1.jpg
https://americamotorsby.ams3.digitaloceanspaces.com/americamotors-by/0f32ebef-4298-4f91-8c61-e1fc554166bc/amby-93e7aa2e898ba0abbc3ea606977c0db6NRv7l0fcYg.jpg
https://americamotorsby.ams3.digitaloceanspaces.com/americamotors-by/5ec37f2c-04e7-4bad-922f-42291ee0338f/amby-03139b0510c6990d60bb6b88e56bf3c8twAqDB3XOj.jpg
https://americamotorsby.ams3.digitaloceanspaces.com/americamotors-by/adb9699a-d63c-4492-8df0-8a80805a46bc/amby-0d51bf1ac1c1d8e53856c2d445e6f487E7bsHyB4lM.jpg
https://americamotorsby.ams3.digitaloceanspaces.com/americamotors-by/204e46f8-e65d-4730-8886-b3b251c14c3c/amby-c427ab9aa016f002632295d592ac7f89Elmn3uVWhS.jpg
https://americamotorsby.ams3.digitaloceanspaces.com/americamotors-by/b8b58a95-4978-42e1-aa13-3855c11744f2/amby-a7e5119efed6cf41fd38287fff199173jt1V5GOxoB.jpg
https://americamotorsby.ams3.digitaloceanspaces.com/americamotors-by/23468c6c-e53d-4d70-b61f-bdd453cd7f9d/amby-1b73626da1298cc7c1032004db57216aHV6e04NfFI.jpg
https://americamotorsby.ams3.digitaloceanspaces.com/americamotors-by/b0dd3723-b93d-4a64-91ce-ecd4d0fa3f33/amby-1e270dd73aed306a39a8fac47ad17f0f3JyNAPDFjs.jpg
https://americamotorsby.ams3.digitaloceanspaces.com/americamotors-by/964e90ee-8e79-4135-b78c-10d9e16e2e0d/amby-2010bca1135a2d246b181141f05596f6AVzPHovt7s.jpg"
"1770618851-91","https://americamotors.by/catalog/all/car?type_id=1&status%5B0%5D=all","https://americamotors.by/catalog/all/car?type_id=1&status%5B0%5D=all&page=8","https://americamotors.by/transport/gmc/sierra_k1500/850","Под заказ","2020 GMC SIERRA K1500 DENALI","79 300р.","26 000$ / 23 400€","GMC","SIERRA K1500","VIN: ******","44561 миль.","5.3 л","Автомат","Полный","Серебристый","Пикап","https://americamotorsby.ams3.digitaloceanspaces.com/americamotors-by/3c665c9b-55fa-454a-99ed-c18cbe43b578/amby-334942cca1590c186852b39c8051ae89ovBK4QmyTS.jpg
https://americamotorsby.ams3.digitaloceanspaces.com/americamotors-by/d842d434-97c0-40f3-a54c-9bf3eddd9d7d/amby-832f8f5c1a5b01622de30a9187e8f0fbeaKytYXAG9.jpg
https://americamotorsby.ams3.digitaloceanspaces.com/americamotors-by/52d6a930-dcf2-4cc1-a340-f5d0a07a097e/amby-7b5b4f106334220ae10ca49a9ed99a2anrpGky7bKe.jpg
https://americamotorsby.ams3.digitaloceanspaces.com/americamotors-by/bd8ec965-5b1a-47e1-875d-7a81c6a227a6/amby-2ecd3418b7d023a216762750c20c73edNmS9hUrAD6.jpg
https://americamotorsby.ams3.digitaloceanspaces.com/americamotors-by/07e5cadf-9fa0-4ad3-8632-69d370b2939a/amby-1940a2f1351dce55423cdfe327368ce1G12rSOCZkp.jpg
https://americamotorsby.ams3.digitaloceanspaces.com/americamotors-by/d77b9683-512e-495c-a1bf-9daa28864b88/amby-82acf1cd5e514e33405956960112888fU3u928zWgQ.jpg
https://americamotorsby.ams3.digitaloceanspaces.com/americamotors-by/5f024b9b-6e9c-4915-b234-673054bf7e95/amby-051a20844f367bf6069b03184ba45609LzTjQIYhAx.jpg
https://americamotorsby.ams3.digitaloceanspaces.com/americamotors-by/bd463e6e-4c02-4613-b42a-989419e384b2/amby-66285082329d963e9b29e23d407f8262LDO3vFZgdc.jpg
https://americamotorsby.ams3.digitaloceanspaces.com/americamotors-by/e3583502-6605-4217-aa93-ad1ec4113e5d/amby-8c0cc48eef559d1abe38d3baa6d66bd5dDItnbFUea.jpg
https://americamotorsby.ams3.digitaloceanspaces.com/americamotors-by/d005147e-fce1-414a-a1bc-1a81ec2aa90d/amby-334942cca1590c186852b39c8051ae89IcXa10dMTK.jpg"
"1770618856-92","https://americamotors.by/catalog/all/car?type_id=1&status%5B0%5D=all","https://americamotors.by/catalog/all/car?type_id=1&status%5B0%5D=all&page=8","https://americamotors.by/transport/ford/escape/851","Под заказ","2020 Ford Escape TITANIUM","24 710р.","8 100$ / 7 290€","Ford","Escape","VIN: ******","25538 миль.","2.5 л","Автомат","Передний","Белый","Кроссовер","https://americamotorsby.ams3.digitaloceanspaces.com/americamotors-by/b3c4b0ca-ad5a-4c91-b136-f3ca9033a0e5/amby-2010bca1135a2d246b181141f05596f6WudyJNIct8.jpg
https://americamotorsby.ams3.digitaloceanspaces.com/americamotors-by/37de5489-9803-439c-a1e9-f871ac067056/amby-184ed2dfad3bad40998556eee334f443lXNh3TmaCb.jpg
https://americamotorsby.ams3.digitaloceanspaces.com/americamotors-by/94efe7d4-dca5-4b91-8de7-c1e338b63d54/amby-6a89b5ef7b94f05c42973b33352d1252Kxmr0VqsIY.jpg
https://americamotorsby.ams3.digitaloceanspaces.com/americamotors-by/58b24976-e306-4583-aa96-bc879bb9524a/amby-eb6591fd2f7591258f6766e2efebe8d3yte9njwuVd.jpg
https://americamotorsby.ams3.digitaloceanspaces.com/americamotors-by/68888ffc-1c6c-45d6-b08d-47329d1ffc59/amby-f42a3927df233eed6ae43d09486b90efsd9l0pLNDt.jpg
https://americamotorsby.ams3.digitaloceanspaces.com/americamotors-by/572b1f77-fd9f-4536-b4c1-dab73b2cc2ec/amby-102964057567e7824da816f4a38a05d3XNpHRSEByw.jpg
https://americamotorsby.ams3.digitaloceanspaces.com/americamotors-by/3e42da26-886e-48a9-8500-b0ba70de16eb/amby-7c8b63b2b16621c4cba8e051a0910861hcTVGQt801.jpg
https://americamotorsby.ams3.digitaloceanspaces.com/americamotors-by/aceabee1-b247-467b-93bf-8bbc56d5f905/amby-ff4ac84260b3305b0769943913cc912fnvTkGstERw.jpg
https://americamotorsby.ams3.digitaloceanspaces.com/americamotors-by/1a51ed25-e7ba-45e7-bb6e-f7c07df798ad/amby-72e7085bfdc7541047d1995d6b1f7d5ajFuJtSMlr4.jpg
https://americamotorsby.ams3.digitaloceanspaces.com/americamotors-by/51a374fd-8d88-4182-ac6f-578b095bd567/amby-2010bca1135a2d246b181141f05596f6jovWbki7AH.jpg"
"1770618863-93","https://americamotors.by/catalog/all/car?type_id=1&status%5B0%5D=all","https://americamotors.by/catalog/all/car?type_id=1&status%5B0%5D=all&page=8","https://americamotors.by/transport/audi/q7/852","Под заказ","2018 Audi Q7 PRESTIGE","47 280р.","15 500$ / 13 950€","Audi","Q7","VIN: ******","49991 миль.","3 л","Автомат","Полный","Черный","Кроссовер","https://americamotorsby.ams3.digitaloceanspaces.com/americamotors-by/582a7417-7f54-4a5f-a890-71a21dd51420/amby-5eeb5215304fb1ec7e67cf6a19ce2ce3Qoi1Epfg2H.jpg
https://americamotorsby.ams3.digitaloceanspaces.com/americamotors-by/0454f129-09df-49c5-bf97-ef274bf50bd5/amby-65d92d4ff4328ca223e920333dcfe68cwc4uitKbLJ.jpg
https://americamotorsby.ams3.digitaloceanspaces.com/americamotors-by/8470d782-b3ac-4aef-8346-582190d80734/amby-443803a1edfce15858b1d6523ef0a587W6vGJK1Fje.jpg
https://americamotorsby.ams3.digitaloceanspaces.com/americamotors-by/6f56ac84-8c10-4d5b-ade7-4c4fae926c60/amby-f8c14f1ce7e9218f6811b8b4c12a00b6Fpl5OmJLnZ.jpg
https://americamotorsby.ams3.digitaloceanspaces.com/americamotors-by/7d7e1484-ddb6-408d-8b50-89cfc4f0fcbe/amby-37f537e69cc4f0d2ccf08d0c558d3013KASPh9IYnf.jpg
https://americamotorsby.ams3.digitaloceanspaces.com/americamotors-by/b74da43a-56bb-43cc-93c7-e6d315ea534f/amby-35e162834a9dba2ef4257fc0dd281f7dd16FZ5PmRy.jpg
https://americamotorsby.ams3.digitaloceanspaces.com/americamotors-by/8bff9236-277a-4751-9bab-23ac0bc33442/amby-9873b5c13aeddf17853ab382af38f6ecKQm1OlbeIa.jpg
https://americamotorsby.ams3.digitaloceanspaces.com/americamotors-by/e2d692ad-50af-4d97-9121-a98a17c89d30/amby-270bc32006dac696f665eaa101913e824anfpNQilk.jpg
https://americamotorsby.ams3.digitaloceanspaces.com/americamotors-by/ab022526-a3f2-4a41-9088-07e051b60424/amby-7a32b099b8d98760988c928bb4aa4589N496eXIlJU.jpg"
"1770618872-94","https://americamotors.by/catalog/all/car?type_id=1&status%5B0%5D=all","https://americamotors.by/catalog/all/car?type_id=1&status%5B0%5D=all&page=8","https://americamotors.by/transport/dodge/challenger/853","Под заказ","2020 Dodge Challenger SXT","36 600р.","12 000$ / 10 800€","Dodge","Challenger","VIN: ******","43000 миль.","3.6 л","Автомат","Задний","Белый","Седан","https://americamotorsby.ams3.digitaloceanspaces.com/americamotors-by/e5a8d6bf-5253-4a30-a1ca-ea57d98e9c98/amby-e3273191215fc89594980a4b9fe1f650FkrnJ5f23P.jpeg
https://americamotorsby.ams3.digitaloceanspaces.com/americamotors-by/5b44c593-d647-44b7-925b-8cf84a1442e3/amby-f7f163af78812e58c4d3c47b4e396ae6A78hu9sLgJ.jpeg
https://americamotorsby.ams3.digitaloceanspaces.com/americamotors-by/d9135b90-ec54-4545-bc13-b07a1a9c725a/amby-89842cf298dd96cb148bfc43e5374442XswT01IDWf.jpg
https://americamotorsby.ams3.digitaloceanspaces.com/americamotors-by/cc4f51f3-46e7-4169-b661-d5a40c5ac1d9/amby-28343405e880ff7a88bad176958229d6KvzNHkEaVQ.jpg
https://americamotorsby.ams3.digitaloceanspaces.com/americamotors-by/d318e586-f442-4039-94b7-42fdc547110d/amby-fdaa55d7fc06404856d43314163aa6e0hHr37dO1qY.jpg
https://americamotorsby.ams3.digitaloceanspaces.com/americamotors-by/4ca14695-25a3-4332-9b62-f6316bf4cf35/amby-bc020059d1c638ad4714d331c7f2e777sQOXjkpAnY.jpg
https://americamotorsby.ams3.digitaloceanspaces.com/americamotors-by/e8887dd7-9e48-4ec8-8485-e32ca86321b9/amby-b3eb036c0b10fc38a95b63e12272d529JP53iMjHrR.jpg
https://americamotorsby.ams3.digitaloceanspaces.com/americamotors-by/21d8fa52-5d04-4ef6-9214-9ea2d5fb3802/amby-853a480fc0b3102de5d4df2db2edf49aJ7xnViAq0N.jpg
https://americamotorsby.ams3.digitaloceanspaces.com/americamotors-by/674f7fcf-0ed3-47d5-8d08-f9271a8654e3/amby-98518a69d9a87250a27125713ad21d99EgytRrbIWs.jpg"
"1770618883-95","https://americamotors.by/catalog/all/car?type_id=1&status%5B0%5D=all","https://americamotors.by/catalog/all/car?type_id=1&status%5B0%5D=all&page=8","https://americamotors.by/transport/hyundai/ioniq/854","Под заказ","2020 Hyundai Ioniq BLUE","29 890р.","9 800$ / 8 820€","Hyundai","Ioniq","VIN: ******","22073 миль.","1.6 л","Автомат","Передний","Белый","Хэтчбек","https://americamotorsby.ams3.digitaloceanspaces.com/americamotors-by/f727ca6b-d0e0-456a-9ce6-3c6fa4a2d255/amby-f82345a1b9a6637b32511b00ccb7b0c48BGvb3SeRc.jpg
https://americamotorsby.ams3.digitaloceanspaces.com/americamotors-by/8c5b0b86-ddd1-42c1-aa4c-f12e41069676/amby-310f1e04da16df1e6dede411b4bb4064QSkLB4iKgH.jpg
https://americamotorsby.ams3.digitaloceanspaces.com/americamotors-by/3999b5ba-e05d-4761-be2d-7d5a3ccff984/amby-9515fa619618cdac348b9d2a3a919b5a3yUgDObMqk.jpg
https://americamotorsby.ams3.digitaloceanspaces.com/americamotors-by/73b08ade-bb46-4c2c-9e40-5a0b5b041192/amby-f82400e23ff11961c73161f48de7d64bbVxL4NWp0G.jpg
https://americamotorsby.ams3.digitaloceanspaces.com/americamotors-by/8bf11f76-3b5d-4163-b650-01386001db88/amby-6b07598233db3241f6866eb04653aefeuaEI6X3ZAs.jpg
https://americamotorsby.ams3.digitaloceanspaces.com/americamotors-by/cd258d71-e8df-4d9c-be46-57c71d48c32f/amby-27ddf4d9aa736e9f6f61c3910a9df47dNgcsTXzy4j.jpg
https://americamotorsby.ams3.digitaloceanspaces.com/americamotors-by/5737b5f3-5f19-4ecc-bb95-8e138feb25f5/amby-aac3e1f2ba0a87c1269ffd75c0f1ec96SKsjxuIc1g.jpg
https://americamotorsby.ams3.digitaloceanspaces.com/americamotors-by/e7c477f6-b819-4b71-9d38-ae367f43550e/amby-d1b81250d2b3cf0a0d05001ad75ddffe6xzCft7Nb2.jpg
https://americamotorsby.ams3.digitaloceanspaces.com/americamotors-by/e7720ecf-745f-42f3-b316-6d2acd3eca0b/amby-1fcad0999355f051221868bba422e0d5iZF9hOKGgp.jpg
https://americamotorsby.ams3.digitaloceanspaces.com/americamotors-by/f5b230e8-dd60-40a3-a270-55b4f5c69817/amby-f82345a1b9a6637b32511b00ccb7b0c4LXytPvixKc.jpg"
"1770618892-96","https://americamotors.by/catalog/all/car?type_id=1&status%5B0%5D=all","https://americamotors.by/catalog/all/car?type_id=1&status%5B0%5D=all&page=8","https://americamotors.by/transport/toyota/chr/855","Под заказ","2019 Toyota C-HR XLE","21 350р.","7 000$ / 6 300€","Toyota","C-HR","VIN: ******","36000 миль.","2 л","Автомат","Передний","Белый","Кроссовер","https://americamotorsby.ams3.digitaloceanspaces.com/americamotors-by/6deda503-9be2-4e98-b01c-7dce3fbe5d51/amby-3cb34d3c3ef1a44efd44f1cba4d50ce0Aatw7PjHd5.jpg
https://americamotorsby.ams3.digitaloceanspaces.com/americamotors-by/744a6c17-d06d-457a-b73e-6fb3bae37647/amby-19f94fb0d9c7629facbb66620dbdf86daSkjnPGOAs.jpg
https://americamotorsby.ams3.digitaloceanspaces.com/americamotors-by/31c80514-4e6d-4410-aa9c-476585b2eca6/amby-b79ad18191194ece245025594e37c00bfLRPdCmS1p.jpg
https://americamotorsby.ams3.digitaloceanspaces.com/americamotors-by/ba9672e4-36e4-4285-8596-537a32b33b8f/amby-99990fb8ade8bc0d6bb121572e414903raKEDe8RSl.jpg
https://americamotorsby.ams3.digitaloceanspaces.com/americamotors-by/5e01820c-4854-418f-a432-1fdbd035375d/amby-acbbeee5914118c32caf9f80855b83daxCcbgHTjwF.jpg
https://americamotorsby.ams3.digitaloceanspaces.com/americamotors-by/5204bb3f-6505-4fe2-a0c8-a23aa44fc6bf/amby-0eba051795ee6a606d78e36cebcdfe11GaYn8ulhVS.jpg
https://americamotorsby.ams3.digitaloceanspaces.com/americamotors-by/2e639968-8d8d-4c05-b263-d0d48279a1be/amby-f3c70d07ed8cbd96bd764f7abcf8a9c25xCG7nvgDQ.jpg
https://americamotorsby.ams3.digitaloceanspaces.com/americamotors-by/37105772-a187-441b-9bb7-08464b90ccd8/amby-d1bb2c14af9694aaf2088cf63517b4a2Yqw4Nsj921.jpg"
"1770618901-97","https://americamotors.by/catalog/all/car?type_id=1&status%5B0%5D=all","https://americamotors.by/catalog/all/car?type_id=1&status%5B0%5D=all&page=8","https://americamotors.by/transport/toyota/rav4/856","Под заказ","2020 Toyota RAV4 XLE","42 700р.","14 000$ / 12 600€","Toyota","RAV4","VIN: ******","53635 миль.","2.5 л","Автомат","Полный","Белый","Кроссовер","https://americamotorsby.ams3.digitaloceanspaces.com/americamotors-by/8f5d13c8-8d6f-474b-93bb-6d13b1f3baf7/amby-31dca15565999de1059901979d7830fcc0QyOYqBok.jpg
https://americamotorsby.ams3.digitaloceanspaces.com/americamotors-by/49cdbef6-c0ee-412b-86b5-9e56670441fb/amby-f7f163af78812e58c4d3c47b4e396ae6MyOTVvFENn.jpeg
https://americamotorsby.ams3.digitaloceanspaces.com/americamotors-by/68297d7d-c65e-43df-a0a2-40b90f7211b7/amby-826b1c595ee5f3cff1ce1338d1cedb48yNUYp7IMmX.jpg
https://americamotorsby.ams3.digitaloceanspaces.com/americamotors-by/e721365d-a121-4485-986f-a5424b649498/amby-08e5e62e45ca949df6ee3e4f3646ea808s4nDNQjtV.jpg
https://americamotorsby.ams3.digitaloceanspaces.com/americamotors-by/d544e77c-8d41-4574-adf7-89a50a20af89/amby-8d1a757b5b581ed95b2bf0a47802e0e3P6OGZeam7g.jpg
https://americamotorsby.ams3.digitaloceanspaces.com/americamotors-by/3f96e3bd-d835-4fb7-9f94-d619d394ba79/amby-02739225cf0c777c047be812f4478aaePcG9fStvld.jpg
https://americamotorsby.ams3.digitaloceanspaces.com/americamotors-by/681d22f9-b6ba-48aa-bb70-1f389d4960d9/amby-69c3af8f6944ee05bf9ba2b768e9be72Xyv7aoSfzL.jpg
https://americamotorsby.ams3.digitaloceanspaces.com/americamotors-by/05089fbd-7942-46c0-b44e-4b6264e7801d/amby-580b216da73444d9d2c83a9b568994b1U1NiA2Lz8Z.jpg
https://americamotorsby.ams3.digitaloceanspaces.com/americamotors-by/11d1da61-4d9e-4ad7-82ca-94f9b8a9eb7f/amby-9be235a51e6303f32449137b17fd56dfer9kGC7VT4.jpg
https://americamotorsby.ams3.digitaloceanspaces.com/americamotors-by/0458b2a0-5a23-4a7f-834c-95302c62a2bf/amby-a70f7d87f067025d8a5f35c1605ac660y5bXpFSE1C.jpg"
"1770618910-98","https://americamotors.by/catalog/all/car?type_id=1&status%5B0%5D=all","https://americamotors.by/catalog/all/car?type_id=1&status%5B0%5D=all&page=8","https://americamotors.by/transport/nissan/rogue/857","Под заказ","2020 Nissan Rogue S","25 320р.","8 300$ / 7 470€","Nissan","Rogue","VIN: ******","36270 миль.","2.5 л","Автомат","Передний","Черный","Кроссовер","https://americamotorsby.ams3.digitaloceanspaces.com/americamotors-by/bfd0c360-f836-4dfe-9497-3d95f8dddba3/amby-1f40c0200775e04254e3160b6a48b08eDSwi5EM6CY.jpg
https://americamotorsby.ams3.digitaloceanspaces.com/americamotors-by/206ebe3c-dabe-44ac-93b7-026f67f3b13b/amby-e3273191215fc89594980a4b9fe1f650HFNlt5s6eB.jpeg
https://americamotorsby.ams3.digitaloceanspaces.com/americamotors-by/a780b152-3fbd-4e6e-b6ed-6314b19ff289/amby-5ef09d5805c3f5fce96576821037508eWzlhHc3ubj.jpg
https://americamotorsby.ams3.digitaloceanspaces.com/americamotors-by/9127a445-5825-49fa-95cc-78d2eb7f5d18/amby-653dd98c506f86df0f01cbf93b7068e4xAfBG0rI1b.jpg
https://americamotorsby.ams3.digitaloceanspaces.com/americamotors-by/8871fff6-6dda-4a4b-a91f-04d748f313ca/amby-5ad5fb75fb58c233a9bc224b8ee4eb36ZY4Musx0fI.jpg
https://americamotorsby.ams3.digitaloceanspaces.com/americamotors-by/0533cc9b-0c39-48e0-8bc6-fd2b3ffa2c97/amby-bbce8b6f75f20f1aa5c1cad3ae1a4acbBsgoXJQRjC.jpg
https://americamotorsby.ams3.digitaloceanspaces.com/americamotors-by/cda5b0f8-fb25-412e-8456-54f4ac363c77/amby-382b18126b48376a7083aa5183b51e61H0keUvfOy2.jpg
https://americamotorsby.ams3.digitaloceanspaces.com/americamotors-by/3612daaf-59f8-4de6-b5c3-49ea60a4d92b/amby-d7d4e45f8740e055e376f72e2cd1d4baOKTBmFfGPr.jpg
https://americamotorsby.ams3.digitaloceanspaces.com/americamotors-by/2160a05e-7c3a-4b93-8d7c-efdae85e3ee3/amby-717615b03e2b5201fa97f9ad92d77f07yutKBHQY0U.jpg"
"1770618919-99","https://americamotors.by/catalog/all/car?type_id=1&status%5B0%5D=all","https://americamotors.by/catalog/all/car?type_id=1&status%5B0%5D=all&page=7","https://americamotors.by/transport/toyota/rav4/858","Под заказ","2020 Toyota RAV4 LE","44 230р.","14 500$ / 13 050€","Toyota","RAV4","VIN: ******","55282 миль.","2.5 л","Автомат","Полный","Черный","Кроссовер","https://americamotorsby.ams3.digitaloceanspaces.com/americamotors-by/f04c9416-50cb-4ed6-b3aa-81c14d222532/amby-7467adfbdd6537a5f7591e28cf0d0c548Eg2ZhDi3A.jpg
https://americamotorsby.ams3.digitaloceanspaces.com/americamotors-by/69b67c3b-43e0-49a9-875b-14eb40b7c6ea/amby-4e6355ea77252f730137d9f28f10036dGMSK1UvtsQ.jpg
https://americamotorsby.ams3.digitaloceanspaces.com/americamotors-by/71d5761c-6668-4670-af23-9aec9d40fa0d/amby-a5691f6b4702e007916a7f0f5e5b14c3p6j9PV2ytb.jpg
https://americamotorsby.ams3.digitaloceanspaces.com/americamotors-by/2e81c025-12e1-46b8-b856-f0c1c73ee454/amby-7467adfbdd6537a5f7591e28cf0d0c544RUXBut2kL.jpg
https://americamotorsby.ams3.digitaloceanspaces.com/americamotors-by/3255a181-8f29-4966-84f1-6c309831a240/amby-cd572ab9b31a39b82127f682417dc0aftE5c2N01A4.jpg
https://americamotorsby.ams3.digitaloceanspaces.com/americamotors-by/42898a8c-e4e8-4821-b757-81b1923d66f3/amby-b12aafa149604c8cdac8577e3cc335564zavSDOU7X.jpg
https://americamotorsby.ams3.digitaloceanspaces.com/americamotors-by/3cffe476-917f-41fa-8d4e-332144ee682f/amby-e919fa0375199a9398568037fbb3ce4e5m4Qv6dPOF.jpg
https://americamotorsby.ams3.digitaloceanspaces.com/americamotors-by/c181dc7c-e2f9-43aa-a328-f7f86c5fdcaf/amby-96c0bb2c0ee18e1c36c910c61185ee720eyZUAFbSa.jpg
https://americamotorsby.ams3.digitaloceanspaces.com/americamotors-by/b68da78a-3194-4cb1-8000-9988943cc51a/amby-a959660a94f32220ff0b80a3c461ae9dyK91kefNs6.jpg
https://americamotorsby.ams3.digitaloceanspaces.com/americamotors-by/eb54f8d4-d336-4a4c-94a5-cfa2fe0e12b6/amby-1ceb99682b690fa686e3bcf5b8fd36f6TJKGpkIrez.jpg"
"1770618928-100","https://americamotors.by/catalog/all/car?type_id=1&status%5B0%5D=all","https://americamotors.by/catalog/all/car?type_id=1&status%5B0%5D=all&page=7","https://americamotors.by/transport/hyundai/kona/859","Под заказ","2020 Hyundai Kona SEL PLUS","19 520р.","6 400$ / 5 760€","Hyundai","Kona","VIN: ******","29466 миль.","2 л","Автомат","Передний","Белый","Кроссовер","https://americamotorsby.ams3.digitaloceanspaces.com/americamotors-by/7275adc2-b952-4048-aeca-f2f59cdfd993/amby-ce534d830af61afe6e578a992b46a5e4k9vEglqiKO.jpg
https://americamotorsby.ams3.digitaloceanspaces.com/americamotors-by/fca8b336-fb95-45ba-af4e-9e2b89904bc2/amby-d69d703170ad3a3c94819b7ab272a49eS4dM2PBGFm.jpg
https://americamotorsby.ams3.digitaloceanspaces.com/americamotors-by/060d0b32-3555-4a6c-81df-5a2a43e50b9a/amby-c9e895db1b79ad89be8f57cbb745b70fpojwYzqcmZ.jpg
https://americamotorsby.ams3.digitaloceanspaces.com/americamotors-by/7b0d88f2-0d8d-4de5-a6a3-65b235395b39/amby-be435d5a2d16e92bf3c32a140a0d5a7fVmHPrJubpj.jpg
https://americamotorsby.ams3.digitaloceanspaces.com/americamotors-by/9e821bab-4368-4a5b-aeff-e5f2ac2acbc5/amby-a139f97463f81a3e80a5dca4b99f0ce34jzsCD69uJ.jpg
https://americamotorsby.ams3.digitaloceanspaces.com/americamotors-by/dfe748d4-f18c-4239-8c25-573ef3bf8b65/amby-a00cb5b8dce6502a5d2a5e217d556b81iLQsKVeqEh.jpg
https://americamotorsby.ams3.digitaloceanspaces.com/americamotors-by/384f185c-46e7-41b4-b9dd-4aa1ba9d9c64/amby-ce534d830af61afe6e578a992b46a5e4eXEjbJmw2W.jpg
https://americamotorsby.ams3.digitaloceanspaces.com/americamotors-by/166885a9-7c4c-4df4-89bb-38ab0481d55f/amby-ab0692e18b1aace5bff7631dcb68d50a0jRLstZKyO.jpg
https://americamotorsby.ams3.digitaloceanspaces.com/americamotors-by/96615ab8-2300-4ba7-a1fe-1743e021c175/amby-833f31f8d4d31b9c20ca9687ed974213rl23g0xB6s.jpg
https://americamotorsby.ams3.digitaloceanspaces.com/americamotors-by/dd750c3f-bfcb-48dd-8355-1062c0870061/amby-32364c8111a04982e8c3ac2c158170564WdIzkJCsV.jpg"
"1770618937-101","https://americamotors.by/catalog/all/car?type_id=1&status%5B0%5D=all","https://americamotors.by/catalog/all/car?type_id=1&status%5B0%5D=all&page=7","https://americamotors.by/transport/ford/fusion/860","Под заказ","2020 Ford Fusion SE","23 490р.","7 700$ / 6 930€","Ford","Fusion","VIN: ******","20120 миль.","1.5 л","Автомат","Передний","Черный","Седан","https://americamotorsby.ams3.digitaloceanspaces.com/americamotors-by/695d721e-d770-4152-a322-656f86c06a6a/amby-4efc7bafce6e80edf9c6b40ef3781f95y2BoSHMkN5.jpg
https://americamotorsby.ams3.digitaloceanspaces.com/americamotors-by/5b2e870a-36fb-4518-968c-3cd3594a6d68/amby-4b028f2d19cb39eae9c78d67e1a5b6b4WDI16FrMCs.jpg
https://americamotorsby.ams3.digitaloceanspaces.com/americamotors-by/8eb261fb-159e-4952-8181-94800d0b04e2/amby-4efc7bafce6e80edf9c6b40ef3781f95b2SGBEUJY4.jpg
https://americamotorsby.ams3.digitaloceanspaces.com/americamotors-by/35107ea1-013d-4642-9572-0cbacd82fcfe/amby-c58092ae0aada8db5e3365bc273a9267Ig6GAE9vKL.jpg
https://americamotorsby.ams3.digitaloceanspaces.com/americamotors-by/3b398a52-9aa8-4bb0-8404-23511c45400e/amby-f48d768765997213b742c16a22c37ccfx7qj2uaRT5.jpg
https://americamotorsby.ams3.digitaloceanspaces.com/americamotors-by/4d4cdc69-e1ac-4ceb-83cb-889d5d244315/amby-1981329de75522f80a3a3a59ccc0cd16kjCxp3NgKr.jpg
https://americamotorsby.ams3.digitaloceanspaces.com/americamotors-by/5cfeed66-ec7a-4505-8483-e13460cce24d/amby-b5d8a7bd1567c6cab672edd2f3c4127bLjqDCZXmdI.jpg
https://americamotorsby.ams3.digitaloceanspaces.com/americamotors-by/379b903c-ab43-4c43-8553-5a03708d7717/amby-2dbb92e7ba73bc490b7031e908d4cc2248BajmnKHg.jpg
https://americamotorsby.ams3.digitaloceanspaces.com/americamotors-by/81156ce4-9b3d-4635-97c1-65e230fc66c7/amby-085b64d5c2848dee13776a75d50ad597xDs6zc2FyK.jpg
https://americamotorsby.ams3.digitaloceanspaces.com/americamotors-by/6a637562-0609-481f-90fb-d9131f0e0864/amby-8196a8ccf23441423842483cb3fd0579M9PfYktzUw.jpg"
"1770618946-102","https://americamotors.by/catalog/all/car?type_id=1&status%5B0%5D=all","https://americamotors.by/catalog/all/car?type_id=1&status%5B0%5D=all&page=7","https://americamotors.by/transport/mitsubishi/outlander/861","Под заказ","2020 Mitsubishi Outlander SPORT ES","21 660р.","7 100$ / 6 390€","Mitsubishi","Outlander","VIN: JA4AR3AU7LU******","3504 миль.","2 л","Автомат","Полный","Черный","Кроссовер","https://americamotorsby.ams3.digitaloceanspaces.com/americamotors-by/ee642fcf-9800-4fa2-a2e1-cd9e09ac4f7f/amby-f3489520ef9143e8e911199ad6950c67VyTzgNxWeI.jfif
https://americamotorsby.ams3.digitaloceanspaces.com/americamotors-by/18141405-a8e9-4ec2-9bc1-ca14dcdd90e6/amby-266aa638bf3b7061dffaf6ffa8b12446WMP1Gxek8l.jfif
https://americamotorsby.ams3.digitaloceanspaces.com/americamotors-by/e378d73b-fd58-448e-a6e0-ca473d9d5214/amby-c1e2272deee6cb758aae77c6fff3a62d2MCPp1gTvA.jfif
https://americamotorsby.ams3.digitaloceanspaces.com/americamotors-by/8b3f7605-3f43-459c-9b40-2ae740debdc3/amby-193fb8514f04fdd736a0cc8b277335a8g3oLdWSOJi.jfif
https://americamotorsby.ams3.digitaloceanspaces.com/americamotors-by/ec01ef6c-efda-424c-beaf-5b5696f290f8/amby-561f849e72ffaed9183cc815feb48c46c6H0Y39Bze.jfif
https://americamotorsby.ams3.digitaloceanspaces.com/americamotors-by/379809c8-c240-476f-ad65-3788a7ebc26b/amby-68e14aad82a2af531c2e3358c4ffd548TKYPz5MDvo.jfif
https://americamotorsby.ams3.digitaloceanspaces.com/americamotors-by/c1a1f0a6-a223-4dd6-88d9-e9741c571a66/amby-a178fe742ba2786e50d962846d88b9f1K8UoarJuZS.jfif
https://americamotorsby.ams3.digitaloceanspaces.com/americamotors-by/754d285d-9c6d-43e4-816f-d1bdb838a69e/amby-7f516ccf1057d252f20851e59e83ebbbJs9Z8Lb37h.jfif
https://americamotorsby.ams3.digitaloceanspaces.com/americamotors-by/dd3a256b-cf66-437e-8d90-ebf219f45225/amby-f79cf258d27ce7bf69d8c8347cb31ad8EB9tgrA4cM.jfif
https://americamotorsby.ams3.digitaloceanspaces.com/americamotors-by/e450f7e0-bc2b-4ad8-a1b7-2ac9d6dc009c/amby-f3489520ef9143e8e911199ad6950c67wWboKJz4mf.jfif"
"1770618956-103","https://americamotors.by/catalog/all/car?type_id=1&status%5B0%5D=all","https://americamotors.by/catalog/all/car?type_id=1&status%5B0%5D=all&page=7","https://americamotors.by/transport/bmw/530e/862","Под заказ","2019 BMW 530e","45 750р.","15 000$ / 13 500€","BMW","530e","VIN: ******","25000 миль.","2 л","Автомат","Задний","Черный","Седан","https://americamotorsby.ams3.digitaloceanspaces.com/americamotors-by/0ab12342-5092-4078-bf8a-3a71a018d7eb/amby-693eb654f41dd913192a851c0044ab0bPMoiDdun2Z.jpg
https://americamotorsby.ams3.digitaloceanspaces.com/americamotors-by/a9f7fc1a-1017-4053-9ca8-0bd206183450/amby-13ee41e0e40732287d66a58b08872f14nLA2OrDcTa.jpg
https://americamotorsby.ams3.digitaloceanspaces.com/americamotors-by/d7af51f4-42d5-4737-adb8-600bc4f55b92/amby-a49e53554297ab5a508bfc3734614a26GnKNzxjaFp.jpg
https://americamotorsby.ams3.digitaloceanspaces.com/americamotors-by/d787b7d7-1ca0-4024-ae7d-1680fe17c0e7/amby-1ebf4819255876e05eea5918254b46b7YXLj2JzI4d.jpg
https://americamotorsby.ams3.digitaloceanspaces.com/americamotors-by/0a4b8194-e89d-41b9-bfa8-a7114abf232a/amby-7701a28669b0be8393b08e28aa05e6bfbvcGQOZ8CD.jpg
https://americamotorsby.ams3.digitaloceanspaces.com/americamotors-by/a95d20fb-ff6e-4ac9-bed8-15a798a71f39/amby-0a664c5e077d9a089ac4efa81d4fe65e04VfAJnXZt.jpg
https://americamotorsby.ams3.digitaloceanspaces.com/americamotors-by/db4b26be-d963-4467-8e0c-6c9784a4a5d9/amby-b881caa8f7a5f7f6115ffe87520290ca7bGcMHPsSe.jpg
https://americamotorsby.ams3.digitaloceanspaces.com/americamotors-by/b8006df9-e9b7-4018-8971-5af3c6c416cb/amby-9978f2c6766b89a519c83ebefe72e942slv0QjyVie.jpg"
"1770618965-104","https://americamotors.by/catalog/all/car?type_id=1&status%5B0%5D=all","https://americamotors.by/catalog/all/car?type_id=1&status%5B0%5D=all&page=7","https://americamotors.by/transport/hyundai/palisade/863","Под заказ","2020 Hyundai PALISADE SE","41 180р.","13 500$ / 12 150€","Hyundai","PALISADE","VIN: ******","27379 миль.","3.8 л","Автомат","Передний","Белый","Кроссовер","https://americamotorsby.ams3.digitaloceanspaces.com/americamotors-by/d457ebff-ea0b-497e-bc0b-ef1a2cac271d/amby-5b9b22e5e2915f72e662555df2db542aFnTwrZfxkH.jpg
https://americamotorsby.ams3.digitaloceanspaces.com/americamotors-by/688875ed-47c8-487b-842b-0aa992baf0ee/amby-8382228fd50ea3c0df7b50b6b3b61527gau3kH0BU7.jpg
https://americamotorsby.ams3.digitaloceanspaces.com/americamotors-by/431f26ca-54a1-417a-a1f3-dbe02fb7320a/amby-a1836469c1917be9df42661b29baf77ahvn1bmR5WT.jpg
https://americamotorsby.ams3.digitaloceanspaces.com/americamotors-by/271b68b2-7f7e-441e-9ff3-af8d3846ff0d/amby-5b9b22e5e2915f72e662555df2db542aSrzN01F5gD.jpg
https://americamotorsby.ams3.digitaloceanspaces.com/americamotors-by/7f58db2f-945e-4390-b6db-913fc00dafe3/amby-c0ad445e95496724c9db1c7927c10565cZBpGFTgfw.jpg
https://americamotorsby.ams3.digitaloceanspaces.com/americamotors-by/2f2dadff-a1c7-4b42-9136-41c9d8373de8/amby-9c017a0e223a826b5ef00409a1e916317lKxjJF9wY.jpg
https://americamotorsby.ams3.digitaloceanspaces.com/americamotors-by/96b21fa0-9642-49da-8a46-b0748ffca8ed/amby-6e7362f81a9ff3ce8b40e3a8c5d5d23dmML7ewy6kK.jpg
https://americamotorsby.ams3.digitaloceanspaces.com/americamotors-by/4aec4dd5-142e-49b1-8575-11f8f34d42ca/amby-a9d66f8caa07e81a500953fe7a895a251yYcbms9oZ.jpg
https://americamotorsby.ams3.digitaloceanspaces.com/americamotors-by/0544ffca-11dd-4f6b-9e28-771f7fd27d49/amby-b336a4d2f85160a503b8debe672ab594APx3tzSprb.jpg
https://americamotorsby.ams3.digitaloceanspaces.com/americamotors-by/751510ff-81ba-47ac-9d67-28f7efaed66f/amby-412160830ab947c2ff387889bf0ca53d4wgGazH5lv.jpg"
"1770618975-105","https://americamotors.by/catalog/all/car?type_id=1&status%5B0%5D=all","https://americamotors.by/catalog/all/car?type_id=1&status%5B0%5D=all&page=7","https://americamotors.by/transport/lincoln/mkz/864","Под заказ","2020 Lincoln MKZ RESERVE","39 650р.","13 000$ / 11 700€","Lincoln","MKZ","VIN: ******","18635 миль.","2 л","Автомат","Передний","Белый","Седан","https://americamotorsby.ams3.digitaloceanspaces.com/americamotors-by/588bb11d-66ba-41e3-8671-4e416bd541d2/amby-c4c69e0202e8850f0364d095b7a5c918zrax2ydAES.jpg
https://americamotorsby.ams3.digitaloceanspaces.com/americamotors-by/0f5c50db-5059-4140-a4af-1b83c8cb211d/amby-a4dea281e8ce983b21bb6394fe5cf72b0LCWuOUBmg.jpg
https://americamotorsby.ams3.digitaloceanspaces.com/americamotors-by/62e169fc-d9d2-489b-aa58-fd8da773a63d/amby-2c82bd5d67d25ce5362af3540ef7b416o9RnJw73es.jpg
https://americamotorsby.ams3.digitaloceanspaces.com/americamotors-by/7a489288-3f9c-497f-944d-f3599794478a/amby-8cecc0d621c1d50b2361a573f7d7f2deAYtzQFRDKS.jpg
https://americamotorsby.ams3.digitaloceanspaces.com/americamotors-by/aa659144-2a19-40d5-989f-7f4448f7c0c6/amby-c4c69e0202e8850f0364d095b7a5c9180wyOb71ts2.jpg
https://americamotorsby.ams3.digitaloceanspaces.com/americamotors-by/5dc34902-451f-487e-b84a-d89bdafb1afe/amby-ed0767b13135d66e227726fc6e304084fhl6dLEr5w.jpg
https://americamotorsby.ams3.digitaloceanspaces.com/americamotors-by/4e2c1d82-1b0a-4de0-8ec6-da9afa6a1af3/amby-9ceebf6a10dcc8f11d0b124ed31253a0TNSWIKDyVP.jpg
https://americamotorsby.ams3.digitaloceanspaces.com/americamotors-by/e9baaaec-d805-4c39-9679-ca14fe4658c2/amby-dbf5127d965a4cceac4146d327610594bByi1AOJ06.jpg
https://americamotorsby.ams3.digitaloceanspaces.com/americamotors-by/c601e3f0-723b-47c1-ae89-eec8d839dcab/amby-6b87ba94ae816b89014eea8e3ca3862bU8LDBesVyA.jpg
https://americamotorsby.ams3.digitaloceanspaces.com/americamotors-by/c6b8633d-73ad-4f71-8f15-7152fb837131/amby-fb4fec9d038a472ee0036be3f069f28fc5XTABPe9W.jpg"
"1770618985-106","https://americamotors.by/catalog/all/car?type_id=1&status%5B0%5D=all","https://americamotors.by/catalog/all/car?type_id=1&status%5B0%5D=all&page=7","https://americamotors.by/transport/honda/accord/865","Под заказ","2019 Honda Accord SPORT","35 080р.","11 500$ / 10 350€","Honda","Accord","VIN: ******","12321 миль.","1.5 л","Автомат","Передний","Синий","Седан","https://americamotorsby.ams3.digitaloceanspaces.com/americamotors-by/ba662e67-7c08-4201-8b20-5f6bf05b084c/amby-73a0299a8e74b144ef0df341435121848dKZSgGebo.jpg
https://americamotorsby.ams3.digitaloceanspaces.com/americamotors-by/4259ad00-99f7-49c7-b6fc-34a345b58953/amby-2ddb582a11acd6f750cc3f46aaa54520AusDjtZ9NY.jpeg
https://americamotorsby.ams3.digitaloceanspaces.com/americamotors-by/b5efbcd5-d06d-49bb-bf8e-7e9cefaf0a52/amby-f7f163af78812e58c4d3c47b4e396ae6H7IwC6MAeo.jpeg
https://americamotorsby.ams3.digitaloceanspaces.com/americamotors-by/ba08acb1-9edf-4420-957c-62d39209da97/amby-79ab3158771eaabb0bfae0e1a918cf37Flfo8W7arH.jpg
https://americamotorsby.ams3.digitaloceanspaces.com/americamotors-by/a94f8d84-34ac-431a-b0d4-80aab849682b/amby-1c988768c15ebddc96e1d661e1fb4bdcxeskaUBcmG.jpg
https://americamotorsby.ams3.digitaloceanspaces.com/americamotors-by/e2e34c12-2457-4409-aad3-1c9b19ea5585/amby-931a8c6ccabef29a68a5ec9970e93d4c9uT15Opbd3.jpg
https://americamotorsby.ams3.digitaloceanspaces.com/americamotors-by/940cb056-a8c3-4d52-9547-8098d55b9923/amby-f8c4c15a87fb2ecbb0acc5dfd727d9e929fyj65ckb.jpg
https://americamotorsby.ams3.digitaloceanspaces.com/americamotors-by/e17f398a-cb91-4732-9140-722fffb84480/amby-298e7b019ebba614f2dbcba4289b4340QTGMHOxL0w.jpg
https://americamotorsby.ams3.digitaloceanspaces.com/americamotors-by/839cf333-303f-43d5-bca4-954bb62fd34d/amby-1c61828d1e19958e1fe07d0f6bc4155cveAGKiyZpH.jpg"
"1770618996-107","https://americamotors.by/catalog/all/car?type_id=1&status%5B0%5D=all","https://americamotors.by/catalog/all/car?type_id=1&status%5B0%5D=all&page=7","https://americamotors.by/transport/toyota/corolla/866","Под заказ","2020 Toyota Corolla SE","22 880р.","7 500$ / 6 750€","Toyota","Corolla","VIN: ******","12477 миль.","2 л","Автомат","Передний","Черный","Седан","https://americamotorsby.ams3.digitaloceanspaces.com/americamotors-by/d80f8a4c-38f0-4015-8a10-b0ec9d622593/amby-ff82f897cda61275852aa79a877a1cbeNJnPOcwmxp.jpg
https://americamotorsby.ams3.digitaloceanspaces.com/americamotors-by/3188bf34-934a-4012-9e1b-1c0c088bad4c/amby-b5f7ecad8b11582b420f6aeb97a4c116IQKzelBN6p.jpg
https://americamotorsby.ams3.digitaloceanspaces.com/americamotors-by/52ed2b83-53b5-4c37-8b3a-4ea0854b8894/amby-0f4b01d25eee5d5feb965979c5e18ad6ofTHxD1ds8.jpg
https://americamotorsby.ams3.digitaloceanspaces.com/americamotors-by/2f178100-589b-46a0-9a85-299579c91ca0/amby-8feda36bc2171d9b0eb4b9d42eab387ak3A5DCl2JF.jpg
https://americamotorsby.ams3.digitaloceanspaces.com/americamotors-by/50b069b7-796b-4e1e-b3a0-a2709bf95719/amby-29bc80d40af34ccb6b6b704ec197ac12UOkJ28SAX1.jpg
https://americamotorsby.ams3.digitaloceanspaces.com/americamotors-by/7482654c-e333-4312-93c1-bb8a9af8793b/amby-ff82f897cda61275852aa79a877a1cbegO5NyJDKRp.jpg
https://americamotorsby.ams3.digitaloceanspaces.com/americamotors-by/4cf3482a-1fb4-41af-ba11-ac8f2cf26812/amby-5b242f4e5b14a1bb04340dfc8fc5a519fKrQ4GSXuV.jpg
https://americamotorsby.ams3.digitaloceanspaces.com/americamotors-by/b7d9a641-1e25-4177-8e22-22ae63ded5c9/amby-d22da197d1c777fb3a6188f20cca8c98xcW2Od1UYR.jpg
https://americamotorsby.ams3.digitaloceanspaces.com/americamotors-by/1dbf9b9c-b59e-42f9-bacb-19e1fb8c37c0/amby-ca981aa8aeca01a0a8a793d784383dbbTg35P6vV1e.jpg
https://americamotorsby.ams3.digitaloceanspaces.com/americamotors-by/4f2ded44-0f7b-4b5f-ac85-4e2369edf68e/amby-5b2cfe10f8d860f7c69da49d7666bab1bdkvD04eMz.jpg"
"1770619005-108","https://americamotors.by/catalog/all/car?type_id=1&status%5B0%5D=all","https://americamotors.by/catalog/all/car?type_id=1&status%5B0%5D=all&page=7","https://americamotors.by/transport/ford/explorer/867","Под заказ","2020 Ford Explorer ST","39 650р.","13 000$ / 11 700€","Ford","Explorer","VIN: ******","25050 миль.","3 л","Автомат","Полный","Черный","Внедорожник","https://americamotorsby.ams3.digitaloceanspaces.com/americamotors-by/3cf91c97-dfad-4b68-bb99-fcdb7bb1e8d8/amby-7e7d3e90410b7e191989387938fbca46m4kHTKqcJX.jpg
https://americamotorsby.ams3.digitaloceanspaces.com/americamotors-by/b625cfc3-65e5-4793-a6b3-7a7367627426/amby-82de4bccedca53d1ee7fd9232a325493TyqgzUPHWB.jpg
https://americamotorsby.ams3.digitaloceanspaces.com/americamotors-by/6e082dcb-1c79-4add-b8eb-7a123b15b004/amby-9337d7ef8c229d024bdd0e0478a38fd8FUHOfTW892.jpg
https://americamotorsby.ams3.digitaloceanspaces.com/americamotors-by/5dbfa4c8-d3f7-430a-8090-a38cbfd66d59/amby-59ab8845caf8d82d147a31095a578bc4yBuCvdnK9F.jpg
https://americamotorsby.ams3.digitaloceanspaces.com/americamotors-by/4f7c5c2e-1e98-4b83-8bda-ee958f4189fb/amby-b05a0e87d9be0e06452a226133dbc2c3r2ZuxoTAnb.jpg
https://americamotorsby.ams3.digitaloceanspaces.com/americamotors-by/c1623a85-bb68-475c-a085-853d4d89e856/amby-792b00633bf3e596d8ba4938d6960b16c0nNtESsK7.jpg
https://americamotorsby.ams3.digitaloceanspaces.com/americamotors-by/0360ea14-650c-49cf-877e-d15adaf9679a/amby-d4a3352b8ad74b0cc18d0d1b822dc9f2M70YeC2tF8.jpg
https://americamotorsby.ams3.digitaloceanspaces.com/americamotors-by/b5ea5e24-d9e6-41db-9708-2d3b01915acb/amby-ac372b37601537552ee69983b0b24595IkslOZm5oC.jpg
https://americamotorsby.ams3.digitaloceanspaces.com/americamotors-by/a735f067-f8a9-481e-b027-7b09342b77d3/amby-5edaec25a884867ff1170a6ba894f30dsrcSoQpZdU.jpg"
"1770619027-109","https://americamotors.by/catalog/all/car?type_id=1&status%5B0%5D=all","https://americamotors.by/catalog/all/car?type_id=1&status%5B0%5D=all&page=6","https://americamotors.by/transport/audi/q3/868","Под заказ","2020 Audi Q3 PREMIUM","39 650р.","13 000$ / 11 700€","Audi","Q3","VIN: ******","6063 миль.","2 л","Автомат","Полный","Серебристый","Кроссовер","https://americamotorsby.ams3.digitaloceanspaces.com/americamotors-by/7d150d39-6377-40ad-b5b7-eb60349f2a40/amby-3496a659a9501176f7b778ec8aa002450OEaXy7sfp.jpg
https://americamotorsby.ams3.digitaloceanspaces.com/americamotors-by/b5016d79-4528-4679-98d0-bb718cc79ba0/amby-755e2e12a3fa8834c44ff0ef47c2bca28Hi0Y7fnBS.jpg
https://americamotorsby.ams3.digitaloceanspaces.com/americamotors-by/4a7c8181-aa34-43eb-8e3c-66497519c5ae/amby-678984c53033325622745225c07c6e9aHfb6d8somc.jpg
https://americamotorsby.ams3.digitaloceanspaces.com/americamotors-by/6914766e-b934-4221-b1fe-d4f0383fb1d9/amby-319e339168c91bfe41bf5cca31c368f5JaEbdPQHVw.jpg
https://americamotorsby.ams3.digitaloceanspaces.com/americamotors-by/d273a61d-8bac-4acc-b8cb-614af3fc1372/amby-0a376696ae13552770f496701cea37b1r1kCN7bFW2.jpg
https://americamotorsby.ams3.digitaloceanspaces.com/americamotors-by/4f7c4167-b71f-4bb0-a1a1-965479f55847/amby-443edc8d2c8f3a2d197c763277bff4b9eV82TLvwBF.jpg
https://americamotorsby.ams3.digitaloceanspaces.com/americamotors-by/86011f6b-0787-48dd-8c16-0200f83193f0/amby-a03a6c04f3d49bdb63987aa75303002dEVcFUpWj4e.jpg
https://americamotorsby.ams3.digitaloceanspaces.com/americamotors-by/c33f636b-21fc-482f-8b2b-dc57bbd864b8/amby-e8bc02ce0f3ab575619e5acfef9a6e554v8TxGcaPC.jpg
https://americamotorsby.ams3.digitaloceanspaces.com/americamotors-by/2151daef-598b-4da0-891c-66ffe6b4a30d/amby-8e1d1c0c93956eb7d6fc1793c045020cqFHcSDdJCi.jpg"
"1770619035-110","https://americamotors.by/catalog/all/car?type_id=1&status%5B0%5D=all","https://americamotors.by/catalog/all/car?type_id=1&status%5B0%5D=all&page=6","https://americamotors.by/transport/chevrolet/traverse/870","Под заказ","2020 Chevrolet TRAVERSE PREMIER","27 450р.","9 000$ / 8 100€","Chevrolet","TRAVERSE","VIN: ******","3460 миль.","3.6 л","Автомат","Передний","Белый","Внедорожник","https://americamotorsby.ams3.digitaloceanspaces.com/americamotors-by/4e12dad9-ce18-4db2-b067-dbc46398a906/amby-6909ffcbe96497eb14bb82a90b8e2f8bajB2owYUvn.jpg
https://americamotorsby.ams3.digitaloceanspaces.com/americamotors-by/e7f38aeb-d9ab-4ef8-97db-2c6f85ff576a/amby-46ee7ce6eb2529e99c362209909c0088zEgjy4uh63.jpg
https://americamotorsby.ams3.digitaloceanspaces.com/americamotors-by/b597770d-955b-4978-92b5-7a97557c3222/amby-a69fcebe50bcb51f8340caaa719e738awSpI1xX7Dg.jpg
https://americamotorsby.ams3.digitaloceanspaces.com/americamotors-by/bac34845-ea30-4408-8678-6683616dea41/amby-eeddacd93d880eaf27f82e354986ea22SqdjRbQniG.jpg
https://americamotorsby.ams3.digitaloceanspaces.com/americamotors-by/527be5d3-57c0-4058-913e-05a54ae5fb9a/amby-9c3bfd875dec9def7ff43a15668de002CeHKgnkiJ1.jpg
https://americamotorsby.ams3.digitaloceanspaces.com/americamotors-by/28e7fd33-72c8-4628-8f79-2d52385be11b/amby-0473b9fb860808ec714d432c5af5e485t3jg2Yqih8.jpg"
"1770619044-111","https://americamotors.by/catalog/all/car?type_id=1&status%5B0%5D=all","https://americamotors.by/catalog/all/car?type_id=1&status%5B0%5D=all&page=6","https://americamotors.by/transport/ford/escape/871","Под заказ","2019 Ford Escape SE SPORT","16 780р.","5 500$ / 4 950€","Ford","Escape","VIN: ******","32909 миль.","2.5 л","Автомат","Передний","Белый","Кроссовер","https://americamotorsby.ams3.digitaloceanspaces.com/americamotors-by/1e04838e-7c97-4954-9c04-4a72ec154dbf/amby-b8896d7adb71c2da8c49ab1670ea18f5mZMuL5QPdf.jpg
https://americamotorsby.ams3.digitaloceanspaces.com/americamotors-by/891e02fa-674b-43d2-996f-0c99452d6f16/amby-e71530933abecbef36e281cca0b85e66rGB07vZhPW.jpeg
https://americamotorsby.ams3.digitaloceanspaces.com/americamotors-by/525798a8-dfb8-4e1e-a17e-cdccb126c961/amby-f5a2b359dcf9673ab4350a78101d4c00abjQZ0KoPN.jpg
https://americamotorsby.ams3.digitaloceanspaces.com/americamotors-by/9d435b2b-d422-4077-b48c-384fb0fc8720/amby-07d0d18cdfdd9853bb326f3f12d4e723xLfFTUkXY3.jpg
https://americamotorsby.ams3.digitaloceanspaces.com/americamotors-by/5ee0aab4-b9e3-410a-b302-d45a46fcaec4/amby-b120ff8c8040cde3473e68fa45d1c1accgoKXV9Gu7.jpg
https://americamotorsby.ams3.digitaloceanspaces.com/americamotors-by/89cef369-3cf2-4837-a1c9-ac9cb4f1bb74/amby-5146369fedecbe3bfe65e64855cd282elbyBYok4FC.jpg
https://americamotorsby.ams3.digitaloceanspaces.com/americamotors-by/4acd90a8-1dc3-4788-b7b4-e36b7a3001cd/amby-0b21a30bba68c95fb5ff4231e01e96e1iFfGcstd42.jpg
https://americamotorsby.ams3.digitaloceanspaces.com/americamotors-by/c16b83de-4855-45cf-84dc-0f10ab734397/amby-359fb848212245756aa674821f731c55DEehdJ21jY.jpg
https://americamotorsby.ams3.digitaloceanspaces.com/americamotors-by/455cd54a-cafd-4ebc-bc0a-fee8acdd0d5b/amby-f9fe219a44b4921b3d3643ba1196ac8ekqzwXcdtrI.jpg
https://americamotorsby.ams3.digitaloceanspaces.com/americamotors-by/edbe9515-5768-45cb-9d1f-f3f3557fec07/amby-d9d856ea09135c3fa180a8db1b5bb7a5hcQ56ZAftC.jpeg"
"1770619054-112","https://americamotors.by/catalog/all/car?type_id=1&status%5B0%5D=all","https://americamotors.by/catalog/all/car?type_id=1&status%5B0%5D=all&page=6","https://americamotors.by/transport/honda/crv/872","Под заказ","2020 Honda CR-V EX","38 130р.","12 500$ / 11 250€","Honda","CR-V","VIN: ******","24000 миль.","1.5 л","Автомат","Передний","Cерый","Кроссовер","https://americamotorsby.ams3.digitaloceanspaces.com/americamotors-by/d4dbf7c3-5091-47dd-b336-9cbd67120d3b/amby-d1edfaf47bb06ecd367af367cc0cb071LnqjsEkITa.jpg
https://americamotorsby.ams3.digitaloceanspaces.com/americamotors-by/0860533a-02dd-43f1-85e3-2d725aa11aa4/amby-222090cde51ea3a7635bebdcea93d5612Ft8QLArmc.jpg
https://americamotorsby.ams3.digitaloceanspaces.com/americamotors-by/85e38ba4-a2bd-4111-9374-515d1bc7b5ed/amby-1beb524cd282b3e735b146da06d5bdf9XYQqEsIyiF.jpg
https://americamotorsby.ams3.digitaloceanspaces.com/americamotors-by/ada5a27b-b577-4e0d-b195-5b75e5d77f4e/amby-11410a7261bd9ec1875bd246827f480ak2prSyZ3Gv.jpg
https://americamotorsby.ams3.digitaloceanspaces.com/americamotors-by/bd2ea279-81c9-4c25-94a3-1c8b594e4c11/amby-d40b44348a9d80e3858a5b6958bfe1eakz3us2W6qB.jpg
https://americamotorsby.ams3.digitaloceanspaces.com/americamotors-by/5927471b-2465-4b0c-bcec-7a16654f5abb/amby-94c1c7a53344fed984138e9c0cf55010XE9NJzRIQ7.jpg
https://americamotorsby.ams3.digitaloceanspaces.com/americamotors-by/78632770-3148-4634-a9cf-8ab019538f40/amby-7e26308d1f9d67666a63b32638542430pNvG3BY8sb.jpg
https://americamotorsby.ams3.digitaloceanspaces.com/americamotors-by/3ea7814e-4946-4e72-a179-7c3dcce921a3/amby-e83a7813cdca171374ca604abb3634bf8QpwlJWG97.jpg"
"1770619063-113","https://americamotors.by/catalog/all/car?type_id=1&status%5B0%5D=all","https://americamotors.by/catalog/all/car?type_id=1&status%5B0%5D=all&page=6","https://americamotors.by/transport/honda/civic/873","Под заказ","2020 Honda Civic SPORT","25 930р.","8 500$ / 7 650€","Honda","Civic","VIN: ******","21742 миль.","2 л","Автомат","Передний","Белый","Хэтчбек","https://americamotorsby.ams3.digitaloceanspaces.com/americamotors-by/cfa597d7-e75e-421b-a3c6-eff949e3bee7/amby-8cc3c3b88674da4703690cc8057dc1e7PU3eHqTi9W.jpg
https://americamotorsby.ams3.digitaloceanspaces.com/americamotors-by/8ad75992-0393-46d6-8b81-81792faa6de1/amby-fda30ea86f5352e0612acdd43098cd7b08tUldOjoZ.jpeg
https://americamotorsby.ams3.digitaloceanspaces.com/americamotors-by/ce0130ec-c5e3-49da-bb17-4635aa5ad4a5/amby-e7055d3663ee30d1754c432d21a17b96uqZP8Ht4XJ.jpg
https://americamotorsby.ams3.digitaloceanspaces.com/americamotors-by/025e567b-e305-42f0-81b8-03d86701b81f/amby-9baedbd7ec9a5eba7a0e49096a5988594OemH28uYV.jpg
https://americamotorsby.ams3.digitaloceanspaces.com/americamotors-by/70d5b83c-ab20-48f6-88ad-1fa2719821e5/amby-8c9a04f941d48071bda01276b1cb7aaf71YIVQTPKj.jpg
https://americamotorsby.ams3.digitaloceanspaces.com/americamotors-by/6b037bc4-37e4-45d7-a295-480f4ded0c4d/amby-83dba72f8d5129a80813c5941f334e32klREYzPwyd.jpg
https://americamotorsby.ams3.digitaloceanspaces.com/americamotors-by/385f96bc-516d-4545-8044-8fa0a2034505/amby-243753b8872e5ff71b1a49bfa5a2c740xFtP5dgkBU.jpg
https://americamotorsby.ams3.digitaloceanspaces.com/americamotors-by/21f11181-6c37-4fc3-900b-33c399d7c89b/amby-41e46e5fa4e27dc472dccd624d6c5869WpDzKbtFQC.jpg
https://americamotorsby.ams3.digitaloceanspaces.com/americamotors-by/e835a3f5-b79c-4278-ae16-aebf23497af2/amby-10db6ea051a59181018f720e9e03615c8DZLYVhv2X.jpg
https://americamotorsby.ams3.digitaloceanspaces.com/americamotors-by/05b6195d-0ee3-42f7-8807-e4d4cfaad5f8/amby-798ece1aaf81696bdf3aa04cd72d8f5c3O1BzHypnY.jpg"
"1770619070-114","https://americamotors.by/catalog/all/car?type_id=1&status%5B0%5D=all","https://americamotors.by/catalog/all/car?type_id=1&status%5B0%5D=all&page=6","https://americamotors.by/transport/honda/pilot/874","Под заказ","2020 Honda PILOT EXL","39 960р.","13 100$ / 11 790€","Honda","PILOT","VIN: ******","39378 миль.","3.5 л","Автомат","Полный","Синий","Кроссовер","https://americamotorsby.ams3.digitaloceanspaces.com/americamotors-by/1f3bcce4-ee57-4c1e-9ea4-025caafae413/amby-798ece1aaf81696bdf3aa04cd72d8f5cmibRwQq6eT.jpg
https://americamotorsby.ams3.digitaloceanspaces.com/americamotors-by/78301647-b2ae-47aa-8073-edcea05621f8/amby-e7f79bb3d02b752b69a310ed9fa79c0dhSRaFPCHLN.jpg
https://americamotorsby.ams3.digitaloceanspaces.com/americamotors-by/c36c59ee-314d-43e7-980c-19eeb0dfda64/amby-1846c29336bb3d33ed3ac8681b5b81a5h65DtifoUF.jpg
https://americamotorsby.ams3.digitaloceanspaces.com/americamotors-by/1085880d-6364-4343-a519-c8014be19b4f/amby-fbeec4210451a4c8c7e89ba52f069038lkqQfATE19.jpg
https://americamotorsby.ams3.digitaloceanspaces.com/americamotors-by/ffcc369f-ff49-46d8-8a00-48e3cdc6b395/amby-ebf532baad45ac581ece4893f9e19341ab6kGsvCO3.jpg
https://americamotorsby.ams3.digitaloceanspaces.com/americamotors-by/084e1f91-1165-4e42-a82e-d658b51f6f68/amby-0b77d04927a8912a1db7f9e4d22e4f6cMHQZtIorhn.jpg
https://americamotorsby.ams3.digitaloceanspaces.com/americamotors-by/eb7d06c4-f4f0-4e31-beee-48e8776dd9b3/amby-b1d2409298a10aecd4027f48f0306b7enkjf6hgyS2.jpg
https://americamotorsby.ams3.digitaloceanspaces.com/americamotors-by/f3f13043-e50d-43b1-ae2f-ca03f0c47366/amby-3bd8ae40e33bc03cd577956f29750168V0MfUchmPQ.jpg
https://americamotorsby.ams3.digitaloceanspaces.com/americamotors-by/131d4fa8-410b-4f42-aa6c-a29b06de8af6/amby-3add28b2d9592fb02aee34384c004460ksOfUe39gK.jpg
https://americamotorsby.ams3.digitaloceanspaces.com/americamotors-by/149e6fe8-f094-48b7-a7ea-df08ea282929/amby-798ece1aaf81696bdf3aa04cd72d8f5cyThmwZeaP5.jpg"
"1770619076-115","https://americamotors.by/catalog/all/car?type_id=1&status%5B0%5D=all","https://americamotors.by/catalog/all/car?type_id=1&status%5B0%5D=all&page=6","https://americamotors.by/transport/volvo/xc60/875","Под заказ","2019 Volvo XC60 T6","42 700р.","14 000$ / 12 600€","Volvo","XC60","VIN: ******","27000 миль.","2 л","Автомат","Полный","Синий","Кроссовер","https://americamotorsby.ams3.digitaloceanspaces.com/americamotors-by/384a8a36-3dcb-45da-9752-289a7cbc7659/amby-ff6087817f6465d5747bb07ab6128d5d6MEdJGSFQp.jpg
https://americamotorsby.ams3.digitaloceanspaces.com/americamotors-by/b1ce3647-1b22-40e6-9e82-fc8e3e4b46ae/amby-f2430f8f18c792b0b0f81685e1b829d6nyjk2T9ED8.jpg
https://americamotorsby.ams3.digitaloceanspaces.com/americamotors-by/7c0a8d17-b6af-4200-a963-347eaa780e6e/amby-ca2a15a7988164cf64b99cf4ef5f42e2HOsPzFQm8l.jpg
https://americamotorsby.ams3.digitaloceanspaces.com/americamotors-by/10694b05-54de-4df4-9e59-cd6b56b759c9/amby-2af6cb390e07d749cd170610fd25b2b4Gh9XAnRKdq.jpg
https://americamotorsby.ams3.digitaloceanspaces.com/americamotors-by/e9ae181f-a7f7-4162-b2af-ba9ac954c4df/amby-5be75c290ad43aec6fc05434db6bee8fHyGEOVcAJg.jpg
https://americamotorsby.ams3.digitaloceanspaces.com/americamotors-by/01b98739-6c0a-42e3-b5a5-81bc9b50f965/amby-d8f46edf3d34482c4b24aaf3bf2b1b3bLDoGxiMaI5.jpg
https://americamotorsby.ams3.digitaloceanspaces.com/americamotors-by/0a3ca501-8047-4150-9995-dc0ee4546dca/amby-8b41153b4f29068724c4b2350e2cc1fb1lVyRiSf4G.jpg
https://americamotorsby.ams3.digitaloceanspaces.com/americamotors-by/2561d4ed-6a2a-4d1a-a336-ace1a6ce8f54/amby-0d42b26c954e2fde557f84794a376dc57CleAJ9dTZ.jpg"
"1770619085-116","https://americamotors.by/catalog/all/car?type_id=1&status%5B0%5D=all","https://americamotors.by/catalog/all/car?type_id=1&status%5B0%5D=all&page=6","https://americamotors.by/transport/volkswagen/jetta/876","Под заказ","2019 Volkswagen Jetta S","18 300р.","6 000$ / 5 400€","Volkswagen","Jetta","VIN: ******","41522 миль.","1.4 л","Автомат","Передний","Белый","Седан","https://americamotorsby.ams3.digitaloceanspaces.com/americamotors-by/19f4109b-3a34-4671-bb83-fb1e6a161ef8/amby-499519e73c06934cb479b3e8937c948cQhtKbH28Ce.jpg
https://americamotorsby.ams3.digitaloceanspaces.com/americamotors-by/828635c9-c66c-4235-9742-278cd9cad561/amby-c4e98ab0d33937cbe9e1400e963b81d01MObpjui4Z.jpg
https://americamotorsby.ams3.digitaloceanspaces.com/americamotors-by/b0eb68f9-4e4c-48ef-a205-4fb3e34d6891/amby-495180c535dc064896dba05bf914f141b9ENs1CwhD.jpg
https://americamotorsby.ams3.digitaloceanspaces.com/americamotors-by/fd372b60-aad9-4ed4-9ecb-5779e1489250/amby-6ccadf44a6aee5c7ce4fbba73005890aHzrTJM2Gnh.jpg
https://americamotorsby.ams3.digitaloceanspaces.com/americamotors-by/516062c3-e024-4980-b41e-03b922ef738b/amby-dc914f8d1e37bee22ce781b1c88ec0bawiuBLb50gp.jpg
https://americamotorsby.ams3.digitaloceanspaces.com/americamotors-by/e20fd9c5-c5c3-42e0-8ca8-d8f6f0754d9c/amby-a395766822c40704b839558546e25ef0wUk9tJcyMB.jpg
https://americamotorsby.ams3.digitaloceanspaces.com/americamotors-by/f9449daf-d0de-46ff-b817-a0fa5d67d4c4/amby-08093d20c30c7420b435959c267d41e8BQSNaU6mLr.jpg
https://americamotorsby.ams3.digitaloceanspaces.com/americamotors-by/4b312996-0424-4123-bb17-51d3123cd8bc/amby-9458195d5e3010af0b14bb64a0dd3d40ofKFMVHRhu.jpg
https://americamotorsby.ams3.digitaloceanspaces.com/americamotors-by/9677d8cd-7d59-4821-8978-fe9bd26d05d3/amby-d9f183f00fe35aaaf5ed7e066074070ekvqyLrw9m3.jpg"
"1770619094-117","https://americamotors.by/catalog/all/car?type_id=1&status%5B0%5D=all","https://americamotors.by/catalog/all/car?type_id=1&status%5B0%5D=all&page=6","https://americamotors.by/transport/hyundai/kona/877","Под заказ","2019 Hyundai Kona SEL","20 290р.","6 650$ / 5 990€","Hyundai","Kona","VIN: ******","25782 миль.","2 л","Автомат","Передний","Cерый","Кроссовер","https://americamotorsby.ams3.digitaloceanspaces.com/americamotors-by/06c5457a-9a2f-4b32-9f1a-583010a4ed64/amby-96b5ae789d075319595914498940944dmA3ykV9sCg.jpg
https://americamotorsby.ams3.digitaloceanspaces.com/americamotors-by/3ced1a5c-7ce7-4fd2-a6d3-0d94fd52f0d1/amby-ffece534131407ade1b6a59fee2e4e7aR3ptgyl82k.jpg
https://americamotorsby.ams3.digitaloceanspaces.com/americamotors-by/2cadc418-27f5-463a-b876-2e6f3cdcca34/amby-ca21369f7c83d0abee85251eb7082a8c2SlE35Tk4i.jpg
https://americamotorsby.ams3.digitaloceanspaces.com/americamotors-by/870834ac-75d4-4b56-a7f0-913603bfed8f/amby-96b5ae789d075319595914498940944dzTxNWtSw0R.jpg
https://americamotorsby.ams3.digitaloceanspaces.com/americamotors-by/c57c7d7a-38bc-4fa0-bc6a-41da020774eb/amby-26ca6f2759a7a319a600c2aacac06cc0halj0GgxZu.jpg
https://americamotorsby.ams3.digitaloceanspaces.com/americamotors-by/b24408f9-8e01-4d9e-b679-904f1cd04c19/amby-2d0e119830e91c95130b5d9838bee150m1CnLT3bvN.jpg
https://americamotorsby.ams3.digitaloceanspaces.com/americamotors-by/0f23e121-acce-4bf1-b4f6-43a002cefe13/amby-d57d8176f924a54612152d80c073ec21lKRT1sQ2k8.jpg
https://americamotorsby.ams3.digitaloceanspaces.com/americamotors-by/2bfd41aa-b62d-4fa8-abbb-fd6547560420/amby-e8ee3ee37fc1b526765d3af0700e669cSBMUWGz7y4.jpg
https://americamotorsby.ams3.digitaloceanspaces.com/americamotors-by/f6fb4dad-4d0f-4eca-a81c-bcc6ffb4fa6f/amby-def56727dd33cf220015b3a1278fd1942uPxHJLm56.jpg
https://americamotorsby.ams3.digitaloceanspaces.com/americamotors-by/d24fa81f-d986-44da-852c-f5a2a6ec5b1a/amby-ad6ae8cac738f7692f21f6a25c464d9aNG5iPHv10m.jpg"
"1770619102-118","https://americamotors.by/catalog/all/car?type_id=1&status%5B0%5D=all","https://americamotors.by/catalog/all/car?type_id=1&status%5B0%5D=all&page=6","https://americamotors.by/transport/audi/q5/878","Под заказ","2018 Audi Q5 PREMIUM PLUS","42 700р.","14 000$ / 12 600€","Audi","Q5","VIN: ******","13617 миль.","2 л","Автомат","Полный","Черный","Кроссовер","https://americamotorsby.ams3.digitaloceanspaces.com/americamotors-by/0e2be534-517c-4f23-9b18-ca91349e469a/amby-1c0b8c9296c5d96970d78a99564f29d5piWqGQMHFO.jpeg
https://americamotorsby.ams3.digitaloceanspaces.com/americamotors-by/87bab99d-d58a-4fde-8d56-68f1e6a363eb/amby-ea98d628c5e2545e1affc91788eae557GW5nt4SRqw.jpeg
https://americamotorsby.ams3.digitaloceanspaces.com/americamotors-by/55696b66-9fd9-4917-9add-81be2dc579c6/amby-c0aa9b2300f0dcca66f1ec36cf8d3489mRxk3IMgs4.jpg
https://americamotorsby.ams3.digitaloceanspaces.com/americamotors-by/07ccd502-667d-4b58-a428-d559e35537be/amby-0d7053baf29d6f89e836d7d89b0ad46aBwka5AJTZc.jpg
https://americamotorsby.ams3.digitaloceanspaces.com/americamotors-by/3d676395-83b6-4d8e-ba92-f3b499fccf6e/amby-277e9af88d02ec8dddf6952392a71709PGElVD5jfX.jpg
https://americamotorsby.ams3.digitaloceanspaces.com/americamotors-by/4ff00a36-1b32-492a-94f9-798d6aee7e17/amby-5580cb69e86b33d5302d073ef72229bdFrYQW3eyEx.jpg
https://americamotorsby.ams3.digitaloceanspaces.com/americamotors-by/d1cfe5dc-4fd6-49dd-a506-72225dee3303/amby-74bc21dc409405523a177e29535d8137Urk3ZX2SOH.jpg
https://americamotorsby.ams3.digitaloceanspaces.com/americamotors-by/a130a8de-3ab2-40fa-b8c9-5d8f896be48a/amby-29f4930f938d2882376b8db51562b3acsUZMyiWuS7.jpg"
"1770619111-119","https://americamotors.by/catalog/all/car?type_id=1&status%5B0%5D=all","https://americamotors.by/catalog/all/car?type_id=1&status%5B0%5D=all&page=5","https://americamotors.by/transport/ford/explorer/879","Под заказ","2018 Ford Explorer LIMITED","27 450р.","9 000$ / 8 100€","Ford","Explorer","VIN: ******","33895 миль.","3.5 л","Автомат","Полный","Белый","Внедорожник","https://americamotorsby.ams3.digitaloceanspaces.com/americamotors-by/25758ea5-44d2-4146-89d1-e67156ecec16/amby-5881ad5d397390cad32f3b6959c4bf13MZ1gUmzYWL.jpg
https://americamotorsby.ams3.digitaloceanspaces.com/americamotors-by/776489f4-8bdd-4ab2-8925-3c53ef905e24/amby-968b618ca3826fadd2a7a249cfe7891agaiQP7hfT6.jpg
https://americamotorsby.ams3.digitaloceanspaces.com/americamotors-by/89af055b-faa3-4500-a625-7c1c79b3dd2c/amby-c4c9f644221911969fe5a4de159a0e2fAp6OF5EUg9.jpg
https://americamotorsby.ams3.digitaloceanspaces.com/americamotors-by/4f7e9bb0-3d61-45a2-9650-c19eebaa2176/amby-3a774f45bbb3a303a2999e3e7dc3a146GLAcJFVjaU.jpg
https://americamotorsby.ams3.digitaloceanspaces.com/americamotors-by/662b6c59-3b40-45c9-99b5-c08b7abc91b6/amby-fdc0539c436c7e194b35f3d335b091c4Yf9UCvDeqh.jpg
https://americamotorsby.ams3.digitaloceanspaces.com/americamotors-by/e5a68424-c3f2-4e82-9924-1b046d4126c5/amby-3d77a4011b965a6a124a8a8b0132b003JPLsZlMNtx.jpg
https://americamotorsby.ams3.digitaloceanspaces.com/americamotors-by/85fa419f-2fe0-4b05-adcf-12a3fb78b4e4/amby-43cec244ffdee4e54c54a74c0ed044a9Myp0OSah5m.jpg
https://americamotorsby.ams3.digitaloceanspaces.com/americamotors-by/933c3c7b-6e6e-496f-a1eb-f67fef999429/amby-3d9319491e1d7093957f444d63a7d1c5n9o8ODWstN.jpg"
"1770619122-120","https://americamotors.by/catalog/all/car?type_id=1&status%5B0%5D=all","https://americamotors.by/catalog/all/car?type_id=1&status%5B0%5D=all&page=5","https://americamotors.by/transport/jeep/compass/880","Под заказ","2020 Jeep Compass LATITUDE","28 060р.","9 200$ / 8 280€","Jeep","Compass","VIN: ******","26168 миль.","2.4 л","Автомат","Полный","Серебристый","Внедорожник","https://americamotorsby.ams3.digitaloceanspaces.com/americamotors-by/ec663256-f0c6-4797-bd7d-f647c7517035/amby-4567ff1feb5d32b181104777039b7124uexj0dIMDH.jpg
https://americamotorsby.ams3.digitaloceanspaces.com/americamotors-by/d5deb423-431b-4394-9c24-8ca556689e64/amby-c3aaafdda98266a596a57544374ee402bjQGyVwFPc.jpg
https://americamotorsby.ams3.digitaloceanspaces.com/americamotors-by/6ebe298f-4c34-42cd-b567-a03bec44b557/amby-4567ff1feb5d32b181104777039b7124UsCOr3FVay.jpg
https://americamotorsby.ams3.digitaloceanspaces.com/americamotors-by/c40c5497-425d-4cbd-a704-5c9b73d259f2/amby-b15a8139b0a15aaae1baf7be18abc396IJ02DreziL.jpg
https://americamotorsby.ams3.digitaloceanspaces.com/americamotors-by/a5bcd123-3725-493e-b2e5-84e6b30fe9d2/amby-a07e519d06a84e0a7899f30ee3bf7e1dS5CYIPUk3z.jpg
https://americamotorsby.ams3.digitaloceanspaces.com/americamotors-by/2f93eac9-3aa5-4166-b94a-e8089d167d1c/amby-96dacfebe812579fe243dcd2423ea72256Nhq12Jse.jpg
https://americamotorsby.ams3.digitaloceanspaces.com/americamotors-by/609cd9d1-4f22-4f8d-8dee-e4408d93d7c9/amby-e772253eabe77491cbafa240e4dfb5fadl5WRIkJF9.jpg
https://americamotorsby.ams3.digitaloceanspaces.com/americamotors-by/295d5d4f-b815-46f9-bb46-07124ccc3562/amby-f6ae586711a45911b03bbfe7eb6cbf1cObQJEk4Hmw.jpg
https://americamotorsby.ams3.digitaloceanspaces.com/americamotors-by/ce4d1447-97db-4116-85fd-2454b183f5ff/amby-51f69346c31a01c0262ab8837686a8afk6lETHrM9S.jpg
https://americamotorsby.ams3.digitaloceanspaces.com/americamotors-by/975d9866-3b61-42fb-ba54-374b397674c4/amby-a3e15b4afba627ac7f0d06cf8a0dbec6eRBxWlXvEa.jpg"
"1770619132-121","https://americamotors.by/catalog/all/car?type_id=1&status%5B0%5D=all","https://americamotors.by/catalog/all/car?type_id=1&status%5B0%5D=all&page=5","https://americamotors.by/transport/mercedes-benz/gle1913081139/881","Под заказ","2020 Mercedes-Benz GLE 350","125 050р.","41 000$ / 36 900€","Mercedes-Benz","GLE","VIN: ******","20275 миль.","2 л","Автомат","Задний","Cерый","Кроссовер","https://americamotorsby.ams3.digitaloceanspaces.com/americamotors-by/cf085b74-29d7-4184-8375-d9b13bb90d58/amby-f7f15f38fc05d5b931e8f09d80692c63dzUCxAXZT4.jpg
https://americamotorsby.ams3.digitaloceanspaces.com/americamotors-by/cd8db0eb-58a0-4aae-b097-e98315267662/amby-24f3cc14be2f59683aed29e2f0430df5jH7GqNytKi.jpg
https://americamotorsby.ams3.digitaloceanspaces.com/americamotors-by/df138bae-0c5f-47ff-a523-85d9e6ccc72a/amby-d8f47aa7dceeb7068b54ac6ea3cdfe57dmF4Aj7MX9.jpg
https://americamotorsby.ams3.digitaloceanspaces.com/americamotors-by/e893fe21-b381-4f57-a201-023fe7302c78/amby-d34b85184fc525a06c47e822dbd3815d2Nw1rXi7bQ.jpg
https://americamotorsby.ams3.digitaloceanspaces.com/americamotors-by/8f4f8846-0b4c-44af-81e5-08ba4e99ae40/amby-480117f2f1d1311090edf04af229907fv2FNl37siq.jpg
https://americamotorsby.ams3.digitaloceanspaces.com/americamotors-by/2986a34f-91a8-490a-81b5-b4659d5fc5d5/amby-b58d96430a8a12caed3f0848a0cdf7f6s40UXfOQ5e.jpg
https://americamotorsby.ams3.digitaloceanspaces.com/americamotors-by/706b0ff4-ea6c-4e88-870e-d8d8fca48cc0/amby-0fe97629bf5cc19ccbd2b8e4d7990ed4qDspt2QWkd.jpg
https://americamotorsby.ams3.digitaloceanspaces.com/americamotors-by/66623763-8935-43bc-aac3-6baf64534ced/amby-480012132806edcb152ab2d1a45ff8b1dE9OPG4R3r.jpg
https://americamotorsby.ams3.digitaloceanspaces.com/americamotors-by/3c964ddd-ee25-4f80-a89f-36fc9cbe9a12/amby-8490da1c126eb4979a3965b91fbca16dfZ78bpTuX4.jpg"
"1770619141-122","https://americamotors.by/catalog/all/car?type_id=1&status%5B0%5D=all","https://americamotors.by/catalog/all/car?type_id=1&status%5B0%5D=all&page=5","https://americamotors.by/transport/mazda/cx5/882","Под заказ","2019 Mazda CX-5 GRAND TOURING","28 980р.","9 500$ / 8 550€","Mazda","CX-5","VIN: ******","42822 миль.","2.5 л","Автомат","Полный","Черный","Кроссовер","https://americamotorsby.ams3.digitaloceanspaces.com/americamotors-by/17ad129a-f1b7-4db8-8723-5370460f9b28/amby-91595089cce87bf9f974c02937bf530cHYmeEjPBIq.jpg
https://americamotorsby.ams3.digitaloceanspaces.com/americamotors-by/d75bf9f8-8ee7-4ca5-807b-7c358d9d99dc/amby-123ab0437d56619fe68b0ccfc2d17fabmuKtfd4EkG.jpeg
https://americamotorsby.ams3.digitaloceanspaces.com/americamotors-by/9411cb8f-e3fa-46d9-9b85-9875b77b08a0/amby-020cb01e038018dafb64dc7fc2cdb5a9LTMOgx3IR8.jpg
https://americamotorsby.ams3.digitaloceanspaces.com/americamotors-by/16e838c7-3a17-4918-a05b-f64de95624d1/amby-6d5f7cc4ca34517dc7b54f14eb972101vhXSmPurOM.jpg
https://americamotorsby.ams3.digitaloceanspaces.com/americamotors-by/22c24e36-ecf2-40f7-93de-f67bca6a3871/amby-d950d2ccb10f9c06f0944c65c0bbe666VSvGNedkxL.jpg
https://americamotorsby.ams3.digitaloceanspaces.com/americamotors-by/7c439642-de5e-4b45-9b99-9c3fe3a82919/amby-e13ace5e04ee27c61deed39548837d862niZOohsdj.jpg
https://americamotorsby.ams3.digitaloceanspaces.com/americamotors-by/da39c01e-426b-463b-8ebc-7c430c49d37c/amby-d3d1de6a6675784de3fa8297a0a2520cyCAXcWuV4B.jpg
https://americamotorsby.ams3.digitaloceanspaces.com/americamotors-by/af54c8b6-1e37-46a9-a160-2fd192623cd1/amby-08d5c03fc867a4d61b94380cf1c49bc76LFCNUdzhZ.jpg
https://americamotorsby.ams3.digitaloceanspaces.com/americamotors-by/1829de7b-beb4-4939-9642-9392878fe6fe/amby-c905d27374b1e9335d5d4abfbdcbc9702eUNQJqvXc.jpg
https://americamotorsby.ams3.digitaloceanspaces.com/americamotors-by/503ba1e8-6f25-4bfe-8f09-dc727b452d09/amby-d96f5b5311f8094e74475f90f984ab833smxivlS5G.jpeg"
"1770619150-123","https://americamotors.by/catalog/all/car?type_id=1&status%5B0%5D=all","https://americamotors.by/catalog/all/car?type_id=1&status%5B0%5D=all&page=5","https://americamotors.by/transport/ford/edge/883","Под заказ","2020 Ford Edge SEL","35 990р.","11 800$ / 10 620€","Ford","Edge","VIN: 2FMPK4J99LB******","40388 миль.","2 л","Автомат","Полный","Cерый","Кроссовер","https://americamotorsby.ams3.digitaloceanspaces.com/americamotors-by/c13c85bf-9a08-4769-8378-743c94234373/amby-3338b644f80d5c67e93c5491709a2687l8kYXCvg1R.jpg
https://americamotorsby.ams3.digitaloceanspaces.com/americamotors-by/66ff876b-4305-45dc-ba0d-b4b8079d382c/amby-7770e9bb9c709d05d4e78980a8622d37PdfSJOn0Xq.jpeg
https://americamotorsby.ams3.digitaloceanspaces.com/americamotors-by/f58b1e4d-71f7-424e-a8d9-066e076c0871/amby-5c8f2c98a3207426af2e0eab788aa2ecycl03Kw9mZ.jpg
https://americamotorsby.ams3.digitaloceanspaces.com/americamotors-by/e3c52b85-b14b-469a-9baf-ae5ee9138f1c/amby-95aa322b6b840097bd79e929ff49fcc2UWY4bPVhNM.jpg
https://americamotorsby.ams3.digitaloceanspaces.com/americamotors-by/8e7de855-9849-4f3d-aa9f-1c9ecb83dd3a/amby-d07892d3ee035d9affc2ecad94a86ef5xBHcNUokvn.jpg
https://americamotorsby.ams3.digitaloceanspaces.com/americamotors-by/54cb0c1a-5082-400d-a5be-1f05266643a5/amby-5ca760475647f69240a28823f8aae6d5JV6RrmnyxB.jpg
https://americamotorsby.ams3.digitaloceanspaces.com/americamotors-by/ffafdb57-b3ee-4aad-b0f8-eb5d0d13d58a/amby-95db7c396b5ad537c5a908be4d4fb0c7M59gG6xZOB.jpg
https://americamotorsby.ams3.digitaloceanspaces.com/americamotors-by/5f2c874a-c1c2-4d30-b21c-d3ea4d9be609/amby-4dccc47b502a21091e3bd6355397ce5cJamqbVUAeL.jpg
https://americamotorsby.ams3.digitaloceanspaces.com/americamotors-by/aa6468a3-c599-4692-a2b6-d7ed381a6181/amby-722804891967ff0e4d99f032538520b63nFJvBwmEG.jpg
https://americamotorsby.ams3.digitaloceanspaces.com/americamotors-by/06c64a8d-24f5-44be-9ac5-5b02047dab63/amby-b7d2f82fdb063a0b87556aec53e2d58c3XDaLhQgZl.jpg"
"1770619158-124","https://americamotors.by/catalog/all/car?type_id=1&status%5B0%5D=all","https://americamotors.by/catalog/all/car?type_id=1&status%5B0%5D=all&page=5","https://americamotors.by/transport/toyota/camry/884","Под заказ","2019 Toyota Camry LE","33 550р.","11 000$ / 9 900€","Toyota","Camry","VIN: 4T1B31HK8KU******","28229 миль.","2.5 л","Автомат","Передний","Коричневый","Седан","https://americamotorsby.ams3.digitaloceanspaces.com/americamotors-by/9800700a-6b90-40cb-98b6-3ccdb53bdde1/amby-31ce5f4467b363c4acb3c5dc19b3501b9j6quXnyHK.jpg
https://americamotorsby.ams3.digitaloceanspaces.com/americamotors-by/2afa7ed8-ecd5-4d82-bb8f-d1643e5475e5/amby-a94e2d45934582a3f25c9f155cc7022aD3VJ49sjr5.jpg
https://americamotorsby.ams3.digitaloceanspaces.com/americamotors-by/5ba1e137-f2a2-45f6-ac30-23f3d91d517d/amby-223c425726d6b55735c549dfcbc60a34BXpDhju5cr.jpg
https://americamotorsby.ams3.digitaloceanspaces.com/americamotors-by/5e445ec6-cd3f-484d-b787-9e64eaa54a44/amby-8de579f204ee33d7eddd93622d243436PWywQBiLMA.jpg
https://americamotorsby.ams3.digitaloceanspaces.com/americamotors-by/af4ccf7b-86b0-495a-8d62-296d596db98b/amby-dfcaa7be422e5a9c64d33bb3970cb391emAQN4oP0U.jpg
https://americamotorsby.ams3.digitaloceanspaces.com/americamotors-by/e1195207-5985-4fb9-b46a-0c556f5672ff/amby-8241ddb0530501a4bf24d7f46d7b8bc6HEDjY9an4L.jpg
https://americamotorsby.ams3.digitaloceanspaces.com/americamotors-by/9dba28f9-efda-4830-99c1-13c393649655/amby-51c6bbb5e8809b99575069b9bb960571zTEAjUoKiF.jpg
https://americamotorsby.ams3.digitaloceanspaces.com/americamotors-by/4a8566f6-d923-4b9f-ad85-2d44e79e7b8b/amby-333ab1e34d0cc8c2b45a006a76e8c5d8b2JwBc8yQ7.jpg
https://americamotorsby.ams3.digitaloceanspaces.com/americamotors-by/aaf7d3a7-0a6b-4e87-9789-0011eca8b1bb/amby-31ce5f4467b363c4acb3c5dc19b3501bvrEzYkGeN8.jpg
https://americamotorsby.ams3.digitaloceanspaces.com/americamotors-by/14d3cf87-330d-4ed1-bc3e-3d6ffb601b2d/amby-2b53de06e82a52b88706096c5a660cc65EkN2SBYUM.jpg"
"1770619167-125","https://americamotors.by/catalog/all/car?type_id=1&status%5B0%5D=all","https://americamotors.by/catalog/all/car?type_id=1&status%5B0%5D=all&page=5","https://americamotors.by/transport/chrysler/pacifica/885","Под заказ","2019 Chrysler Pacifica TOURING L","54 900р.","18 000$ / 16 200€","Chrysler","Pacifica","VIN: ******","26369 миль.","3.6 л","Автомат","Передний","Черный","Минивен","https://americamotorsby.ams3.digitaloceanspaces.com/americamotors-by/6db1f78b-87f8-4746-a3ce-150e755c52d0/amby-a703a93b266dc7f779996525027b10f03aXNTFV2GE.jpg
https://americamotorsby.ams3.digitaloceanspaces.com/americamotors-by/b216c1a1-a859-4ca7-bbfc-33ca6fb9c0b5/amby-c49449e495523512f654f8311153d69byPjZSUiLQl.jpg
https://americamotorsby.ams3.digitaloceanspaces.com/americamotors-by/3f183e13-7a55-4ede-8395-794b4c02be5a/amby-0de40c06d5c74e069f5a895ba8ce42143l9fcGtSgu.jpg
https://americamotorsby.ams3.digitaloceanspaces.com/americamotors-by/ee819107-0182-403b-a5b1-52718bf284f1/amby-5d639bdf26d62cb2f300ad1f3a18cea407MXTBliF2.jpg
https://americamotorsby.ams3.digitaloceanspaces.com/americamotors-by/bf7e3a1c-9513-46de-b740-c413f8e3e8f1/amby-fd5e80e7018d5bb866c5e6a3b5371647FjbaV5LpQ7.jpg
https://americamotorsby.ams3.digitaloceanspaces.com/americamotors-by/4da47de9-7b88-4950-837f-8dbcac61fd60/amby-bc7f71f537cd66bad113711749362934kd4vaXZsIG.jpg
https://americamotorsby.ams3.digitaloceanspaces.com/americamotors-by/f0be1494-afc4-41e3-9286-579791378e85/amby-268d58d44119813ae3cc5226826bc2c2CzS3tqTw4N.jpg
https://americamotorsby.ams3.digitaloceanspaces.com/americamotors-by/873f2955-1481-45d4-b02b-112b87e9fff6/amby-d8191a38d540e3ef6b7558c7661d8ca248Ekp2QumR.jpg
https://americamotorsby.ams3.digitaloceanspaces.com/americamotors-by/8e6cee6b-6052-42a4-aebe-4a2da7449c80/amby-620614a6e027e3871cd7f404c010a513i9XEdwZgya.jpg"
"1770619176-126","https://americamotors.by/catalog/all/car?type_id=1&status%5B0%5D=all","https://americamotors.by/catalog/all/car?type_id=1&status%5B0%5D=all&page=5","https://americamotors.by/transport/hyundai/sonata/886","Под заказ","2020 Hyundai Sonata SEL","27 450р.","9 000$ / 8 100€","Hyundai","Sonata","VIN: 5NPEF4JA0LH******","30831 миль.","2.5 л","Автомат","Передний","Красный","Седан","https://americamotorsby.ams3.digitaloceanspaces.com/americamotors-by/391be245-509e-40bd-abaf-5e2b8af69aeb/amby-8346080febbc22af4ddf37a8b928ad08jPpigqYKGu.jpg
https://americamotorsby.ams3.digitaloceanspaces.com/americamotors-by/60484a9c-225e-4e3c-906b-e6700e770902/amby-8346080febbc22af4ddf37a8b928ad08YGLZ5FeBSl.jpg
https://americamotorsby.ams3.digitaloceanspaces.com/americamotors-by/cdfaef18-c992-4357-83e2-fa807dc18aa7/amby-cb84960f83e4bbb4be0c405da0a23f94N65xsGca31.jpg
https://americamotorsby.ams3.digitaloceanspaces.com/americamotors-by/b1fe70b4-1541-4425-80c4-166421d3daaa/amby-b1944512a9822dcbe8fd1ae27e9193b3y6GlETSn8Q.jpg
https://americamotorsby.ams3.digitaloceanspaces.com/americamotors-by/0c40c282-0a6b-4d19-9881-097937715677/amby-203c28451508e03c9c3012e7b845b276kvdeAZJISW.jpg
https://americamotorsby.ams3.digitaloceanspaces.com/americamotors-by/81cd6e6c-3258-464d-bba3-6333fa2e56ce/amby-0e3f5bb47e8ab5d4de54a7b879ea88aa2sAq6bEcFC.jpg
https://americamotorsby.ams3.digitaloceanspaces.com/americamotors-by/2663ba87-153c-40ee-aa13-f49ab1e9b8ec/amby-0b59d3ad4e06cd256df5dccf323810ef4sO3dqgx7t.jpg
https://americamotorsby.ams3.digitaloceanspaces.com/americamotors-by/710a107e-d15f-4a10-b3ea-ed4c2e1b83de/amby-3d13c7393cd10ccd6bd8943ec8841862LqZKrkYCn9.jpg
https://americamotorsby.ams3.digitaloceanspaces.com/americamotors-by/2c6cc574-4597-4321-9c55-a9dfd857034c/amby-6db28535453afd41f0e4c9f8db49680fNFHUA0cznt.jpg
https://americamotorsby.ams3.digitaloceanspaces.com/americamotors-by/8e0ee904-5212-44ac-9def-692097761638/amby-9b6c7ddcbb873b4357a4de3c644721cfJAKZj1XrCo.jpg"
"1770619188-127","https://americamotors.by/catalog/all/car?type_id=1&status%5B0%5D=all","https://americamotors.by/catalog/all/car?type_id=1&status%5B0%5D=all&page=5","https://americamotors.by/transport/hyundai/santa_fe/887","Под заказ","2019 Hyundai Santa Fe SE","38 130р.","12 500$ / 11 250€","Hyundai","Santa Fe","VIN: 5NMS2CAD4KH******","43741 миль.","2.4 л","Автомат","Полный","Серебристый","Кроссовер","https://americamotorsby.ams3.digitaloceanspaces.com/americamotors-by/ef64a957-4790-45d8-80f5-92a1ed5a9941/amby-0370a41c1a2982ea9259c6c24c5c6369XzelTESijb.jpg
https://americamotorsby.ams3.digitaloceanspaces.com/americamotors-by/9f1746f1-dc02-4f47-88ef-59970aef79b9/amby-9de7cdd1c9c808b82397421935a3a710zr3DXkhOAR.jpg
https://americamotorsby.ams3.digitaloceanspaces.com/americamotors-by/40368f5e-6b7b-42e5-8a75-b1abd011cafc/amby-a5df168ee31af45c640121fb7b76b236J1NyF7to6E.jpg
https://americamotorsby.ams3.digitaloceanspaces.com/americamotors-by/d7323fbb-7b00-42d5-83eb-ea436b6035bd/amby-069deaf3a2a44fce5607239abd57af59PXZDhzYSAb.jpg
https://americamotorsby.ams3.digitaloceanspaces.com/americamotors-by/23a1dd67-5a7f-4862-8605-5c4be2715056/amby-6c2bf5af16566390d3cb54d320220a24WYr6fPQdVI.jpg
https://americamotorsby.ams3.digitaloceanspaces.com/americamotors-by/dca3e955-3dad-4b65-9644-d96b90fe58e0/amby-04718af81278c74dd7a242ab86057db6EqZtFjNTvx.jpg
https://americamotorsby.ams3.digitaloceanspaces.com/americamotors-by/88194bf4-26f3-4f96-855d-490eb2c4d249/amby-1dfcd255719754471df0a96ab62a985aVCBay7s9IU.jpg
https://americamotorsby.ams3.digitaloceanspaces.com/americamotors-by/d3271c07-7206-444b-b98b-439fef697d5e/amby-fe288d15fbda24d0ec44f7e7fb92e97ef6BrFeOSZz.jpg
https://americamotorsby.ams3.digitaloceanspaces.com/americamotors-by/26f63687-c5b3-4e36-ab91-95f9dac406dd/amby-d5637069b658ba5f1f68920f2612a8a8rIKbMY4wUE.jpg"
"1770619201-128","https://americamotors.by/catalog/all/car?type_id=1&status%5B0%5D=all","https://americamotors.by/catalog/all/car?type_id=1&status%5B0%5D=all&page=5","https://americamotors.by/transport/mercedes-benz/gle1913081139/888","Под заказ","2020 Mercedes-Benz GLE 350 4MATIC","115 900р.","38 000$ / 34 200€","Mercedes-Benz","GLE","VIN: 4JGFB4KB9LA******","20381 миль.","2 л","Автомат","Полный","Белый","Кроссовер","https://americamotorsby.ams3.digitaloceanspaces.com/americamotors-by/0818c618-6484-4e2f-97fb-e7515d8f55ff/amby-798df11071a091d84265d18214ea3feeHX20eABcVk.jpg
https://americamotorsby.ams3.digitaloceanspaces.com/americamotors-by/fc47e7fd-fc6c-4576-ade2-7b3595b90617/amby-05a038964ab4317bb910e696160306241RMpE7TQKr.jpg
https://americamotorsby.ams3.digitaloceanspaces.com/americamotors-by/bee0f917-9df4-4eaf-9558-5b99a3053d31/amby-ed8f9c7e8d5988b7debd9d937aa772fb10U46MYhdQ.jpg
https://americamotorsby.ams3.digitaloceanspaces.com/americamotors-by/d07b5727-97a7-4e7a-8d5b-ca2008092a57/amby-1098c47e232eb71cbc5efe84b6a09d30LyVq1x4kmd.jpg
https://americamotorsby.ams3.digitaloceanspaces.com/americamotors-by/06fe3cbd-4d7e-4f1b-b42f-c152fb84dad7/amby-798df11071a091d84265d18214ea3feeCW078v3ZzT.jpg
https://americamotorsby.ams3.digitaloceanspaces.com/americamotors-by/65dea6bc-17a9-4ed3-9fce-27effc853039/amby-187c6d290af88031a7a4dc27b384d5386XOZ3FTUKo.jpg
https://americamotorsby.ams3.digitaloceanspaces.com/americamotors-by/4d1d5d14-3a1e-4650-ba4c-292277910131/amby-57371e3cbaa6f2f2d0870ab26671d496qs5p7zw1Nf.jpg
https://americamotorsby.ams3.digitaloceanspaces.com/americamotors-by/cede6c72-20db-464e-89ad-6c5f544e9f06/amby-4671c50d8b5632ebe847f47516f39a0bEp0io9qArv.jpg
https://americamotorsby.ams3.digitaloceanspaces.com/americamotors-by/8dad321b-9dc3-41d0-933d-bfa117884640/amby-717c59b9fc3686aced830e74a56fc658G3WHLRcwCs.jpg
https://americamotorsby.ams3.digitaloceanspaces.com/americamotors-by/1d6544ed-bdf2-41f0-a4da-ea928e420751/amby-fe446414470c55919e36cd57ba3713ffjEZpUJNRke.jpg"
"1770619227-129","https://americamotors.by/catalog/all/car?type_id=1&status%5B0%5D=all","https://americamotors.by/catalog/all/car?type_id=1&status%5B0%5D=all&page=4","https://americamotors.by/transport/hyundai/tucson/889","Под заказ","2019 Hyundai Tucson SE","25 930р.","8 500$ / 7 650€","Hyundai","Tucson","VIN: ******","17882 миль.","2 л","Автомат","Полный","Черный","Кроссовер","https://americamotorsby.ams3.digitaloceanspaces.com/americamotors-by/13a47f80-9abb-47e2-a48c-920b17dd544e/amby-6fcb66e40996314931ba6ff0d66deae2c1GWpBrxSh.jpg
https://americamotorsby.ams3.digitaloceanspaces.com/americamotors-by/d06f595f-5f17-4aa5-878a-b0458ee860a6/amby-aeeb45b226f093a6c67057581b848bacqR1GaSH5bA.jpg
https://americamotorsby.ams3.digitaloceanspaces.com/americamotors-by/bf023272-9644-438b-8982-544c6b8cec64/amby-4dfcf0b2ec331162113d217890cc52adkzajV8wqAd.jpg
https://americamotorsby.ams3.digitaloceanspaces.com/americamotors-by/3c81292d-5797-46ed-8d14-8805664aa1f4/amby-b9eb1364508c4cb6d1e854fd154f01c6j3udRkQFX8.jpg
https://americamotorsby.ams3.digitaloceanspaces.com/americamotors-by/eadfbb71-3ca6-46fc-a2ba-b0f6398227a2/amby-ae5417aa81020777005106109c5797e21EW5OfAc7V.jpg
https://americamotorsby.ams3.digitaloceanspaces.com/americamotors-by/afa9c2bd-a166-4cf2-8411-8e1ac1952a9d/amby-df8c1c295eb15ed660b9103d79829287nYOcQ3A1w7.jpg
https://americamotorsby.ams3.digitaloceanspaces.com/americamotors-by/11a47930-5908-4434-978e-037d46781dd2/amby-2fc9f5b4f80de52e1ed315b2013cc455TX3PepfDlO.jpg
https://americamotorsby.ams3.digitaloceanspaces.com/americamotors-by/71f6f988-a7bf-4f3c-addc-86598b52dd5b/amby-5aed22cef96b6dd697305f38f8fd45fdOozfYMDNav.jpg
https://americamotorsby.ams3.digitaloceanspaces.com/americamotors-by/efeeff9f-0d6a-450f-a1a1-562b77a7be37/amby-28124b9783be16e8bbb9d597e014f4c1V9LGd4RqzM.jpg"
"1770619237-130","https://americamotors.by/catalog/all/car?type_id=1&status%5B0%5D=all","https://americamotors.by/catalog/all/car?type_id=1&status%5B0%5D=all&page=4","https://americamotors.by/transport/hyundai/santa_fe/890","Под заказ","2020 Hyundai Santa Fe LIMITED","42 700р.","14 000$ / 12 600€","Hyundai","Santa Fe","VIN: ******","41000 миль.","2.4 л","Автомат","Полный","Белый","Кроссовер","https://americamotorsby.ams3.digitaloceanspaces.com/americamotors-by/f1d8afcd-f2d2-47c6-82d4-8224dec8d3a0/amby-87f3b566039b14d45dbec377c13e030aUnvpk7bdDG.jpg
https://americamotorsby.ams3.digitaloceanspaces.com/americamotors-by/f5ba1cf4-811f-43bb-b90d-3c2f801eb5f8/amby-f3b5f7dea444ce3a29c3d5b27867053eznOxaD6GdU.jpeg
https://americamotorsby.ams3.digitaloceanspaces.com/americamotors-by/1ae4ac3f-be39-4493-9b8e-fde3824f4c3d/amby-da2010c1e1359da47ce4cde49a74daeaM8tRnf1ZK7.jpg
https://americamotorsby.ams3.digitaloceanspaces.com/americamotors-by/65f60041-7057-445f-b086-6f6ff8ec3032/amby-9b2674f1524c6260b2db05d91a098cc8xKaIk7jLif.jpg
https://americamotorsby.ams3.digitaloceanspaces.com/americamotors-by/9688c209-a45c-4466-9df4-c9264f28c6fe/amby-7e0c6d8d7470daa81152e7de225a55444fsJnqKAUY.jpg
https://americamotorsby.ams3.digitaloceanspaces.com/americamotors-by/cef597d6-d0ee-497e-9156-cf0688420e40/amby-c78e75d8bece7f07c2d5a6696cb3b84bv6Yise7yLU.jpg
https://americamotorsby.ams3.digitaloceanspaces.com/americamotors-by/47a7a602-256a-425e-9bb9-62c551f5ca0a/amby-d62284545be59e476375672ec52542fb17A4ijyIrE.jpg
https://americamotorsby.ams3.digitaloceanspaces.com/americamotors-by/ac8bb863-08f3-493f-b869-d15844efdde4/amby-b4652bcb9e42ad278101f2022b505f785RBjsmvNLG.jpg
https://americamotorsby.ams3.digitaloceanspaces.com/americamotors-by/a4b35f29-b547-4dce-81f4-a0671155a0f8/amby-498c024e09c8509a2922b4b79b4cf8eeF3OjQ5SNai.jpeg"
"1770619245-131","https://americamotors.by/catalog/all/car?type_id=1&status%5B0%5D=all","https://americamotors.by/catalog/all/car?type_id=1&status%5B0%5D=all&page=4","https://americamotors.by/transport/lexus/rx/891","Под заказ","2018 Lexus RX 350 BASE","57 950р.","19 000$ / 17 100€","Lexus","RX","VIN: ******","27000 миль.","3.5 л","Автомат","Передний","Синий","Кроссовер","https://americamotorsby.ams3.digitaloceanspaces.com/americamotors-by/dcfec7c4-b81d-400a-8250-20d34b851b8f/amby-62e764864899db4dbfbd5ab563506c16e4fi1IBhAH.jpg
https://americamotorsby.ams3.digitaloceanspaces.com/americamotors-by/8c2c09f6-e48f-4346-8a82-b29d2e12163e/amby-5df10652c559399ebd3f5625bfccb90fPlLYZaEUrQ.jpg
https://americamotorsby.ams3.digitaloceanspaces.com/americamotors-by/f57b04ff-5376-4be4-9a95-bfac2f3328ae/amby-ba3c8c66f3182bf1a93bafc8ea979c92uk2BfNAEiL.jpg
https://americamotorsby.ams3.digitaloceanspaces.com/americamotors-by/575f6ff0-a619-4f56-83ae-37c457363765/amby-95538db4286775f1b9e25356a9f5c02avq3jd0ObBm.jpg
https://americamotorsby.ams3.digitaloceanspaces.com/americamotors-by/7cf18f96-cb7f-4ad4-9957-249249a013bd/amby-6e9a0fd5c5b64bc58e0c7f269ff4a328cbxMG07ZIX.jpg
https://americamotorsby.ams3.digitaloceanspaces.com/americamotors-by/599e246e-b768-4d9f-a313-2d58e327873d/amby-8c52a356c46d0159fa3800c0171b6e76ospVUImkZg.jpg
https://americamotorsby.ams3.digitaloceanspaces.com/americamotors-by/8f4013e6-4c80-4de3-a50b-9c29e5cb7a45/amby-1ef9e73d01ea5e6f820e66536cdbe692LpVdI7RwD1.jpg
https://americamotorsby.ams3.digitaloceanspaces.com/americamotors-by/d8bfc994-d669-4989-be36-94a824547429/amby-0487a2d3138b897c5093bcb337a79993z2QJwmcXvV.jpg"
"1770619256-132","https://americamotors.by/catalog/all/car?type_id=1&status%5B0%5D=all","https://americamotors.by/catalog/all/car?type_id=1&status%5B0%5D=all&page=4","https://americamotors.by/transport/nissan/rogue/892","Под заказ","2019 Nissan Rogue SPORT S","27 450р.","9 000$ / 8 100€","Nissan","Rogue","VIN: ******","18098 миль.","2 л","Автомат","Передний","Белый","Кроссовер","https://americamotorsby.ams3.digitaloceanspaces.com/americamotors-by/e3945aae-432f-40e6-9b9b-c96f81c6d2cc/amby-018f9e1dedb67cef0814bce71fb3bb35zraqCSDKYu.jpg
https://americamotorsby.ams3.digitaloceanspaces.com/americamotors-by/32516239-26f7-42c2-9995-e493896cb958/amby-6e2fed3fef18bf787290cdb8605ec350QYMocwk81X.jpg
https://americamotorsby.ams3.digitaloceanspaces.com/americamotors-by/5438a0fa-5027-40a5-8dcc-c5930242f4f9/amby-08be8fe3a2d5bba0ad2dde4fbb188c82DKvaIjscdN.jpg
https://americamotorsby.ams3.digitaloceanspaces.com/americamotors-by/629a1f58-e2d3-425d-8a24-25946e670467/amby-a315b8764f839c891f88fab89d185ee3z9vhQGHsbd.jpg
https://americamotorsby.ams3.digitaloceanspaces.com/americamotors-by/61704487-011a-400b-b165-1544972959f9/amby-13fd32a2d3cd07b93432ee39d95848dabHOCyguhVS.jpg
https://americamotorsby.ams3.digitaloceanspaces.com/americamotors-by/a21f7d33-fd7d-4d71-9fd4-f505d5f3dbab/amby-64be4763e30810a183d425d8457cea839YRF4S2DgW.jpg
https://americamotorsby.ams3.digitaloceanspaces.com/americamotors-by/8d6844c1-139f-4b65-8c78-eae6759471b3/amby-63bd3358c588bde4932f27ab8fc497632iwH7tUyfb.jpg
https://americamotorsby.ams3.digitaloceanspaces.com/americamotors-by/20c86f7a-865a-429e-8bc3-3d4ec86ac6b6/amby-0cdf23800ef9c9095222331eb3c738e6kE6OJib9SD.jpg
https://americamotorsby.ams3.digitaloceanspaces.com/americamotors-by/8c85e10c-c85c-4e9e-9c58-789f4e36eb41/amby-21713df8c23cc44d26b474345a1107d0sjJWSV4Bch.jpg"
"1770619266-133","https://americamotors.by/catalog/all/car?type_id=1&status%5B0%5D=all","https://americamotors.by/catalog/all/car?type_id=1&status%5B0%5D=all&page=4","https://americamotors.by/transport/mazda/cx5/893","Под заказ","2018 Mazda CX-5 TOURING","25 930р.","8 500$ / 7 650€","Mazda","CX-5","VIN: ******","46184 миль.","2.5 л","Автомат","Полный","Синий","Кроссовер","https://americamotorsby.ams3.digitaloceanspaces.com/americamotors-by/2aecaa32-e990-48bd-841e-1b6dc14f031c/amby-4ea5e85f53bbf5fadf296ec55f696cafvPrklGx7iY.jpg
https://americamotorsby.ams3.digitaloceanspaces.com/americamotors-by/d6854ec5-516e-4f5e-83bf-3805d6a1466a/amby-99fcbc1a9d3b6bc5f58ed500e7ed76bd6iAfOZqPa0.jpg
https://americamotorsby.ams3.digitaloceanspaces.com/americamotors-by/e17dfc50-f023-4fb2-a029-3776057a713c/amby-00992387e5e95cbb803f3f36be4d178a9K3q8IzhN5.jpg
https://americamotorsby.ams3.digitaloceanspaces.com/americamotors-by/9d7cca7e-147f-485c-83c6-6ad6348c2fcf/amby-01692454267e2fadf0d4e45c8c78ee80G9nTlrKNpB.jpg
https://americamotorsby.ams3.digitaloceanspaces.com/americamotors-by/92055d42-ee10-4c49-bd8b-5522e0dbaae5/amby-9f319e38ba359060e9239c9b32da04d8GbvczqjakA.jpg
https://americamotorsby.ams3.digitaloceanspaces.com/americamotors-by/49b5e141-37b0-44cd-99f9-e077e0fb7da2/amby-f70bb3c53630503b9995dc67950db83dp6hQ3eMFyg.jpg
https://americamotorsby.ams3.digitaloceanspaces.com/americamotors-by/0d20d8e6-70c0-41ad-93e0-6213aa857c16/amby-ba5fcf658d6f2117a952eb0388dfe2d39uxbmdj1US.jpg
https://americamotorsby.ams3.digitaloceanspaces.com/americamotors-by/47bc352d-ad17-457a-ad38-83f3fbbf9959/amby-a3524aa6df71e00463a96f777642a77bbgwTNjXkWB.jpg
https://americamotorsby.ams3.digitaloceanspaces.com/americamotors-by/1a4c64e6-4399-4bfb-a374-7fa93acbefdd/amby-be881181c2dd69d8a0c930bb049afe7f07jMGl2TUN.jpg"
"1770619274-134","https://americamotors.by/catalog/all/car?type_id=1&status%5B0%5D=all","https://americamotors.by/catalog/all/car?type_id=1&status%5B0%5D=all&page=4","https://americamotors.by/transport/nissan/rogue/894","Под заказ","2018 Nissan Rogue S","22 880р.","7 500$ / 6 750€","Nissan","Rogue","VIN: ******","40251 миль.","2.5 л","Автомат","Полный","Cерый","Кроссовер","https://americamotorsby.ams3.digitaloceanspaces.com/americamotors-by/92cb1d00-6027-4efd-b84f-0e64a7d275ba/amby-a192aed958855bfe497239ca8077e19fqhTmjs1FpX.jpg
https://americamotorsby.ams3.digitaloceanspaces.com/americamotors-by/8e6bba56-f310-4ec1-8282-1fe300647072/amby-c7221e21dd71a1892f93c8eaefb3d149U3Ip2MQuqN.jpeg
https://americamotorsby.ams3.digitaloceanspaces.com/americamotors-by/85f0690e-1b56-4dc7-9944-f3cad89a1df6/amby-95b038242f9896421f83cca6da91dbfdOzkPatvRXh.jpg
https://americamotorsby.ams3.digitaloceanspaces.com/americamotors-by/207921da-64bb-4c77-a283-4b361cdd5cc5/amby-c6d5742d7f440cdfb755f1b6e9b0577bb9PZNVEdB4.jpg
https://americamotorsby.ams3.digitaloceanspaces.com/americamotors-by/c8fc2067-6d50-49cb-b8b8-64184633ac81/amby-3eee158a338bcb426d14c7f60e03f299Qz2C3Dnliv.jpg
https://americamotorsby.ams3.digitaloceanspaces.com/americamotors-by/179f7262-477a-4b9d-8a02-0cba6e086a97/amby-3fb4722ec1a323d68f343400df7efe78S9qVnv6pTA.jpg
https://americamotorsby.ams3.digitaloceanspaces.com/americamotors-by/21156257-3096-4c97-acbf-e1e75021e3f8/amby-1842f1c9e7b335f22f60f23c7677c39a3KIF9xiRTZ.jpg
https://americamotorsby.ams3.digitaloceanspaces.com/americamotors-by/4ca1cef7-c44c-4e05-8f49-51a64831a562/amby-e7919408e49f126db45dc851edab69b4dE3jQfZnSW.jpg
https://americamotorsby.ams3.digitaloceanspaces.com/americamotors-by/89d76c37-78e0-483c-aaf1-8bf28c35adbc/amby-e8853003900e91e8044a094f30c72aa7T2MNxPfzKc.jpg
https://americamotorsby.ams3.digitaloceanspaces.com/americamotors-by/2b1b4093-4f56-4cf7-8e4b-53c79342e443/amby-64c99f2867ba6f0733aba807c66617f7gb06kNd7a2.jpeg"
"1770619283-135","https://americamotors.by/catalog/all/car?type_id=1&status%5B0%5D=all","https://americamotors.by/catalog/all/car?type_id=1&status%5B0%5D=all&page=4","https://americamotors.by/transport/bmw/x3/895","Под заказ","2019 BMW X3 XDRIVE30I","55 510р.","18 200$ / 16 380€","BMW","X3","VIN: 5UXTR9C52KL******","42422 миль.","2 л","Автомат","Полный","Черный","Кроссовер","https://americamotorsby.ams3.digitaloceanspaces.com/americamotors-by/2c883ca4-4d94-4c41-9a05-07260a0f0e23/amby-d8b768d283cc6b5227c8ad9ae852b57c6pj38sJtkS.jpg
https://americamotorsby.ams3.digitaloceanspaces.com/americamotors-by/cc104106-badd-4131-9d72-da797f2623cf/amby-a92a52309725091d43be35e39c8d617dRDiONToM8d.jpeg
https://americamotorsby.ams3.digitaloceanspaces.com/americamotors-by/d8d98802-d97a-4ac4-a872-d7a5ecbcfcb8/amby-b43089d07a0a50f8c7998b753a54840b5EsdpQnU0v.jpg
https://americamotorsby.ams3.digitaloceanspaces.com/americamotors-by/627d9faf-888a-4e7f-aa1f-5799f6e099c1/amby-90b246c3ce24257a7b96930bc4e4b1b4gWQTfHJDa3.jpg
https://americamotorsby.ams3.digitaloceanspaces.com/americamotors-by/ff9ff89c-eee0-49ae-a361-4cd9ccb5aedf/amby-95e057c0e8892486127673037280c7d5jNSovpMqfY.jpg
https://americamotorsby.ams3.digitaloceanspaces.com/americamotors-by/056bef78-9918-4550-abcc-0b38575167e2/amby-3d16072d05adbbaed4d349fbf46d4237fG8A5YcDKQ.jpg
https://americamotorsby.ams3.digitaloceanspaces.com/americamotors-by/a6e84af5-6a10-45fe-a9e9-a78969395f9b/amby-d7f4a756596449d319ccd9f80d6e32d2uWPnRMYCS4.jpg
https://americamotorsby.ams3.digitaloceanspaces.com/americamotors-by/33acc476-1049-40b3-8a9e-0da77ee1ed33/amby-19bb18e63f5b4d749f0a45b142fad5531jDXfeScun.jpg
https://americamotorsby.ams3.digitaloceanspaces.com/americamotors-by/ce14ff8c-1008-4786-8af9-71d841c79c41/amby-185e6ff489ba325b6ca38f1ab3d7e1f3i4aFGyM1BZ.jpg
https://americamotorsby.ams3.digitaloceanspaces.com/americamotors-by/900cad72-7772-4d33-a413-a7ecfd8e2d26/amby-a683bb878a22fc5ba276829edf2eadd7esb96qGQ2U.jpg"
"1770619291-136","https://americamotors.by/catalog/all/car?type_id=1&status%5B0%5D=all","https://americamotors.by/catalog/all/car?type_id=1&status%5B0%5D=all&page=4","https://americamotors.by/transport/bmw/x3/896","Под заказ","2020 BMW X3 XDRIVE30I","54 900р.","18 000$ / 16 200€","BMW","X3","VIN: 5UXTY5C02LL******","42694 миль.","2 л","Автомат","Полный","Белый","Кроссовер","https://americamotorsby.ams3.digitaloceanspaces.com/americamotors-by/b3916b3a-028a-4ed1-aae2-f1310d1704ed/amby-435f11d228f20fb703be0d4865cd6afab1eTG4y5X0.jpg
https://americamotorsby.ams3.digitaloceanspaces.com/americamotors-by/43ff932e-77d0-49be-bcd8-94a9e460f3c5/amby-58a867d01c38ff5dd41416e9b9694b21jN3VnZ0xzM.jpg
https://americamotorsby.ams3.digitaloceanspaces.com/americamotors-by/bb216354-03fb-4233-b779-94fae7f1886f/amby-88e6cbf4f109806aa38a010735306009F3rN8BW2oi.jpg
https://americamotorsby.ams3.digitaloceanspaces.com/americamotors-by/ced6d7eb-2a5f-44a9-aad6-cf03ecc56392/amby-435f11d228f20fb703be0d4865cd6afa258ftg0JlQ.jpg
https://americamotorsby.ams3.digitaloceanspaces.com/americamotors-by/60460da6-288f-4bf5-b911-0f55b13e48eb/amby-416c8814add825553cc8e8972dba211dZJLFPlD3UO.jpg
https://americamotorsby.ams3.digitaloceanspaces.com/americamotors-by/01a30791-a101-436c-b852-d02baec53381/amby-0d8e21e0ec81c3fcaa43f5c16c921d96u69bPtqMJA.jpg
https://americamotorsby.ams3.digitaloceanspaces.com/americamotors-by/b421939e-232b-4531-8430-efd0ace09f1e/amby-82de2b9dc267c9f3f23dec4cc1b9722cevtJ83yKco.jpg
https://americamotorsby.ams3.digitaloceanspaces.com/americamotors-by/967ada7f-7cd9-42a3-96e1-fb904de9831b/amby-097abc286730c11c2f17b1689bbb45c7bYXl7Ltidu.jpg
https://americamotorsby.ams3.digitaloceanspaces.com/americamotors-by/66fe41f3-f26d-4013-a50d-ca0fbeb0d436/amby-f4b2d3f5288cc245d444d8a9f156b1f90ueMXCASyp.jpg
https://americamotorsby.ams3.digitaloceanspaces.com/americamotors-by/d932bfe9-339a-4ca4-9cac-064647f2fa15/amby-7ba3a077de0f6f45f352d0cfea0aeef7ocrP3lWDGv.jpg"
"1770619302-137","https://americamotors.by/catalog/all/car?type_id=1&status%5B0%5D=all","https://americamotors.by/catalog/all/car?type_id=1&status%5B0%5D=all&page=4","https://americamotors.by/transport/bmw/x5/897","Под заказ","2019 BMW X5 XDRIVE40I","71 680р.","23 500$ / 21 150€","BMW","X5","VIN: 5UXCR6C5XKL******","35640 миль.","3 л","Автомат","Полный","Белый","Кроссовер","https://americamotorsby.ams3.digitaloceanspaces.com/americamotors-by/fc092407-007a-480c-a353-3dedf0b7c083/amby-32bce30ef52c3b41ca4d1ea12a474739hHdTEVCoSX.jpg
https://americamotorsby.ams3.digitaloceanspaces.com/americamotors-by/0dae8c78-ebde-4321-9546-fc2e323710c4/amby-daf9c39ed837e1c688565088d0787b73pakjCyw1A9.jpg
https://americamotorsby.ams3.digitaloceanspaces.com/americamotors-by/d638b7f1-7cc4-4047-8b0c-0cc6e36272ac/amby-201745038d9ef8fce3f60ad0329fab3dwhWRLFk3oB.jpg
https://americamotorsby.ams3.digitaloceanspaces.com/americamotors-by/6b66aa63-cea3-4e73-a2fe-1141a6773307/amby-c1a531a35e9c3756332d98b6a7e4e27aa02DcsMAZo.jpg
https://americamotorsby.ams3.digitaloceanspaces.com/americamotors-by/015519a8-0540-4f19-94de-deb562892913/amby-604c208da6ad48eb9f117b0f5ed7f592ZY5ANItMWT.jpg
https://americamotorsby.ams3.digitaloceanspaces.com/americamotors-by/e847cdc0-7a3b-408b-9859-597007497623/amby-671c4477c68d3d00f1664af3987dae803ohE79XvZB.jpg
https://americamotorsby.ams3.digitaloceanspaces.com/americamotors-by/c1a43c99-849f-49fc-a021-141cea490533/amby-6ddaf0e4e5685ee30beca5ef72cd5193K5HWdExoZb.jpg
https://americamotorsby.ams3.digitaloceanspaces.com/americamotors-by/4097811f-4f65-4048-924f-33dc3842ae84/amby-c940f651a8ff981dc49d057855da620bWfu07cCDbI.jpg
https://americamotorsby.ams3.digitaloceanspaces.com/americamotors-by/42b1b09d-3310-4ce8-9145-a0fb682136cd/amby-d45a582b0addd9fc22709bfd52eb3837emlHY4K9sD.jpg
https://americamotorsby.ams3.digitaloceanspaces.com/americamotors-by/9baff3ef-829e-44b0-a9db-a69abf09d385/amby-bf5057d6c4959b49624d1dfcb24f2b05YHpR1Pnycf.jpg
https://americamotorsby.ams3.digitaloceanspaces.com/americamotors-by/7171d3f3-3325-4613-8994-a85f4e26ce0a/amby-32bce30ef52c3b41ca4d1ea12a4747395wfd4hPoXn.jpg
https://americamotorsby.ams3.digitaloceanspaces.com/americamotors-by/07a770b8-89cd-4a16-a3d5-d8cef1b03c7a/amby-aced414093d55bad4d5ff2f431eb94d0iXvsCFY8Oa.jpg
https://americamotorsby.ams3.digitaloceanspaces.com/americamotors-by/085b0cdc-2346-4d1d-9db7-8299f13ead04/amby-8a0b4e68b43f7fbbc17f67d467a55387N2hQPAKIOY.jpg
https://americamotorsby.ams3.digitaloceanspaces.com/americamotors-by/c4ea5769-6116-4fda-8862-3f0f9499bb21/amby-5ddbbc6fbf5bcb44857e435ec3839d38NK84VaTXd6.jpg"
"1770619311-138","https://americamotors.by/catalog/all/car?type_id=1&status%5B0%5D=all","https://americamotors.by/catalog/all/car?type_id=1&status%5B0%5D=all&page=4","https://americamotors.by/transport/mercedes-benz/gle1913081139/898","Под заказ","2020 Mercedes-Benz GLE GLE 350","85 400р.","28 000$ / 25 200€","Mercedes-Benz","GLE","VIN: 4JGFB4KB6LA******","24196 миль.","2 л","Автомат","Полный","Синий","Кроссовер","https://americamotorsby.ams3.digitaloceanspaces.com/americamotors-by/a25a812f-d865-4e5d-a845-4b13386fda3c/amby-788569b87d136ce8725c2587671eec43DyOqGkB4c5.jfif
https://americamotorsby.ams3.digitaloceanspaces.com/americamotors-by/02efe463-2c77-4068-975c-6bcd63f7a0cf/amby-b9ae52bb83f54ff22a2371ff858636caSqXjKu5PfQ.jfif
https://americamotorsby.ams3.digitaloceanspaces.com/americamotors-by/f8f12c70-33ec-4f5f-ae18-9beeb246fdfc/amby-28703b0e2cc5ba0162acfe5874d42010y7JtwWNprc.jfif
https://americamotorsby.ams3.digitaloceanspaces.com/americamotors-by/0e9852be-f16d-4ac8-a31c-7b6268913e00/amby-172e611931e8456265641a1124ea48864jAbTZqfyW.jfif
https://americamotorsby.ams3.digitaloceanspaces.com/americamotors-by/57488454-84d4-4739-b88a-d660d6d0d72f/amby-7d79e30717a67fb227f7ffa30a7a8c89OLaeZc2h9g.jfif
https://americamotorsby.ams3.digitaloceanspaces.com/americamotors-by/fdb9f830-6e18-4c75-bb50-1e74912d8b5a/amby-6e15d273802c70077d41991c06db8724oPcWeGwlJm.jfif
https://americamotorsby.ams3.digitaloceanspaces.com/americamotors-by/029a90e7-d451-422e-b652-e7dbd5ffd662/amby-c6a26cb5be1b0f2ba5fd9713cc8c50c0jQkXuxwLoH.jfif
https://americamotorsby.ams3.digitaloceanspaces.com/americamotors-by/9cd8eee5-2d6c-4793-a617-59aee8ab650c/amby-63bf05ac8d20403c1716fc4fb340c74bZahTyleIio.jfif
https://americamotorsby.ams3.digitaloceanspaces.com/americamotors-by/fe9102ca-4fc4-4691-931b-5a32380c9e16/amby-a2665211c06edf8812a6d3d38e108130PBuc0d15v9.jfif
https://americamotorsby.ams3.digitaloceanspaces.com/americamotors-by/82de78ea-7bae-414a-9150-7d4788fcd0bc/amby-788569b87d136ce8725c2587671eec43VQzljt4Dxy.jfif"
"1770619334-139","https://americamotors.by/catalog/all/car?type_id=1&status%5B0%5D=all","https://americamotors.by/catalog/all/car?type_id=1&status%5B0%5D=all&page=3","https://americamotors.by/transport/audi/q7/899","Под заказ","2018 Audi Q7 PRESTIGE","54 900р.","18 000$ / 16 200€","Audi","Q7","VIN: WA1VAAF7XJD******","76409 миль.","3 л","Автомат","Полный","Белый","Кроссовер","https://americamotorsby.ams3.digitaloceanspaces.com/americamotors-by/6b63002a-5d84-4d0d-aafa-eb02317385c7/amby-bfa93b17be059bc018d328cb26d0f416hXebkp30qL.jpg
https://americamotorsby.ams3.digitaloceanspaces.com/americamotors-by/c058575d-75b6-4c54-a13f-b413e71e0976/amby-a6f4caf18844df3bd09d59e2f159f02aMxhuYDGyUz.jpg
https://americamotorsby.ams3.digitaloceanspaces.com/americamotors-by/5ae3fa29-5e3d-4dae-9727-4675aa9d908c/amby-d17770b8840fd858cf5bdde96377bf6dE5wpGDXy4d.jpg
https://americamotorsby.ams3.digitaloceanspaces.com/americamotors-by/d603603b-25d6-4159-a94d-01910d3ce1e9/amby-044c6714ca92568dbb80b2dbc47f2939hX4Aj1dL8Q.jpg
https://americamotorsby.ams3.digitaloceanspaces.com/americamotors-by/6103c468-e05e-40d5-9065-f355c0a1d475/amby-6eb6603255e4b06df8a54ed98fcda7c8gfEhxolTU6.jpg
https://americamotorsby.ams3.digitaloceanspaces.com/americamotors-by/b0a69299-784a-40ec-b8e0-8de0b1fe84c2/amby-155fc5f4630c6c378d24038452ba9dbbogyIGVOL6A.jpg
https://americamotorsby.ams3.digitaloceanspaces.com/americamotors-by/f1c1ea4a-c373-4be0-810a-928f943c7e5c/amby-5ce3eeb4d9e1163929af30cb9b3396d2ieTL6Uuryp.jpg
https://americamotorsby.ams3.digitaloceanspaces.com/americamotors-by/da373b64-7e51-4f4c-a426-e219c99624fc/amby-3e5e25643bdbd90e83bcef1bdd7e02ed37I0UZD1GL.jpg
https://americamotorsby.ams3.digitaloceanspaces.com/americamotors-by/36cb5ae1-6c8c-4177-82b9-5fa332daa477/amby-bfa93b17be059bc018d328cb26d0f416tz7UVoiMkL.jpg
https://americamotorsby.ams3.digitaloceanspaces.com/americamotors-by/a2c25d8a-2679-4019-bd10-136d385c658d/amby-87d6545a19d1d67d739344abd1320ef41F6doUCXVv.jpg"
"1770619344-140","https://americamotors.by/catalog/all/car?type_id=1&status%5B0%5D=all","https://americamotors.by/catalog/all/car?type_id=1&status%5B0%5D=all&page=3","https://americamotors.by/transport/ford/escape/900","Под заказ","2020 Ford Escape SE","25 010р.","8 200$ / 7 380€","Ford","Escape","VIN: 1FMCU9G66LU******","15861 миль.","1.5 л","Автомат","Полный","Золотистый","Кроссовер","https://americamotorsby.ams3.digitaloceanspaces.com/americamotors-by/14b741ee-2bbb-4924-9866-f7167130752e/amby-ceb62e6796faba6dfcfe6e1e7065fb449UBkGJlgw6.png
https://americamotorsby.ams3.digitaloceanspaces.com/americamotors-by/799a8ca1-0c13-42c8-bd69-bfaa0c18ffad/amby-2902ba347cd3445b941e51e0892954abtPYk8HxdJQ.png
https://americamotorsby.ams3.digitaloceanspaces.com/americamotors-by/0ed452e0-f2ff-4b50-8246-63884229391d/amby-dac02195f916464d5727f9e60d1c49bdq4bj28e97U.png
https://americamotorsby.ams3.digitaloceanspaces.com/americamotors-by/bb313fa8-420d-43b5-8efc-75c83f615dda/amby-30b6b155a1c70f13038a5c550a92ca01QklACujzeB.png
https://americamotorsby.ams3.digitaloceanspaces.com/americamotors-by/ff2e0c25-1e2a-4a67-9207-959b8a9b9ec1/amby-c22243a67c877529313e79d55bb27b62h9tZsjO2Fz.png
https://americamotorsby.ams3.digitaloceanspaces.com/americamotors-by/7e3199c2-d91d-4408-bdfa-08d15d74c0fd/amby-325442a2348ee7b136bb8febfe6cb064vqPFX78ZuO.png
https://americamotorsby.ams3.digitaloceanspaces.com/americamotors-by/29ff4469-68bf-4263-bc03-db94697bc69e/amby-ceb62e6796faba6dfcfe6e1e7065fb44LiHaFADYVI.png
https://americamotorsby.ams3.digitaloceanspaces.com/americamotors-by/4d7d638e-c5ca-4d7f-8d66-ca30418c7cc8/amby-9204433a1da3665ee34ac3b519349093VewIWvzUm8.png
https://americamotorsby.ams3.digitaloceanspaces.com/americamotors-by/27c5b012-4280-401b-a9ad-d2913b691743/amby-c143d85dae744005dee0fac8c72d1ae4zSXT0Ojflg.png"
"1770619355-141","https://americamotors.by/catalog/all/car?type_id=1&status%5B0%5D=all","https://americamotors.by/catalog/all/car?type_id=1&status%5B0%5D=all&page=3","https://americamotors.by/transport/chevrolet/equinox/901","Под заказ","2019 Chevrolet Equinox LT","22 880р.","7 500$ / 6 750€","Chevrolet","Equinox","VIN: 3GNAXKEV9KS******","32628 миль.","1.5 л","Автомат","Передний","Золотистый","Кроссовер","https://americamotorsby.ams3.digitaloceanspaces.com/americamotors-by/1b772e0f-b92a-4fae-85ad-bd982454fb88/amby-2bcdfb50c3fb3e7f1623754907ae8140MpRU1tvS8b.jpg
https://americamotorsby.ams3.digitaloceanspaces.com/americamotors-by/0a7f9818-ad02-425c-9cc1-42ea6424818e/amby-f7e117e904da9e4e9ac601021dceca936HQndesvWl.jpg
https://americamotorsby.ams3.digitaloceanspaces.com/americamotors-by/5efa1a4e-ff04-41cc-aa38-01c6671a0cbf/amby-2bcdfb50c3fb3e7f1623754907ae81407g0KrZAHc3.jpg
https://americamotorsby.ams3.digitaloceanspaces.com/americamotors-by/60fd019c-8ca4-470e-ac13-b882ebdb8978/amby-ae05b1aa7b9ad972133c41f41c8f67cfUnbOqcvB7p.jpg
https://americamotorsby.ams3.digitaloceanspaces.com/americamotors-by/25170db1-948e-4536-abd4-1983639987d3/amby-2224b79f77318f1ea2469bd14730f106GYBLoQyajn.jpg
https://americamotorsby.ams3.digitaloceanspaces.com/americamotors-by/e5484870-45a3-487b-bc58-18b751cdae90/amby-5ad3e1e0fe6db7af8b61bd9c4216dc4fr9Ay1Yg0J7.jpg
https://americamotorsby.ams3.digitaloceanspaces.com/americamotors-by/590bc5e1-354b-4398-81dc-731f4fd331e4/amby-5fd4109593f28ffc08aa3d7478da414eVZ3CUH1rJL.jpg
https://americamotorsby.ams3.digitaloceanspaces.com/americamotors-by/aba0bcb1-826c-4a38-9dd6-4a61d652bad4/amby-3482644bc73c95350dc961ab1e80477bE1BKlDYUGC.jpg
https://americamotorsby.ams3.digitaloceanspaces.com/americamotors-by/5bbdca1a-09cd-43e5-93de-2936d439123c/amby-5a57376dbb1c6902c18d49d27dae0278hFRcjgPAX2.jpg
https://americamotorsby.ams3.digitaloceanspaces.com/americamotors-by/6feb66d6-9bef-40b8-b287-62213fc44e99/amby-4d12a50b71e09bec54a51bddb886d4236zIPGvK07E.jpg"
"1770619369-142","https://americamotors.by/catalog/all/car?type_id=1&status%5B0%5D=all","https://americamotors.by/catalog/all/car?type_id=1&status%5B0%5D=all&page=3","https://americamotors.by/transport/chevrolet/equinox/902","Под заказ","2020 Chevrolet Equinox LS","21 350р.","7 000$ / 6 300€","Chevrolet","Equinox","VIN: 2GNAXHEV3L6******","60399 миль.","1.5 л","Автомат","Передний","Черный","Кроссовер","https://americamotorsby.ams3.digitaloceanspaces.com/americamotors-by/f7bb0a55-9a03-4a42-be43-2b1eada8a87a/amby-dac02195f916464d5727f9e60d1c49bdWRX3Vtm4q7.png
https://americamotorsby.ams3.digitaloceanspaces.com/americamotors-by/a77fc9dd-4ec4-42d1-b4d3-36a8cf9f0ebf/amby-75c168b671d4ce827fca23907d85f114P6thysJYp3.png
https://americamotorsby.ams3.digitaloceanspaces.com/americamotors-by/94afb319-7391-4e17-a3d1-9d564be1304f/amby-9204433a1da3665ee34ac3b5193490934Qlvf9R0EU.png
https://americamotorsby.ams3.digitaloceanspaces.com/americamotors-by/bf660162-99e8-4abd-8c25-3b8f78397e05/amby-fd1c75b2033fad165c8642d4ac43a299PcrhRlpat9.png
https://americamotorsby.ams3.digitaloceanspaces.com/americamotors-by/4ca2a4b6-15ca-4e20-9bf7-a0239705f614/amby-c143d85dae744005dee0fac8c72d1ae4AVZ8HzcQWv.png
https://americamotorsby.ams3.digitaloceanspaces.com/americamotors-by/afa193aa-e683-4dda-9aa5-f35f0e487a48/amby-325442a2348ee7b136bb8febfe6cb064oiPwLSd1jZ.png
https://americamotorsby.ams3.digitaloceanspaces.com/americamotors-by/cdc59b5e-9929-4900-a557-ff323e5d4629/amby-30b6b155a1c70f13038a5c550a92ca01LJ6Y4Sj1od.png
https://americamotorsby.ams3.digitaloceanspaces.com/americamotors-by/caaabc8a-b5d4-49a4-b42c-eb8804857d80/amby-c22243a67c877529313e79d55bb27b625r3lTyXjmu.png
https://americamotorsby.ams3.digitaloceanspaces.com/americamotors-by/eea43331-e49d-44ac-87cb-19cc51aa4945/amby-2902ba347cd3445b941e51e0892954ab97ayxBSW0O.png
https://americamotorsby.ams3.digitaloceanspaces.com/americamotors-by/f6f37231-0431-4983-b9f7-8dc3217d3442/amby-fc9ef2e881584a8e8e654f54f5975067R2wyGKaWpV.png
https://americamotorsby.ams3.digitaloceanspaces.com/americamotors-by/cb0b862f-9a25-4782-a7f7-66f0ce14fff4/amby-03931d553b0adc4f1573bc8d893431334YoR2UWTwr.png
https://americamotorsby.ams3.digitaloceanspaces.com/americamotors-by/c163e64c-2e03-441b-a3e4-a6c15ca06af3/amby-ceb62e6796faba6dfcfe6e1e7065fb44vfmqR6M4Va.png"
"1770619382-143","https://americamotors.by/catalog/all/car?type_id=1&status%5B0%5D=all","https://americamotors.by/catalog/all/car?type_id=1&status%5B0%5D=all&page=3","https://americamotors.by/transport/ford/explorer/903","Под заказ","2020 Ford Explorer ST","57 950р.","19 000$ / 17 100€","Ford","Explorer","VIN: 1FM5K8GC5LG******","35557 миль.","3 л","Автомат","Полный","Черный","Внедорожник","https://americamotorsby.ams3.digitaloceanspaces.com/americamotors-by/4bb4253f-b902-40ac-8d66-adc3711a2534/amby-3c234da790ed59e3686202fcc6300f700tKebd6yJf.jpg
https://americamotorsby.ams3.digitaloceanspaces.com/americamotors-by/cfd2764b-8584-4155-8947-f1a875275cda/amby-45a6f379d980bb68a0057ae88fff078esJGV8jDhS0.jpg
https://americamotorsby.ams3.digitaloceanspaces.com/americamotors-by/738a97ee-ce02-4386-ac56-4245b2e96c22/amby-3895677fd77bb95a5eccc6a5c794486an73WN8CAbK.jpg
https://americamotorsby.ams3.digitaloceanspaces.com/americamotors-by/59e64079-0240-44ce-a70c-22f80c657912/amby-e75915c3968b8e9628cfe34825dc2409iZYFkOSyAL.jpg
https://americamotorsby.ams3.digitaloceanspaces.com/americamotors-by/9add327e-4da9-4136-b1da-cb5644da9d5b/amby-e2c02443f713e641cccb0e7499b730a7QU7qOHtYTg.jpg
https://americamotorsby.ams3.digitaloceanspaces.com/americamotors-by/9c8d086d-e439-4b47-8600-0ad985e69e10/amby-cd61a77c807f9627e9237f5ffbc92653OjyqG1WhLC.jpg
https://americamotorsby.ams3.digitaloceanspaces.com/americamotors-by/a02b7b38-ca50-4675-918e-567a6a006c0f/amby-46eb9410e7334d33bfdd6f3f2869ba0cnedL24JHz6.jpg
https://americamotorsby.ams3.digitaloceanspaces.com/americamotors-by/90722498-dfc5-434c-acca-b8b2739e6e71/amby-ff74aafce8231001f801f2adbda391a212gnrLJRD9.jpg
https://americamotorsby.ams3.digitaloceanspaces.com/americamotors-by/5d30cc91-949c-4c4e-9156-a26710440ca6/amby-e77b7e9e8350ed174123be5bd7d1aed5gjm4qQNhJo.jpg
https://americamotorsby.ams3.digitaloceanspaces.com/americamotors-by/90fbeb0c-fd7f-494a-abb4-1c5ee455fd7f/amby-3c234da790ed59e3686202fcc6300f70ZH0V7FbOPA.jpg"
"1770619393-144","https://americamotors.by/catalog/all/car?type_id=1&status%5B0%5D=all","https://americamotors.by/catalog/all/car?type_id=1&status%5B0%5D=all&page=3","https://americamotors.by/transport/ford/edge/904","Под заказ","2021 Ford Edge SE","28 980р.","9 500$ / 8 550€","Ford","Edge","VIN: 2FMPK3G90MB******","19005 миль.","2 л","Автомат","Передний","Серебристый","Кроссовер","https://americamotorsby.ams3.digitaloceanspaces.com/americamotors-by/5e308efe-66f1-4d00-b5bd-698ee12515f2/amby-38c2e21cb76f82d4467f16df66ae065a9REYdib2KG.jpg
https://americamotorsby.ams3.digitaloceanspaces.com/americamotors-by/b2372c9f-4a57-452e-a47f-59d8378b2f6e/amby-f7f163af78812e58c4d3c47b4e396ae6Eih2ucINlT.jpeg
https://americamotorsby.ams3.digitaloceanspaces.com/americamotors-by/95332bba-94ac-44c7-a10a-03e243328367/amby-fc5094c6a55717eb63cbaf8691e48d906V570I4pZ1.jpg
https://americamotorsby.ams3.digitaloceanspaces.com/americamotors-by/3c935285-ab4d-4c19-a420-f9cdd86e485a/amby-d99087b27de899d17630dec8647e531dD9qpfxL3BK.jpg
https://americamotorsby.ams3.digitaloceanspaces.com/americamotors-by/c4def5fb-ab40-4906-848d-e5cc0d205692/amby-c03a0e8e214d3a64d3902adf884dd08fjmyTqtRP0B.jpg
https://americamotorsby.ams3.digitaloceanspaces.com/americamotors-by/e053241c-042a-40ee-b9e5-640c9db4d0ea/amby-7004cbd1dafe8b6d82f50180433a43f3Oyd9YbMs8t.jpg
https://americamotorsby.ams3.digitaloceanspaces.com/americamotors-by/bc077326-ffc8-484a-813b-22d733fcaa5a/amby-a5eabfa6f278d59902c21b79d0d9631epGCxqToD1i.jpg
https://americamotorsby.ams3.digitaloceanspaces.com/americamotors-by/526bf9d0-df77-446c-ada0-05b97cecb16a/amby-80e2966f78e668408eb61be9735afefeIkBPs1YTa5.jpg
https://americamotorsby.ams3.digitaloceanspaces.com/americamotors-by/c2f6a151-5012-4baf-97ad-346882f91c37/amby-2724cd494d44d6e536cc437829e3da97RxjYA8v9KZ.jpg
https://americamotorsby.ams3.digitaloceanspaces.com/americamotors-by/87b41f92-21ea-49c5-a819-aec057fc8b8e/amby-e2e66ee64acd6ee9f4e20b9c2ca153dcBQUrTtiw2e.jpg"
"1770619402-145","https://americamotors.by/catalog/all/car?type_id=1&status%5B0%5D=all","https://americamotors.by/catalog/all/car?type_id=1&status%5B0%5D=all&page=3","https://americamotors.by/transport/ford/explorer/905","Под заказ","2019 Ford Explorer XLT","39 040р.","12 800$ / 11 520€","Ford","Explorer","VIN: 1FMSK8DH2LG******","25744 миль.","2.3 л","Автомат","Полный","Черный","Внедорожник","https://americamotorsby.ams3.digitaloceanspaces.com/americamotors-by/b8f39d27-6886-48cb-b69d-4433c95b6c76/amby-c143d85dae744005dee0fac8c72d1ae4BPjIazmgf6.png
https://americamotorsby.ams3.digitaloceanspaces.com/americamotors-by/505f90f1-4016-4a74-9b63-667565b9d0e6/amby-c143d85dae744005dee0fac8c72d1ae4RUh2D1Akza.png
https://americamotorsby.ams3.digitaloceanspaces.com/americamotors-by/e220863c-22b7-48fc-aee3-384d9d1e6aa3/amby-325442a2348ee7b136bb8febfe6cb064YnX8aiOmkE.png
https://americamotorsby.ams3.digitaloceanspaces.com/americamotors-by/19a5506d-dff9-4a16-803c-580ab750a514/amby-9204433a1da3665ee34ac3b519349093Q0tz3ceuX5.png
https://americamotorsby.ams3.digitaloceanspaces.com/americamotors-by/f34be491-ffaf-4f9e-9f3a-081986660bb1/amby-dac02195f916464d5727f9e60d1c49bdyUgItJ6evj.png
https://americamotorsby.ams3.digitaloceanspaces.com/americamotors-by/7d7103a2-06c3-41e9-884b-861ed54c5e7f/amby-30b6b155a1c70f13038a5c550a92ca01QCWzDrMju8.png
https://americamotorsby.ams3.digitaloceanspaces.com/americamotors-by/933c60e0-3140-4297-a8c3-c8123639b486/amby-c22243a67c877529313e79d55bb27b62FSmo2xqUtG.png
https://americamotorsby.ams3.digitaloceanspaces.com/americamotors-by/a65aab3f-e869-424a-a67b-7a24e3f9cb54/amby-ceb62e6796faba6dfcfe6e1e7065fb44OiwKZEY29A.png"
"1770619411-146","https://americamotors.by/catalog/all/car?type_id=1&status%5B0%5D=all","https://americamotors.by/catalog/all/car?type_id=1&status%5B0%5D=all&page=3","https://americamotors.by/transport/toyota/highlander/906","Под заказ","2021 Toyota Highlander PLATINUM","94 550р.","31 000$ / 27 900€","Toyota","Highlander","VIN: 5TDFZRAH1MS******","3980 миль.","3500 см. куб","Автомат","Полный","Белый","Внедорожник","https://americamotorsby.ams3.digitaloceanspaces.com/americamotors-by/5fe57eed-cc8b-413c-ba14-0d6c9639da6e/amby-83b5009e040969ee7b60362ad7426573YTOmZUiVxd.jpeg
https://americamotorsby.ams3.digitaloceanspaces.com/americamotors-by/9845165c-cbce-41dd-83ff-02b78cd32db0/amby-83b5009e040969ee7b60362ad7426573MUX1oBfRh5.jpeg
https://americamotorsby.ams3.digitaloceanspaces.com/americamotors-by/db308937-b5fc-411f-9ddb-abbf43e42286/amby-ea571676ce9b75b0730a5d56350ae93ezO71ZkojNP.jpeg
https://americamotorsby.ams3.digitaloceanspaces.com/americamotors-by/b264146f-4d6b-46c1-ade0-e9d80913fe9f/amby-182845aceb39c9e413e28fd549058cf8Y4zJi3uKjw.jpeg
https://americamotorsby.ams3.digitaloceanspaces.com/americamotors-by/11b0d4aa-ccf1-4dd2-95fb-9d48c901b468/amby-9679ccb5a92f650b83fcf29e0a6a6775DtbhCQ0re9.jpeg
https://americamotorsby.ams3.digitaloceanspaces.com/americamotors-by/0cdf67f9-7916-459d-a987-7886a55d21ff/amby-02519bfb266773f243fdef49420313d13Z5eYhcGqr.jpeg
https://americamotorsby.ams3.digitaloceanspaces.com/americamotors-by/443f1d55-07a3-4b05-b77b-a37dabfe8c19/amby-ddf9c9a45551e218c4018d5c53e9f6bbpSGhDoxglf.jpeg
https://americamotorsby.ams3.digitaloceanspaces.com/americamotors-by/ca048608-b20e-45db-a28d-9d48af735791/amby-c57de7ffb63a04971dc3a933cf2f080dBUp642sXmE.jpeg
https://americamotorsby.ams3.digitaloceanspaces.com/americamotors-by/f187d220-83fa-4d25-9fe9-11fcfbfcc591/amby-aba4c12c0307ac56aedf5e7b2dadf69bngyAl2ptkT.jpeg
https://americamotorsby.ams3.digitaloceanspaces.com/americamotors-by/15ba5e94-cffb-4570-b589-9516f0d5efa9/amby-4f84f02beb6427bc9a6d8d09d2376746r2gZU6RDnt.jpeg
https://americamotorsby.ams3.digitaloceanspaces.com/americamotors-by/c34cf56f-1ba6-4c6c-9520-7e29aff42d62/amby-549cfc258b5b09317e51edf0d640cf8du6cGof0eUv.jpeg"
"1770619422-147","https://americamotors.by/catalog/all/car?type_id=1&status%5B0%5D=all","https://americamotors.by/catalog/all/car?type_id=1&status%5B0%5D=all&page=3","https://americamotors.by/transport/acura/mdx/909","Под заказ","2022 Acura MDX A-SPEC","73 200р.","24 000$ / 21 600€","Acura","MDX","VIN: 5J8YE1H05NL04******","1923 миль.","3500 см. куб","Автомат","Полный","Синий","Внедорожник","https://americamotorsby.ams3.digitaloceanspaces.com/americamotors-by/ee7f5a58-594d-47d1-b037-6b4eca8096cd/amby-83b5009e040969ee7b60362ad7426573NBOrl9hoHi.jpeg
https://americamotorsby.ams3.digitaloceanspaces.com/americamotors-by/27c288aa-a133-495f-801b-530babe38142/amby-83b5009e040969ee7b60362ad7426573mZ9kOxLbuo.jpeg
https://americamotorsby.ams3.digitaloceanspaces.com/americamotors-by/567a7397-09e8-43c5-8e0a-facc8f05166a/amby-ea571676ce9b75b0730a5d56350ae93eDvijfNwhoJ.jpeg
https://americamotorsby.ams3.digitaloceanspaces.com/americamotors-by/20ed2716-e5b2-478f-ab9a-0b8bf5f304df/amby-182845aceb39c9e413e28fd549058cf8hBbuFw4oV7.jpeg
https://americamotorsby.ams3.digitaloceanspaces.com/americamotors-by/b79b8a18-8b8e-404d-ad98-daf905db1ea9/amby-9679ccb5a92f650b83fcf29e0a6a6775QGV1KITXP7.jpeg
https://americamotorsby.ams3.digitaloceanspaces.com/americamotors-by/d7b2ad9f-7657-4b14-bb26-319dcbf2e373/amby-ddf9c9a45551e218c4018d5c53e9f6bb6NPGvZqTpx.jpeg
https://americamotorsby.ams3.digitaloceanspaces.com/americamotors-by/7693f4a9-c38f-4d10-937b-548468b8ff2e/amby-c57de7ffb63a04971dc3a933cf2f080dstVmFIfyd1.jpeg
https://americamotorsby.ams3.digitaloceanspaces.com/americamotors-by/3a053f26-822e-46a1-8f31-0623c95db30a/amby-aba4c12c0307ac56aedf5e7b2dadf69bDNYBs7nmkS.jpeg
https://americamotorsby.ams3.digitaloceanspaces.com/americamotors-by/331a2492-b084-43a0-aaa0-df3119624d81/amby-4f84f02beb6427bc9a6d8d09d2376746cXjnBsGzEV.jpeg
https://americamotorsby.ams3.digitaloceanspaces.com/americamotors-by/f319a2b4-37e5-4d71-87c5-2d25438d0abd/amby-02519bfb266773f243fdef49420313d16z0ANPjhfo.jpeg
https://americamotorsby.ams3.digitaloceanspaces.com/americamotors-by/8dbd56d5-eec7-4982-bc10-0600aeef5dfc/amby-549cfc258b5b09317e51edf0d640cf8dsVR05uvOdw.jpeg"
"1770619430-148","https://americamotors.by/catalog/all/car?type_id=1&status%5B0%5D=all","https://americamotors.by/catalog/all/car?type_id=1&status%5B0%5D=all&page=3","https://americamotors.by/transport/kia/sorento/910","Под заказ","2022 Kia Sorento LX","38 130р.","12 500$ / 11 250€","Kia","Sorento","VIN: 5XYRG4LC4NG******","2410 миль.","2500 л","Автомат","Передний","Серебристый","Внедорожник","https://americamotorsby.ams3.digitaloceanspaces.com/americamotors-by/f8ab22ec-97fb-4c0f-adcc-08e91cccd538/amby-83b5009e040969ee7b60362ad7426573SjLoJO1KnC.jpeg
https://americamotorsby.ams3.digitaloceanspaces.com/americamotors-by/bb47da11-f166-459d-b976-79302853c2cc/amby-83b5009e040969ee7b60362ad7426573djo8CVbtRx.jpeg
https://americamotorsby.ams3.digitaloceanspaces.com/americamotors-by/2f5697fe-a891-4458-b6d3-8205f55eb948/amby-ea571676ce9b75b0730a5d56350ae93eaHfKSQ5Zzq.jpeg
https://americamotorsby.ams3.digitaloceanspaces.com/americamotors-by/bac3072b-bcb3-4a19-916a-93732045f80f/amby-182845aceb39c9e413e28fd549058cf8xvaGkzFJRq.jpeg
https://americamotorsby.ams3.digitaloceanspaces.com/americamotors-by/f62737c6-ea0e-460b-98c4-e245fb68a184/amby-9679ccb5a92f650b83fcf29e0a6a6775CrKN3B9ZcA.jpeg
https://americamotorsby.ams3.digitaloceanspaces.com/americamotors-by/f03ce35a-23e8-4173-a7b0-41ae3e73ed89/amby-ddf9c9a45551e218c4018d5c53e9f6bbFnR16QX30h.jpeg
https://americamotorsby.ams3.digitaloceanspaces.com/americamotors-by/b498616c-98f9-4699-be2d-11e8e063c15f/amby-c57de7ffb63a04971dc3a933cf2f080ds0okj7E3Uy.jpeg
https://americamotorsby.ams3.digitaloceanspaces.com/americamotors-by/3b1235d6-fdab-4213-a3b3-dad827824470/amby-aba4c12c0307ac56aedf5e7b2dadf69bQqluLFkCGe.jpeg
https://americamotorsby.ams3.digitaloceanspaces.com/americamotors-by/c466f679-ae04-4114-b39e-54d3ca1ce5b4/amby-4f84f02beb6427bc9a6d8d09d2376746CPQcVOMgZE.jpeg
https://americamotorsby.ams3.digitaloceanspaces.com/americamotors-by/d9f8bc17-aa12-40e1-b049-93048c2acc9d/amby-02519bfb266773f243fdef49420313d1SguvkYNeRy.jpeg
https://americamotorsby.ams3.digitaloceanspaces.com/americamotors-by/10ddaff8-7a89-4dc8-a958-0ae44faab8af/amby-549cfc258b5b09317e51edf0d640cf8dduwVqpFi5L.jpeg"
"1770619455-149","https://americamotors.by/catalog/all/car?type_id=1&status%5B0%5D=all","https://americamotors.by/catalog/all/car?type_id=1&status%5B0%5D=all&page=2","https://americamotors.by/transport/chevrolet/corvette/912","Под заказ","2022 Chevrolet CORVETTE STINGRAY 1LT","176 900р.","58 000$ / 52 200€","Chevrolet","CORVETTE","VIN: 1G1YA2D43N5******","5972 миль.","6200 см. куб","Автомат","Задний","Оранжевый","Спорткар","https://americamotorsby.ams3.digitaloceanspaces.com/americamotors-by/1c11eec9-c66c-4d0f-9c20-574fbc89f2f3/amby-a18fd7711dd99e5b76a34d41067a23e2qyok2cXemj.png
https://americamotorsby.ams3.digitaloceanspaces.com/americamotors-by/34f04769-6e0f-41e4-ad19-15ca4da74aac/amby-5ebbfae6bf065404b1073f267bd1f4b0DJGyjV8dUH.png
https://americamotorsby.ams3.digitaloceanspaces.com/americamotors-by/93ae8dbb-b5e5-40ca-a048-83e853d250b5/amby-a18fd7711dd99e5b76a34d41067a23e2clBftpKGjy.png
https://americamotorsby.ams3.digitaloceanspaces.com/americamotors-by/d51e9ca3-b77c-4f50-b4b5-0c1036278a2c/amby-eae4900a57cf30c740fa4cb177897d98Lhubd6ZGgS.png
https://americamotorsby.ams3.digitaloceanspaces.com/americamotors-by/889a1ab2-1fb0-41d9-a47c-2541ab9c4e18/amby-d0529c4960ac6cf4605101dd380b4b78dSFM4eaZLE.png
https://americamotorsby.ams3.digitaloceanspaces.com/americamotors-by/8f561f26-988d-4c46-b566-ed9d25e1bd44/amby-a6e5b1fb9e3d52fc7cc3b6bd6f7bc436BKwAR5k16b.png
https://americamotorsby.ams3.digitaloceanspaces.com/americamotors-by/677cd6b1-bea2-4462-b10f-c3a8e44417ec/amby-0c1f6648d9e5ac7371916ca9e76f85421Xf8BORJHp.png
https://americamotorsby.ams3.digitaloceanspaces.com/americamotors-by/b4dbda2e-4ff6-4ffa-8694-7784b87173e4/amby-f7f163af78812e58c4d3c47b4e396ae6LIYQim3d0z.jpeg
https://americamotorsby.ams3.digitaloceanspaces.com/americamotors-by/2d556192-29cd-4f91-8198-1a753c2e70eb/amby-4f84f02beb6427bc9a6d8d09d2376746gkfwS8P5C2.jpeg
https://americamotorsby.ams3.digitaloceanspaces.com/americamotors-by/3efe1101-9311-4493-beeb-b937f13c3d70/amby-02519bfb266773f243fdef49420313d13Tp5FvgQUo.jpeg
https://americamotorsby.ams3.digitaloceanspaces.com/americamotors-by/dccddaea-c0f4-4386-9997-3814f40d02a0/amby-d077e4317cde1e70737c7d56169291593I5BFi0JHA.jpeg
https://americamotorsby.ams3.digitaloceanspaces.com/americamotors-by/591c6d8d-bdd8-4e7b-82c2-3b1d2114fefb/amby-aba4c12c0307ac56aedf5e7b2dadf69bTIwz6Auqy7.jpeg"
"1770619473-150","https://americamotors.by/catalog/all/car?type_id=1&status%5B0%5D=all","https://americamotors.by/catalog/all/car?type_id=1&status%5B0%5D=all&page=2","https://americamotors.by/transport/bmw/x3/913","Под заказ","2022 BMW X3 SDRIVE 30I","69 540р.","22 800$ / 20 520€","BMW","X3","VIN: 5UX43DP04N9******","5066 миль.","2000 л","Автомат","Задний","Cерый","Кроссовер","https://americamotorsby.ams3.digitaloceanspaces.com/americamotors-by/1a46b798-8cbd-43c7-b1e3-930a411cd994/amby-9679ccb5a92f650b83fcf29e0a6a6775MqAGRVPSmU.jpeg
https://americamotorsby.ams3.digitaloceanspaces.com/americamotors-by/47ba2915-7d66-4940-80a9-bb3d2053c7b1/amby-83b5009e040969ee7b60362ad7426573jnQcbz5mdT.jpeg
https://americamotorsby.ams3.digitaloceanspaces.com/americamotors-by/d053125c-693a-4e1b-91a4-d4b1fca856c6/amby-ea571676ce9b75b0730a5d56350ae93eZsIXBfVFrN.jpeg
https://americamotorsby.ams3.digitaloceanspaces.com/americamotors-by/e384fddd-fb1e-4941-95d7-349dd0a7b21a/amby-182845aceb39c9e413e28fd549058cf8slGjtzrBI9.jpeg
https://americamotorsby.ams3.digitaloceanspaces.com/americamotors-by/0f862c06-e7be-4096-aa03-4a9641322695/amby-9679ccb5a92f650b83fcf29e0a6a677539rCU0vqou.jpeg
https://americamotorsby.ams3.digitaloceanspaces.com/americamotors-by/e670a93d-d8b4-45d6-a8b4-e1de2716f380/amby-ddf9c9a45551e218c4018d5c53e9f6bbAa7DkdmGB0.jpeg
https://americamotorsby.ams3.digitaloceanspaces.com/americamotors-by/1c5a0e53-7add-4321-ad0c-dfce1f010c69/amby-c57de7ffb63a04971dc3a933cf2f080ddPG5j6vKAb.jpeg
https://americamotorsby.ams3.digitaloceanspaces.com/americamotors-by/4dbe0110-6d70-4fe1-ba0b-31abf27eaff1/amby-aba4c12c0307ac56aedf5e7b2dadf69bzKHvRPtylN.jpeg
https://americamotorsby.ams3.digitaloceanspaces.com/americamotors-by/70e8a8a9-337e-40e0-9024-7fe48a9e297e/amby-4f84f02beb6427bc9a6d8d09d2376746KgmEXQncNU.jpeg
https://americamotorsby.ams3.digitaloceanspaces.com/americamotors-by/1fa4160d-882e-4871-98d6-3f32a33e2c89/amby-02519bfb266773f243fdef49420313d1f5wFYBkxTy.jpeg
https://americamotorsby.ams3.digitaloceanspaces.com/americamotors-by/128e5a3e-210d-46fc-9f70-10bc9601eab6/amby-549cfc258b5b09317e51edf0d640cf8d0UJqYnyuP2.jpeg
https://americamotorsby.ams3.digitaloceanspaces.com/americamotors-by/119801e8-e39d-4603-a35c-71bec91bcc52/amby-f7f163af78812e58c4d3c47b4e396ae6HUw0oF6x5e.jpeg
https://americamotorsby.ams3.digitaloceanspaces.com/americamotors-by/cc95098c-8462-4019-a24e-d9cbfe610759/amby-d077e4317cde1e70737c7d5616929159TxoSsVknXa.jpeg
https://americamotorsby.ams3.digitaloceanspaces.com/americamotors-by/bcafaa70-89d6-43cf-ad5b-0ab78f17e613/amby-e02b5f50d064103233b3adee3b96a510fzEsKBqjwd.jpeg"
"1770619487-151","https://americamotors.by/catalog/all/car?type_id=1&status%5B0%5D=all","https://americamotors.by/catalog/all/car?type_id=1&status%5B0%5D=all&page=2","https://americamotors.by/transport/honda/crv/914","Под заказ","2022 Honda CR-V SE","48 190р.","15 800$ / 14 220€","Honda","CR-V","VIN: 7FARW1H78NE******","5167 миль.","1500 л","Автомат","Передний","Cерый","Кроссовер","https://americamotorsby.ams3.digitaloceanspaces.com/americamotors-by/c5d21c4c-dd88-4ce4-b9cb-147751890601/amby-83b5009e040969ee7b60362ad7426573kX0hHQtVyd.jpeg
https://americamotorsby.ams3.digitaloceanspaces.com/americamotors-by/8c6d1863-340c-4116-a8ec-6185288e75f3/amby-182845aceb39c9e413e28fd549058cf8ViekSbHyQP.jpeg
https://americamotorsby.ams3.digitaloceanspaces.com/americamotors-by/a52861a3-6ab4-43bb-bd80-24a6b7e0954d/amby-ea571676ce9b75b0730a5d56350ae93esgFpi8HZo4.jpeg
https://americamotorsby.ams3.digitaloceanspaces.com/americamotors-by/a1655f3c-0342-470c-90a5-1ad535939260/amby-182845aceb39c9e413e28fd549058cf85FslNxb62v.jpeg
https://americamotorsby.ams3.digitaloceanspaces.com/americamotors-by/4d76c712-e22a-4fdd-83da-5ea9bae93b7f/amby-9679ccb5a92f650b83fcf29e0a6a6775T0zAXH3BFh.jpeg
https://americamotorsby.ams3.digitaloceanspaces.com/americamotors-by/97d1ebce-d17c-491c-adf5-134eb54f7a5a/amby-ddf9c9a45551e218c4018d5c53e9f6bbClMk2iv04X.jpeg
https://americamotorsby.ams3.digitaloceanspaces.com/americamotors-by/4956d57e-13e1-4caa-821f-e7d3f340dc08/amby-c57de7ffb63a04971dc3a933cf2f080dcu04qlOAbX.jpeg
https://americamotorsby.ams3.digitaloceanspaces.com/americamotors-by/9aed332a-03bc-49ef-a33d-3d1b033a6433/amby-aba4c12c0307ac56aedf5e7b2dadf69bB2FjZtuLeJ.jpeg
https://americamotorsby.ams3.digitaloceanspaces.com/americamotors-by/5cf2b4e4-26a3-43a5-a6c6-266affd93948/amby-4f84f02beb6427bc9a6d8d09d2376746doRFDqNiI2.jpeg
https://americamotorsby.ams3.digitaloceanspaces.com/americamotors-by/a29a52d9-f0af-4bfe-965b-6d1943ea5dd8/amby-02519bfb266773f243fdef49420313d1vlAd74Oufh.jpeg
https://americamotorsby.ams3.digitaloceanspaces.com/americamotors-by/39ac96d9-daab-4455-a018-76218309dd88/amby-549cfc258b5b09317e51edf0d640cf8dJ6KyhLeRaV.jpeg
https://americamotorsby.ams3.digitaloceanspaces.com/americamotors-by/2981816e-ec37-4ac1-8a35-1ad011f01968/amby-f7f163af78812e58c4d3c47b4e396ae6q6DHQPG3Oh.jpeg
https://americamotorsby.ams3.digitaloceanspaces.com/americamotors-by/0876d762-dc9c-41e7-951f-8265d6cdae57/amby-d077e4317cde1e70737c7d5616929159mqcYsLZyT0.jpeg
https://americamotorsby.ams3.digitaloceanspaces.com/americamotors-by/0a42638c-e92d-45a4-9044-7409ef4433eb/amby-e02b5f50d064103233b3adee3b96a510CXUi8gmNZL.jpeg
https://americamotorsby.ams3.digitaloceanspaces.com/americamotors-by/1b1da51f-c9f1-4338-a2c7-272bbf9205ac/amby-dcf816fe7054b0a74c353321030b73cefK1T3AGwRh.jpeg
https://americamotorsby.ams3.digitaloceanspaces.com/americamotors-by/d8cf0acc-2a17-4cb7-bc64-07363848ea89/amby-b06e00b230527202d3420d52eb4760e1P2hqdL86YG.jpeg
https://americamotorsby.ams3.digitaloceanspaces.com/americamotors-by/df3e490f-ac76-4c92-aa11-ad0755a86c3e/amby-8478ec28fa40c5f169aa51aa9b461b1d9KRSWzaBDV.jpeg
https://americamotorsby.ams3.digitaloceanspaces.com/americamotors-by/87f13087-16e3-4e18-a39a-067cf7f08a90/amby-46bf4496d08a7627f25dbf5588cfbfd4JZr2SqxNw5.jpeg
https://americamotorsby.ams3.digitaloceanspaces.com/americamotors-by/050ade3a-1314-4bad-b55e-fcb8b0253551/amby-05843c9b8054ff51c3c77cf533078855YfyBQx0kFK.jpeg"
"1770619496-152","https://americamotors.by/catalog/all/car?type_id=1&status%5B0%5D=all","https://americamotors.by/catalog/all/car?type_id=1&status%5B0%5D=all&page=2","https://americamotors.by/transport/chevrolet/equinox/915","Под заказ","2019 Chevrolet Equinox LT","17 690р.","5 800$ / 5 220€","Chevrolet","Equinox","VIN: 3GNAXKEV8KS******","33852 миль.","1500 л","Автомат","Передний","Коричневый","Кроссовер","https://americamotorsby.ams3.digitaloceanspaces.com/americamotors-by/ae40836e-25a2-48e7-853d-28526a1a5f4a/amby-83b5009e040969ee7b60362ad7426573XtGUKOZfBl.jpeg
https://americamotorsby.ams3.digitaloceanspaces.com/americamotors-by/3283766f-4447-46eb-a7fc-a87b5264a01a/amby-83b5009e040969ee7b60362ad7426573BWtxX8CiOv.jpeg
https://americamotorsby.ams3.digitaloceanspaces.com/americamotors-by/be8bc0c9-d36f-4163-8097-77b0f013977c/amby-ea571676ce9b75b0730a5d56350ae93e4nmuG638EQ.jpeg
https://americamotorsby.ams3.digitaloceanspaces.com/americamotors-by/bc8d66d3-c247-4800-8fbb-10105be0f6d5/amby-182845aceb39c9e413e28fd549058cf87lLJqNUcfi.jpeg
https://americamotorsby.ams3.digitaloceanspaces.com/americamotors-by/d1746c6f-4a6e-4c1c-a952-7e56683646c3/amby-9679ccb5a92f650b83fcf29e0a6a6775S9DwNg3BJk.jpeg
https://americamotorsby.ams3.digitaloceanspaces.com/americamotors-by/9a713271-6123-4780-9292-2b555b96e865/amby-ddf9c9a45551e218c4018d5c53e9f6bb8pL5GkrQ7h.jpeg
https://americamotorsby.ams3.digitaloceanspaces.com/americamotors-by/707939ac-882c-489b-82cd-691fd610e08e/amby-c57de7ffb63a04971dc3a933cf2f080d3q6GXnMKwm.jpeg
https://americamotorsby.ams3.digitaloceanspaces.com/americamotors-by/920cd06e-826a-4515-8e35-7657393d9df8/amby-aba4c12c0307ac56aedf5e7b2dadf69bu1WZpeXjrh.jpeg
https://americamotorsby.ams3.digitaloceanspaces.com/americamotors-by/3ad61b6c-03e7-4de6-a73c-12230db18e14/amby-4f84f02beb6427bc9a6d8d09d2376746dDnmys8vHN.jpeg
https://americamotorsby.ams3.digitaloceanspaces.com/americamotors-by/56ada4f5-5f99-4502-a9c0-1be47c804158/amby-02519bfb266773f243fdef49420313d1udvt7wx153.jpeg
https://americamotorsby.ams3.digitaloceanspaces.com/americamotors-by/1f31668e-e8f7-434c-97df-babdcea8cc65/amby-549cfc258b5b09317e51edf0d640cf8dXLxlkvicqF.jpeg"
"1770619515-153","https://americamotors.by/catalog/all/car?type_id=1&status%5B0%5D=all","https://americamotors.by/catalog/all/car?type_id=1&status%5B0%5D=all&page=2","https://americamotors.by/transport/volkswagen/jetta/916","Под заказ","2021 Volkswagen Jetta","35 990р.","11 800$ / 10 620€","Volkswagen","Jetta","VIN: 3VWC57BU9MM******","41578 миль.","1400 л","Автомат","Передний","Cерый","Седан","https://americamotorsby.ams3.digitaloceanspaces.com/americamotors-by/f7e136cc-f04a-4663-b873-12e8667a6438/amby-83b5009e040969ee7b60362ad7426573jx5eKcTUvL.jpeg
https://americamotorsby.ams3.digitaloceanspaces.com/americamotors-by/87aab719-0984-453b-9a96-23b54c2e6ca8/amby-83b5009e040969ee7b60362ad7426573xLjyeGCDoS.jpeg
https://americamotorsby.ams3.digitaloceanspaces.com/americamotors-by/351d6435-d611-4c4a-9040-245f57f72860/amby-ea571676ce9b75b0730a5d56350ae93eYfsbH0TnqK.jpeg
https://americamotorsby.ams3.digitaloceanspaces.com/americamotors-by/67bb736d-b234-42ba-b2c8-52f40c758e1b/amby-182845aceb39c9e413e28fd549058cf87bWZTINvC4.jpeg
https://americamotorsby.ams3.digitaloceanspaces.com/americamotors-by/d3e0617c-112a-4c4a-8994-1c81b793fec5/amby-9679ccb5a92f650b83fcf29e0a6a67756ausyt9RFd.jpeg
https://americamotorsby.ams3.digitaloceanspaces.com/americamotors-by/35dd0cde-8484-4ede-be76-1eb4f488c633/amby-ddf9c9a45551e218c4018d5c53e9f6bbjcHVz4GOPQ.jpeg
https://americamotorsby.ams3.digitaloceanspaces.com/americamotors-by/693058e1-e47f-4460-bd02-459cecf12eee/amby-c57de7ffb63a04971dc3a933cf2f080dJPcq8kND6Z.jpeg
https://americamotorsby.ams3.digitaloceanspaces.com/americamotors-by/d2df7320-8320-4cce-9ba0-2602b2fa8f65/amby-aba4c12c0307ac56aedf5e7b2dadf69bU0JKNauc8n.jpeg
https://americamotorsby.ams3.digitaloceanspaces.com/americamotors-by/1ea6e9be-1f5f-4708-b4cb-21d4472f8f72/amby-4f84f02beb6427bc9a6d8d09d23767462uf8LDltMe.jpeg
https://americamotorsby.ams3.digitaloceanspaces.com/americamotors-by/c0741420-dc87-4778-899c-e696e8eacea0/amby-02519bfb266773f243fdef49420313d1zkMoPZdm0S.jpeg
https://americamotorsby.ams3.digitaloceanspaces.com/americamotors-by/b66c1981-e6a7-4d3c-baa5-5b7516b845b2/amby-549cfc258b5b09317e51edf0d640cf8dTAIouXylwc.jpeg
https://americamotorsby.ams3.digitaloceanspaces.com/americamotors-by/96cdcd6c-5c0e-4956-923c-1589ac7624c9/amby-f7f163af78812e58c4d3c47b4e396ae6LfX6Bx05qa.jpeg
https://americamotorsby.ams3.digitaloceanspaces.com/americamotors-by/3ccd9541-c6a9-491e-91a7-07017e8d4baa/amby-d077e4317cde1e70737c7d5616929159Keays3TwNL.jpeg
https://americamotorsby.ams3.digitaloceanspaces.com/americamotors-by/42bb64df-78f1-4bac-9042-9aeb3971e985/amby-e02b5f50d064103233b3adee3b96a510nglAMdBUD0.jpeg
https://americamotorsby.ams3.digitaloceanspaces.com/americamotors-by/ad7fefb8-2c23-4432-9cb9-659b77b1a62f/amby-dcf816fe7054b0a74c353321030b73ceY2Du9RMwkG.jpeg
https://americamotorsby.ams3.digitaloceanspaces.com/americamotors-by/94555882-8168-4fa5-950a-e402970fc99d/amby-b06e00b230527202d3420d52eb4760e1L2hRt1iU64.jpeg
https://americamotorsby.ams3.digitaloceanspaces.com/americamotors-by/9427f64a-9720-4b0a-897a-7caba1faccaf/amby-8478ec28fa40c5f169aa51aa9b461b1d1r74avoF82.jpeg
https://americamotorsby.ams3.digitaloceanspaces.com/americamotors-by/96769a4e-5f65-4274-abf3-61671301b392/amby-46bf4496d08a7627f25dbf5588cfbfd4J5pbKAORXr.jpeg
https://americamotorsby.ams3.digitaloceanspaces.com/americamotors-by/0fb21537-4c41-431e-8d41-cfba4555b00f/amby-05843c9b8054ff51c3c77cf533078855jZMDeksWrn.jpeg
https://americamotorsby.ams3.digitaloceanspaces.com/americamotors-by/271c61be-2e3b-4d38-94f2-62565bd8df68/amby-679db6b81a9bf927f70c81bd1418fcff6MTXjwcs1A.jpeg"
"1770619524-154","https://americamotors.by/catalog/all/car?type_id=1&status%5B0%5D=all","https://americamotors.by/catalog/all/car?type_id=1&status%5B0%5D=all&page=2","https://americamotors.by/transport/ford/f150/917","Под заказ","2020 Ford F-150","45 450р.","14 900$ / 13 410€","Ford","F-150","VIN: 1FTEW1CP0LK******","38932 миль.","2700 л","Не указан","Полный","Cерый","Пикап","https://americamotorsby.ams3.digitaloceanspaces.com/americamotors-by/666be9ab-3fff-4fba-9ea1-2647e41e9461/amby-83b5009e040969ee7b60362ad7426573280DypWuTi.jpeg
https://americamotorsby.ams3.digitaloceanspaces.com/americamotors-by/54a8b296-78f1-4d95-a72e-ecb43e8eb8c3/amby-83b5009e040969ee7b60362ad7426573C7R9JGBjT2.jpeg
https://americamotorsby.ams3.digitaloceanspaces.com/americamotors-by/3ef34b94-a205-4400-a4d2-a25ce3e39820/amby-ea571676ce9b75b0730a5d56350ae93euV5LN0bSwF.jpeg
https://americamotorsby.ams3.digitaloceanspaces.com/americamotors-by/f24580c4-449e-4b55-8329-ea63ce832e7e/amby-182845aceb39c9e413e28fd549058cf8ukF6lqWTMS.jpeg
https://americamotorsby.ams3.digitaloceanspaces.com/americamotors-by/eaf578e8-4289-4b8e-85c4-b5cea47fde4d/amby-9679ccb5a92f650b83fcf29e0a6a6775NLcW9CMRdQ.jpeg
https://americamotorsby.ams3.digitaloceanspaces.com/americamotors-by/ce732976-59b9-4481-90e1-c021310afdb0/amby-ddf9c9a45551e218c4018d5c53e9f6bbWBu4NAdnFG.jpeg
https://americamotorsby.ams3.digitaloceanspaces.com/americamotors-by/b0179778-59ae-420f-aca3-e30269f0b868/amby-c57de7ffb63a04971dc3a933cf2f080dpStxMC78bq.jpeg
https://americamotorsby.ams3.digitaloceanspaces.com/americamotors-by/b8863f0d-107c-41b8-8aeb-a8ffb42497c8/amby-aba4c12c0307ac56aedf5e7b2dadf69bK5mHXkUIEQ.jpeg
https://americamotorsby.ams3.digitaloceanspaces.com/americamotors-by/59abfde2-3b62-42bf-a76e-299dc59e0e7b/amby-4f84f02beb6427bc9a6d8d09d2376746jzicNkQMnA.jpeg
https://americamotorsby.ams3.digitaloceanspaces.com/americamotors-by/43079870-f047-47c8-a664-65d1ae329ea6/amby-02519bfb266773f243fdef49420313d1StI3qdUPJF.jpeg
https://americamotorsby.ams3.digitaloceanspaces.com/americamotors-by/6e4af777-ae7f-4e9b-9f8e-c0ce6a50d5c7/amby-549cfc258b5b09317e51edf0d640cf8dEYm4Swyjsv.jpeg"
"1770619532-155","https://americamotors.by/catalog/all/car?type_id=1&status%5B0%5D=all","https://americamotors.by/catalog/all/car?type_id=1&status%5B0%5D=all&page=2","https://americamotors.by/transport/toyota/rav4/918","Под заказ","2022 Toyota RAV4 XSE","75 640р.","24 800$ / 22 320€","Toyota","RAV4","VIN: JTME6RFV7ND******","5674 миль.","2500 л","Вариатор","Полный","Синий","Кроссовер","https://americamotorsby.ams3.digitaloceanspaces.com/americamotors-by/8d6d5d08-6830-4f8b-9472-d6eeb17543ed/amby-83b5009e040969ee7b60362ad7426573nBmb2gM3jA.jpeg
https://americamotorsby.ams3.digitaloceanspaces.com/americamotors-by/029b53f4-eb50-4009-b480-64195d4ef6a3/amby-83b5009e040969ee7b60362ad7426573n9oBlrDWZg.jpeg
https://americamotorsby.ams3.digitaloceanspaces.com/americamotors-by/03d8afd7-0fd3-4d43-b31a-5bf02353e185/amby-ea571676ce9b75b0730a5d56350ae93eiXgchJQysk.jpeg
https://americamotorsby.ams3.digitaloceanspaces.com/americamotors-by/6619d1cf-35a6-4dbc-9f99-206c97d8be89/amby-182845aceb39c9e413e28fd549058cf8QkjBnlRLqz.jpeg
https://americamotorsby.ams3.digitaloceanspaces.com/americamotors-by/0495590e-4392-4391-842d-ed4b28b3f85b/amby-9679ccb5a92f650b83fcf29e0a6a67753XuwEjktQx.jpeg
https://americamotorsby.ams3.digitaloceanspaces.com/americamotors-by/52a48cb8-b0cf-41d7-ac25-aaf067528702/amby-ddf9c9a45551e218c4018d5c53e9f6bbY3UBq5ZbEj.jpeg
https://americamotorsby.ams3.digitaloceanspaces.com/americamotors-by/f6442d33-443f-451c-affe-1954dc123d6e/amby-c57de7ffb63a04971dc3a933cf2f080dlVJUr3LzsS.jpeg
https://americamotorsby.ams3.digitaloceanspaces.com/americamotors-by/34a91b23-e67f-483e-a3ba-9edbb28d09cf/amby-aba4c12c0307ac56aedf5e7b2dadf69b1Pz9JkIRVM.jpeg
https://americamotorsby.ams3.digitaloceanspaces.com/americamotors-by/e6339c57-a1d4-4e25-8e6a-666e697d0c06/amby-4f84f02beb6427bc9a6d8d09d2376746uQ6XRpsawS.jpeg
https://americamotorsby.ams3.digitaloceanspaces.com/americamotors-by/91fa58e1-e5f5-4bb4-a870-dd09df10abfc/amby-02519bfb266773f243fdef49420313d1ypMRS6zNHT.jpeg
https://americamotorsby.ams3.digitaloceanspaces.com/americamotors-by/8bd4764b-7724-4487-9456-6db4316d6431/amby-549cfc258b5b09317e51edf0d640cf8dhv9zpg8Ba5.jpeg"
"1770619545-156","https://americamotors.by/catalog/all/car?type_id=1&status%5B0%5D=all","https://americamotors.by/catalog/all/car?type_id=1&status%5B0%5D=all&page=2","https://americamotors.by/transport/chevrolet/corvette/919","Под заказ","2017 Chevrolet CORVETTE 1LT","271 450р.","89 000$ / 80 100€","Chevrolet","CORVETTE","VIN: ******","27000 км.","6.2 л","Автомат","Задний","Серебристый","Купе","https://americamotorsby.ams3.digitaloceanspaces.com/americamotors-by/2f4d2654-dd1b-498b-b0cc-5864c2dc709a/amby-02519bfb266773f243fdef49420313d19UiEs2NFY8.jpeg
https://americamotorsby.ams3.digitaloceanspaces.com/americamotors-by/9b826763-8c1a-42dc-b001-6cd2d03c1e84/amby-83b5009e040969ee7b60362ad7426573SzVArkEgI1.jpeg
https://americamotorsby.ams3.digitaloceanspaces.com/americamotors-by/bf48aa34-0b10-497f-a95a-51311cc25da5/amby-e02b5f50d064103233b3adee3b96a510hA9VPHDe0i.jpeg
https://americamotorsby.ams3.digitaloceanspaces.com/americamotors-by/7a18a99b-2090-44ab-9102-1bbb88dd4802/amby-c57de7ffb63a04971dc3a933cf2f080dZgH73TpEUq.jpeg
https://americamotorsby.ams3.digitaloceanspaces.com/americamotors-by/d4837f41-5cf5-4628-8191-6a04a113cd5f/amby-aba4c12c0307ac56aedf5e7b2dadf69b7YtpwOfXIK.jpeg
https://americamotorsby.ams3.digitaloceanspaces.com/americamotors-by/0da1f7a4-dd07-4b07-bd4a-93f94c95281f/amby-d077e4317cde1e70737c7d5616929159GIENhBe1wr.jpeg
https://americamotorsby.ams3.digitaloceanspaces.com/americamotors-by/1f8e6e72-97d6-48df-89f7-2965ffffc444/amby-05843c9b8054ff51c3c77cf533078855a06jLoieOZ.jpeg
https://americamotorsby.ams3.digitaloceanspaces.com/americamotors-by/d7f3b8c8-ceda-456c-98c7-2651241d79a5/amby-dcf816fe7054b0a74c353321030b73ceC1vO5W7wjX.jpeg
https://americamotorsby.ams3.digitaloceanspaces.com/americamotors-by/a4e2a306-434c-4fe2-b5f5-e3417aea57d8/amby-b06e00b230527202d3420d52eb4760e1fsIyHFaNDj.jpeg
https://americamotorsby.ams3.digitaloceanspaces.com/americamotors-by/7370665c-273b-4c6e-9af7-e88cffd7b6e1/amby-ea571676ce9b75b0730a5d56350ae93edqei2M7rRm.jpeg
https://americamotorsby.ams3.digitaloceanspaces.com/americamotors-by/58fc2329-07e9-41cc-abdd-e9c8046efa2f/amby-182845aceb39c9e413e28fd549058cf8eQhT08fMIx.jpeg
https://americamotorsby.ams3.digitaloceanspaces.com/americamotors-by/7f6b5121-d62c-47b3-ab6d-635681dec845/amby-9679ccb5a92f650b83fcf29e0a6a6775E7qKm1TpfM.jpeg
https://americamotorsby.ams3.digitaloceanspaces.com/americamotors-by/c3459011-8002-4bf9-a634-5adbd53119fd/amby-ddf9c9a45551e218c4018d5c53e9f6bbpdvJRPD8r1.jpeg
https://americamotorsby.ams3.digitaloceanspaces.com/americamotors-by/c4bf64d8-398b-42c9-a027-6cbd7dc475a6/amby-4f84f02beb6427bc9a6d8d09d2376746jXvbIcBtHl.jpeg
https://americamotorsby.ams3.digitaloceanspaces.com/americamotors-by/65917794-4e20-417c-b3a9-742251370590/amby-549cfc258b5b09317e51edf0d640cf8dR6jhFqNwa3.jpeg
https://americamotorsby.ams3.digitaloceanspaces.com/americamotors-by/0ac5a1e0-974c-4410-bfa0-72032461cf14/amby-f7f163af78812e58c4d3c47b4e396ae6nxUPkormae.jpeg
https://americamotorsby.ams3.digitaloceanspaces.com/americamotors-by/dc6c07de-01eb-4a8c-9460-5d6ebb09f345/amby-8478ec28fa40c5f169aa51aa9b461b1dloJDyhIxjv.jpeg
https://americamotorsby.ams3.digitaloceanspaces.com/americamotors-by/99b66bce-6155-4029-9362-86096b78a66a/amby-46bf4496d08a7627f25dbf5588cfbfd4c32HkQYJBM.jpeg
https://americamotorsby.ams3.digitaloceanspaces.com/americamotors-by/4c3ebc62-1088-4fe8-8ef4-1ebe9c3b0220/amby-679db6b81a9bf927f70c81bd1418fcffZgB5L1w83x.jpeg"
"1770619554-157","https://americamotors.by/catalog/all/car?type_id=1&status%5B0%5D=all","https://americamotors.by/catalog/all/car?type_id=1&status%5B0%5D=all&page=2","https://americamotors.by/transport/volkswagen/atlas2114253849/923","Под заказ","2021 Volkswagen ATLAS SEL","51 850р.","17 000$ / 15 300€","Volkswagen","ATLAS","VIN: 1V2BR2CAXMC******","7161 миль.","3600 см. куб","Автомат","Полный","Голубой","Внедорожник","https://americamotorsby.ams3.digitaloceanspaces.com/americamotors-by/858d59a9-5c65-4aed-b874-553dddc3510d/amby-083d9de1d423f690b5bbb433d15d4dd1X2oZUlgFh0.jpg
https://americamotorsby.ams3.digitaloceanspaces.com/americamotors-by/5b585f79-b31d-4d42-bd7d-985ebb0229f8/amby-ab6799446bc13f837cefd68dba7f9fb9ejSMJ26PqQ.jpg
https://americamotorsby.ams3.digitaloceanspaces.com/americamotors-by/36c90997-9477-4cfd-8ed6-a54ae3455cb7/amby-13e1af00277096c25ae818e8a44be4a7eZgElxdQci.jpg
https://americamotorsby.ams3.digitaloceanspaces.com/americamotors-by/d61d0e7e-d766-4083-8b8a-a4741995f40c/amby-92ff6310b52b82a4ac9cffaa1b10afec6W5nEUsYSz.jpg
https://americamotorsby.ams3.digitaloceanspaces.com/americamotors-by/3adf8553-b4ef-4a78-9bcd-ebfeb6d9ce67/amby-083d9de1d423f690b5bbb433d15d4dd1BVcSIiJgtw.jpg
https://americamotorsby.ams3.digitaloceanspaces.com/americamotors-by/6c6ccb2a-5a40-4f37-9e21-f271824fe98d/amby-7549e2c89e30f78e09451429ce053a3bUsorR5KVTv.jpg
https://americamotorsby.ams3.digitaloceanspaces.com/americamotors-by/16e519f5-a3c2-4c13-861e-f0fbb690d0fb/amby-ae2a0cf1a6e7f4e2af575041eebb34ffqnWQ2Ne8sV.jpg
https://americamotorsby.ams3.digitaloceanspaces.com/americamotors-by/fc939c85-2a6d-4f3d-aa2a-9a957b2fd5a1/amby-24897f2194ede8d92c2803656445fa07kXYEeNg82h.jpg
https://americamotorsby.ams3.digitaloceanspaces.com/americamotors-by/5c40e43f-5753-4cb3-9f85-a4b2ec2ee124/amby-f8089b42e038cba1bf447ca4ff616318iWeQpMnowF.jpg
https://americamotorsby.ams3.digitaloceanspaces.com/americamotors-by/0b72819e-9bb4-4c32-ba6c-0231eb0569ed/amby-ff298f010010ee46a967122f07ae24d3a7MKjvoAgZ.jpg
https://americamotorsby.ams3.digitaloceanspaces.com/americamotors-by/ca76d62a-7c69-42fc-9775-348f17dd6cb4/amby-9892179c1836316a262ad78c9ac08100YN2rCXfmoW.jpg"
"1770619563-158","https://americamotors.by/catalog/all/car?type_id=1&status%5B0%5D=all","https://americamotors.by/catalog/all/car?type_id=1&status%5B0%5D=all&page=2","https://americamotors.by/transport/ford/bronco/924","Под заказ","2021 Ford BRONCO BIG BEND","55 970р.","18 350$ / 16 520€","Ford","BRONCO","VIN: 3FMCR9B69MR******","8610 миль.","1500 см. куб","Автомат","Полный","Голубой","Внедорожник","https://americamotorsby.ams3.digitaloceanspaces.com/americamotors-by/cc09e305-bc9a-47e8-88c3-758e948f1983/amby-104822fc8bddfe9ed1da31e7444a4dd0AX3UGP14dn.jpg
https://americamotorsby.ams3.digitaloceanspaces.com/americamotors-by/dc04421c-e172-4aec-a3ed-d8b819dd2423/amby-702fe11e2d3e06f343772663765f8cd1SugzrJG4vk.jpg
https://americamotorsby.ams3.digitaloceanspaces.com/americamotors-by/876033d6-9eba-40dc-9088-fb076842e3cc/amby-3f1846b4d43f6f4e24de177b12ffd5d6t4AP3REBhn.jpg
https://americamotorsby.ams3.digitaloceanspaces.com/americamotors-by/6888e810-e4b5-4c3a-a1e7-a88eb1ee8e6d/amby-b3e3a90fe9d9b0ba6c4b506ec52047693Nd0rEhwSW.jpg
https://americamotorsby.ams3.digitaloceanspaces.com/americamotors-by/99b39b49-4a46-439d-a71f-6c1b24cf4ee0/amby-104822fc8bddfe9ed1da31e7444a4dd0B1C5IxO4DU.jpg
https://americamotorsby.ams3.digitaloceanspaces.com/americamotors-by/2c0a9a11-d606-4f30-9ceb-4aa86c1346c5/amby-6ea93704235ab3d1c223edd2b922eea3lvPwRE8CIm.jpg
https://americamotorsby.ams3.digitaloceanspaces.com/americamotors-by/146ecc9f-30ce-4653-84b8-d7b78de82d0c/amby-ed787998d04c448ce525dcefc3c79a08NLyMz8gxOP.jpg
https://americamotorsby.ams3.digitaloceanspaces.com/americamotors-by/00ffaeae-2523-4931-9ca5-d9ca16d6f2bc/amby-cc1ef5c013307aa212fad22e03ae797a8jqpZPKOSt.jpg
https://americamotorsby.ams3.digitaloceanspaces.com/americamotors-by/fb07c6ff-8ae4-4688-b53a-c24cc59e9b83/amby-087c3b72e6b4bb41a6059d0006be9ea8TjAJfNotnO.jpg
https://americamotorsby.ams3.digitaloceanspaces.com/americamotors-by/697b1170-f728-4d85-b01f-3dc811c1497e/amby-08ae27afd86c304c951f1f4ab7a71d39hMU1tPR3mz.jpg
https://americamotorsby.ams3.digitaloceanspaces.com/americamotors-by/8527f8e8-3cc2-494d-a209-9c354651db3f/amby-19da421f3020006605328910ade42d79TV3W7q4OvP.jpg"
"1770619582-159","https://americamotors.by/catalog/all/car?type_id=1&status%5B0%5D=all","","https://americamotors.by/transport/bmw/x3/925","Под заказ","2022 BMW X3","81 740р.","26 800$ / 24 120€","BMW","X3","VIN: 5UX53DP0XN9******","1850 км.","2000 см. куб","Автомат","Полный","Cерый","Кроссовер","https://americamotorsby.ams3.digitaloceanspaces.com/americamotors-by/305244c4-a8f1-489a-889e-33f80680a2d1/amby-0ee9c004c09309625f401c1b5fcfb75adLBhTG9EM5.jpg
https://americamotorsby.ams3.digitaloceanspaces.com/americamotors-by/11fb120e-df81-415b-89d9-c6597327d85c/amby-3b69ea236cc936e8684eb8dba3ace0f4D9gcUCOEHQ.jpg
https://americamotorsby.ams3.digitaloceanspaces.com/americamotors-by/fec36b84-324d-4820-a375-4ec650876921/amby-c0bb25833413a779ecd6bcae671e6ed0ELPb2UeW5R.jpg
https://americamotorsby.ams3.digitaloceanspaces.com/americamotors-by/8dffabee-69c9-4f4e-b073-d796121b8baa/amby-81d456feba23a126bcbf835eb7f216f9Wm48FSQt5k.jpg
https://americamotorsby.ams3.digitaloceanspaces.com/americamotors-by/074acc6f-2483-41e5-8d2d-8ddc8147df0e/amby-0ee9c004c09309625f401c1b5fcfb75aNFuwxcapdV.jpg
https://americamotorsby.ams3.digitaloceanspaces.com/americamotors-by/ee692f6c-accd-4365-9400-9a099cf782a9/amby-237b2b7dac32ca717feab4491c6474cblUnEz2RkoY.jpg
https://americamotorsby.ams3.digitaloceanspaces.com/americamotors-by/e08f0502-4f24-45f7-815b-0f71735e7639/amby-7b5071ab8fa64b4944b65abc5ac71c17UONyEwcn0t.jpg
https://americamotorsby.ams3.digitaloceanspaces.com/americamotors-by/94555d75-f6e0-4fba-b0d8-a456f16ded90/amby-a9b3813eb46d70640c8915fa2102c4790jSmJ4RIdF.jpg
https://americamotorsby.ams3.digitaloceanspaces.com/americamotors-by/3cd4eae4-2d67-455d-9a3d-ab9d073763db/amby-81c77a7a7d93dea2c0c692032b37fca6Z6iUfHTnk2.jpg
https://americamotorsby.ams3.digitaloceanspaces.com/americamotors-by/4d30a10e-6258-4812-b50d-b66594afb038/amby-818bde4e5d06dcbf690fd0134e063ac00zI29mlsSc.jpg
https://americamotorsby.ams3.digitaloceanspaces.com/americamotors-by/854c58c0-557d-4b05-af56-241e9a8d8a58/amby-98e013d506e50b005ef2fcbc7ca9a2ba0xFsmA4l31.jpg"
"1770619591-160","https://americamotors.by/catalog/all/car?type_id=1&status%5B0%5D=all","","https://americamotors.by/transport/honda/accord/927","Под заказ","2020 Honda Accord","43 620р.","14 300$ / 12 870€","Honda","Accord","VIN: 1HGCV1F32LA******","56597 миль.","1500 см. куб","Автомат","Передний","Серебристый","Седан","https://americamotorsby.ams3.digitaloceanspaces.com/americamotors-by/75952a36-7d9a-47e7-9ada-df4be866a21e/amby-8e5a1ed194d79de01c0cf3cf434eb190hcpAZNsT92.jpg
https://americamotorsby.ams3.digitaloceanspaces.com/americamotors-by/9e180e79-1674-42f5-b66c-619f554e05ad/amby-8e5a1ed194d79de01c0cf3cf434eb19010f2w6HFWq.jpg
https://americamotorsby.ams3.digitaloceanspaces.com/americamotors-by/3a821038-85ff-4e87-a785-8bfecda17297/amby-fc8bd71599f27e411098d421ca71e99bSIgcLFNYGQ.jpg
https://americamotorsby.ams3.digitaloceanspaces.com/americamotors-by/402b8af9-b0df-4e87-a940-fe8aa56ea5cd/amby-79d1d87c7c94cfde7f5c5db5f8c5f0abX1dWPe5oax.jpg
https://americamotorsby.ams3.digitaloceanspaces.com/americamotors-by/0f95dd73-065b-482e-aa24-d33f3bbb6394/amby-9ba0c5a3bb0427d905fd49a59ba00655PpYHhsudTr.jpg
https://americamotorsby.ams3.digitaloceanspaces.com/americamotors-by/85f83e1a-ed26-488b-8fa0-25e72943ea0d/amby-703cfdcc643975595fc2007eabac2bd62IHnMzCfOs.jpg
https://americamotorsby.ams3.digitaloceanspaces.com/americamotors-by/99025666-1440-42de-bcce-9408b3159c96/amby-7e9deaabce82eaa38095cee7d755b2068AEujVfoze.jpg
https://americamotorsby.ams3.digitaloceanspaces.com/americamotors-by/d767b21b-219d-4c72-bdee-c24f074b5916/amby-394cd51283534397ec16adad9bcd29d9bhFaMxmjRg.jpg
https://americamotorsby.ams3.digitaloceanspaces.com/americamotors-by/9f4a6e66-6db6-4f7c-a4ac-1f57e5e065db/amby-d6afead6452fc2ef7f0f5ad17a870211hqTUbu62eJ.jpg
https://americamotorsby.ams3.digitaloceanspaces.com/americamotors-by/358df96b-0887-4451-b5f6-6620bb09b38c/amby-f091288803feb2e61a300a707af0cfa4fTKs9CnvI3.jpg
https://americamotorsby.ams3.digitaloceanspaces.com/americamotors-by/709ce587-af9a-44b7-889c-484ac3dab976/amby-ef527f01bf8f67c1ea5ecd218af9cd6fXfIy5j6Fxl.jpg"
"1770619599-161","https://americamotors.by/catalog/all/car?type_id=1&status%5B0%5D=all","","https://americamotors.by/transport/mitsubishi/outlander/928","Под заказ","2022 Mitsubishi Outlander SE","56 280р.","18 450$ / 16 610€","Mitsubishi","Outlander","VIN: JA4J4TA8XNZ******","20980 миль.","2500 см. куб","Автомат","Полный","Белый","Внедорожник","https://americamotorsby.ams3.digitaloceanspaces.com/americamotors-by/dbc3f29c-00b6-4696-9e27-9293e7ee70b8/amby-383a4973611d2c1f511db18f4da4c428FAjuCT3GBd.jpg
https://americamotorsby.ams3.digitaloceanspaces.com/americamotors-by/6993ab91-b6a4-4f01-a130-f45204cd4ac1/amby-35f4e4200adfffbce49b0f54ad3a932fvNMGBWqyIS.jpg
https://americamotorsby.ams3.digitaloceanspaces.com/americamotors-by/aceabba3-f28b-403f-b756-f0cb08405486/amby-6ff173ca125e3a6cc5eac85361d96e90naAl7Cd2tS.jpg
https://americamotorsby.ams3.digitaloceanspaces.com/americamotors-by/5ff03408-8416-477d-ab3e-accba21bbf04/amby-cb96838aa3fd2bc865b009aa2b0af6a1lXy62zwcM3.jpg
https://americamotorsby.ams3.digitaloceanspaces.com/americamotors-by/5a93a88d-709a-42ed-9c20-6e6cfe2c8351/amby-383a4973611d2c1f511db18f4da4c428FyMfh9ZHq3.jpg
https://americamotorsby.ams3.digitaloceanspaces.com/americamotors-by/6544cea8-1422-464c-8987-b22874aaf27b/amby-74730b9b47e833af69882907d91c9e3af7nZe0UpxL.jpg
https://americamotorsby.ams3.digitaloceanspaces.com/americamotors-by/2975f423-6403-4964-b8c5-1331102e3454/amby-b0a905d547ea15cd2b257149096727f9nkTxbRQuf6.jpg
https://americamotorsby.ams3.digitaloceanspaces.com/americamotors-by/2791325f-76e5-455e-8622-bd0d7dfc9b5d/amby-1e039cbaa1bf2fddabfc3fc9a87bbec3UmlhOcnLu9.jpg
https://americamotorsby.ams3.digitaloceanspaces.com/americamotors-by/afadd8d4-b0d5-405c-9e64-15ffcffd5f39/amby-7d3dcc49483568a21e4cd62ca4d5c399uf9FUnGqNj.jpg
https://americamotorsby.ams3.digitaloceanspaces.com/americamotors-by/fa08617f-7f83-4f86-8a08-2117dddd4a69/amby-2051f567d7a9b2121b48f6b3a16ad5d8OeDvNx1wuY.jpg
https://americamotorsby.ams3.digitaloceanspaces.com/americamotors-by/f459c761-0fb9-4ebb-a226-e0b0feafe5ef/amby-00b2bbc5556fb57251c37ee33732c939TBD5gVHREA.jpg"
"1770619607-162","https://americamotors.by/catalog/all/car?type_id=1&status%5B0%5D=all","","https://americamotors.by/transport/mitsubishi/outlander_sport/929","Под заказ","2022 Mitsubishi OUTLANDER SPORT SE","32 940р.","10 800$ / 9 720€","Mitsubishi","OUTLANDER SPORT","VIN: JA4APVAU7NU******","8190 миль.","2000 л","Автомат","Передний","Cерый","Кроссовер","https://americamotorsby.ams3.digitaloceanspaces.com/americamotors-by/de3cc751-42ff-4238-a1b6-864379e6281f/amby-3e0597dafe606493cb2ee18b08ff2efdmCYNuHFVDL.jpg
https://americamotorsby.ams3.digitaloceanspaces.com/americamotors-by/aef8f49d-f771-439c-b5c0-e1df845853c2/amby-83e2a9783fc23b130435d01470dc9173gHjaSwYzR7.jpg
https://americamotorsby.ams3.digitaloceanspaces.com/americamotors-by/7aef7611-a5d4-49b3-9189-b7d66a842366/amby-19da00211deed1ee42336ae04dac7680Edz4UYXuC1.jpg
https://americamotorsby.ams3.digitaloceanspaces.com/americamotors-by/1d160e12-6687-4599-acd5-f0b70da84725/amby-2cebb910353166820d903cbca6895319q0K9bcpkmT.jpg
https://americamotorsby.ams3.digitaloceanspaces.com/americamotors-by/7feebf19-6e55-4f0d-9d5f-4a0a3b44b98e/amby-3e0597dafe606493cb2ee18b08ff2efdTcfb9raomN.jpg
https://americamotorsby.ams3.digitaloceanspaces.com/americamotors-by/12e471ec-c3d0-4bcb-82e7-5144b5082b6b/amby-8df85f48a50615c4039122dab91926b1LIwF2TD7q1.jpg
https://americamotorsby.ams3.digitaloceanspaces.com/americamotors-by/b0d29657-9993-46ac-86b2-7be9233ce300/amby-75ffd3074154972aeff30c2e93292fcbqTfMaDOuhE.jpg
https://americamotorsby.ams3.digitaloceanspaces.com/americamotors-by/11dcde0f-f453-4484-bb12-1c0b2796ee02/amby-84bbbfb4ba725b1f06fed1113314b70e5hqn86QW7e.jpg
https://americamotorsby.ams3.digitaloceanspaces.com/americamotors-by/2a1600d5-8be0-4aee-9152-73b279adfe6c/amby-20d9031014da8f10f8640ac356dea7b4xIXqvflSBh.jpg
https://americamotorsby.ams3.digitaloceanspaces.com/americamotors-by/958ca92e-87be-4865-8e34-e056d67ff0b3/amby-3f918bcc82b09eb31c4e97fd7defb8dfWKR23kpn8Z.jpg
https://americamotorsby.ams3.digitaloceanspaces.com/americamotors-by/6d2d9f65-3553-431d-a834-2fbe63bd75b9/amby-377322e147fb65a8b39bf993235f116baI3wPs6RZJ.jpg"
"1770619615-163","https://americamotors.by/catalog/all/car?type_id=1&status%5B0%5D=all","","https://americamotors.by/transport/mitsubishi/outlander/930","Под заказ","2022 Mitsubishi Outlander SE","57 650р.","18 900$ / 17 010€","Mitsubishi","Outlander","VIN: JA4J4UA8XNZ******","19434 миль.","2500 л","Автомат","Полный","Красный","Внедорожник","https://americamotorsby.ams3.digitaloceanspaces.com/americamotors-by/e607ad88-99a5-465f-87da-5bf12814b42c/amby-8a37fa932326c66fd4bcfbf7fab6a21aOolaGQwcf0.jpg
https://americamotorsby.ams3.digitaloceanspaces.com/americamotors-by/601997c1-c27b-4a26-b229-536a3626b738/amby-8a37fa932326c66fd4bcfbf7fab6a21aatdpbQ3CVu.jpg
https://americamotorsby.ams3.digitaloceanspaces.com/americamotors-by/edd9a132-01a1-4d0e-9887-138ce9818df1/amby-a517385cfaddf4644c25d2045a9c9a49yCdPik5NKY.jpg
https://americamotorsby.ams3.digitaloceanspaces.com/americamotors-by/f89a304a-8e1d-4d43-a227-7dfeedd493c1/amby-2e44a91bebe277eb479a40cc3f2a9db07sTEpRmfMC.jpg
https://americamotorsby.ams3.digitaloceanspaces.com/americamotors-by/2bfb84cc-2dab-457a-9cae-4952646765a7/amby-c32da69c9718f2b167da2cb280f5fc46G89S1JYoXl.jpg
https://americamotorsby.ams3.digitaloceanspaces.com/americamotors-by/8a7879e0-420d-4bba-baa6-78809b6d1fe2/amby-2be01eb391fb2d36659172ef2dc6e446SqkALembj9.jpg
https://americamotorsby.ams3.digitaloceanspaces.com/americamotors-by/21c3c25b-099f-4a41-a0ce-e246714ba8c0/amby-eea324b75d83d05ddb1ca60d02b2d07d3uT5RnDbQ2.jpg
https://americamotorsby.ams3.digitaloceanspaces.com/americamotors-by/562fdc4f-a41c-4619-b768-15d564b70091/amby-b2e9b693a6c5a92d8c8d8f5d34fae13dzGcdbEKIBh.jpg
https://americamotorsby.ams3.digitaloceanspaces.com/americamotors-by/2dd5599d-5f2f-4bfc-bb9e-d06378786a86/amby-be2d273089a0ddd230c986776cc1af34h1eBJQXYUq.jpg
https://americamotorsby.ams3.digitaloceanspaces.com/americamotors-by/89321ac9-2671-45ac-98a1-c35589205017/amby-53eff94704a5535e20376c90eff747c68cpUC53DqY.jpg
https://americamotorsby.ams3.digitaloceanspaces.com/americamotors-by/fc8a876a-200a-42cc-90fd-5770c68eb847/amby-109107699225e87bd70637a3f33402bc0TlkiNyDPQ.jpg"
"1770619624-164","https://americamotors.by/catalog/all/car?type_id=1&status%5B0%5D=all","","https://americamotors.by/transport/mitsubishi/eclipse_cross/931","Под заказ","2022 Mitsubishi Eclipse Cross SE","29 890р.","9 800$ / 8 820€","Mitsubishi","Eclipse Cross","VIN: JA4ATWAAXNZ******","8580 миль.","1500 л","Автомат","Полный","Белый","Кроссовер","https://americamotorsby.ams3.digitaloceanspaces.com/americamotors-by/0ab2a759-23b8-4893-be88-eb71c57323e7/amby-31832e11b60e09ce181197959c570226Qkv3OFaUGT.jpg
https://americamotorsby.ams3.digitaloceanspaces.com/americamotors-by/40fd2a8a-0040-4e5e-9dd4-a0abb4b509c1/amby-4b027c161c1fe9159536e33ca44df986kLJsRwDQAp.jpg
https://americamotorsby.ams3.digitaloceanspaces.com/americamotors-by/17bfb997-d0c6-4567-be42-435f0c58c50a/amby-edd057f9d9f6b6b9a193279db2bb51dfVdx1p74Luq.jpg
https://americamotorsby.ams3.digitaloceanspaces.com/americamotors-by/f53b8ba5-0880-4506-b34b-ae9c3d74d91a/amby-c20629899b11b21c4b7c6e830f905ae11fE9XlMDZc.jpg
https://americamotorsby.ams3.digitaloceanspaces.com/americamotors-by/1c6bb244-9b91-4eea-83f0-899a5deb45e9/amby-31832e11b60e09ce181197959c570226zEUw4paHs8.jpg
https://americamotorsby.ams3.digitaloceanspaces.com/americamotors-by/4820959d-4672-42e3-b583-79c46f4a26be/amby-bc7ea7b9509e5ffc3ce610bf8f34e92eJ9TZD5ebY1.jpg
https://americamotorsby.ams3.digitaloceanspaces.com/americamotors-by/3bfcff6c-92cb-4209-8055-f0457ff4982a/amby-7e723f89d167c9ae380c8226c57d71ceV6OkazIMuj.jpg
https://americamotorsby.ams3.digitaloceanspaces.com/americamotors-by/ada2928b-e8ea-445f-a755-685a99869d8c/amby-bd529568590d940f8abb3b9d3e3624e4eaXq7szAKS.jpg
https://americamotorsby.ams3.digitaloceanspaces.com/americamotors-by/a371ceb9-318d-489a-a6a5-e29ce347cf1b/amby-9041580684e3f4a92d0a8902bd632dc90wuGIZpEme.jpg
https://americamotorsby.ams3.digitaloceanspaces.com/americamotors-by/39900e00-cd68-4ab7-a4eb-3a7ee920e849/amby-aced7c5be8949d6a1fd423e7138173a1864matgoGw.jpg
https://americamotorsby.ams3.digitaloceanspaces.com/americamotors-by/4b359185-3d83-4600-939a-8a96f727324b/amby-ab884c74ac16062ab9c19863318ed454XODsBbyIvK.jpg"
"1770619633-165","https://americamotors.by/catalog/all/car?type_id=1&status%5B0%5D=all","","https://americamotors.by/transport/volvo/xc60/933","Под заказ","2022 Volvo XC60 MOMENTUM","47 890р.","15 700$ / 14 130€","Volvo","XC60","VIN: YV4L12DK2N1******","2370 миль.","2000 см. куб","Автомат","Передний","Белый","Внедорожник","https://americamotorsby.ams3.digitaloceanspaces.com/americamotors-by/1888e253-291b-40ba-909d-69a6cc0b5fe2/amby-7572f76d7c4d63350fd62e5f53aeb7249k7J5FTcYm.jpg
https://americamotorsby.ams3.digitaloceanspaces.com/americamotors-by/b404195e-647d-4e17-a658-8adca2ac6f88/amby-fb12277c143cb5494e17858acfed953fxknm2H6oFC.jpg
https://americamotorsby.ams3.digitaloceanspaces.com/americamotors-by/34f8ebd2-f1c2-47c6-9b81-8487b8e12adc/amby-65cf2226384ea5e2b4263107a6ab06faGBqtk2aLdh.jpg
https://americamotorsby.ams3.digitaloceanspaces.com/americamotors-by/eeddb15b-7504-46e8-b796-a7e9270d52b0/amby-41ef924fc152e88ec2cc8d2fdf79c382aCAzZHSdLW.jpg
https://americamotorsby.ams3.digitaloceanspaces.com/americamotors-by/eef64136-f9b0-4751-9a19-db648ffa1ed3/amby-7572f76d7c4d63350fd62e5f53aeb724inkpZrVtPh.jpg
https://americamotorsby.ams3.digitaloceanspaces.com/americamotors-by/541cbb24-b278-47cb-8801-fd5815d7d816/amby-0d2e04163284a816505661c8093f936bB4gpuitz30.jpg
https://americamotorsby.ams3.digitaloceanspaces.com/americamotors-by/7acd293c-9a65-4e6c-a572-70b0d6db5ff7/amby-9620b59a61f5bbe71f82a3935f469390PC2xR7Ztl3.jpg
https://americamotorsby.ams3.digitaloceanspaces.com/americamotors-by/0e75b5f6-36dc-4de2-afc5-0457df0935cc/amby-c4017ab7a84f0b782cc39dcce39594ebrK1ymvSVQY.jpg
https://americamotorsby.ams3.digitaloceanspaces.com/americamotors-by/a720b0f8-0201-42a0-ae60-b83b0139cba0/amby-c1b68a83126f697b76ec40aa5f960fdbecVbqx0Wup.jpg
https://americamotorsby.ams3.digitaloceanspaces.com/americamotors-by/5b892e77-eadd-4c96-ac91-98fcd9c996a3/amby-d91ff45ac0108ee985e5ecac8491af66gXZxLNTyzf.jpg
https://americamotorsby.ams3.digitaloceanspaces.com/americamotors-by/6c8b92de-19c8-4493-9840-69c12151fa0a/amby-efa612b880c6c1369740663bb1537a9eTnG85Cety6.jpg"
"1770619642-166","https://americamotors.by/catalog/all/car?type_id=1&status%5B0%5D=all","","https://americamotors.by/transport/volvo/xc40/934","Под заказ","2021 Volvo XC40 R-DESIGN","37 980р.","12 450$ / 11 210€","Volvo","XC40","VIN: YV4162UM2M2******","23720 миль.","2000 см. куб","Автомат","Полный","Cерый","Кроссовер","https://americamotorsby.ams3.digitaloceanspaces.com/americamotors-by/57c820f1-d31b-47fa-a8a5-517727a45751/amby-e8269408ab640f1641db28169d76efecyNgc3L5lPz.jpg
https://americamotorsby.ams3.digitaloceanspaces.com/americamotors-by/2de17e1c-fdd5-45ae-8968-28eb3e1e3dd2/amby-6e6fc78662f40728324e1672b13f91e7taPrNJLfk9.jpg
https://americamotorsby.ams3.digitaloceanspaces.com/americamotors-by/ef615c29-3c29-49c7-8dab-9aea229a803a/amby-6406dc6baa6b39a8206960c2098302c7lrhjFxzA7P.jpg
https://americamotorsby.ams3.digitaloceanspaces.com/americamotors-by/eb95df9c-2e25-413e-ba1c-1c24f2b1db72/amby-9dc52916e093d064edadeb203eca518aefohWIKJ8y.jpg
https://americamotorsby.ams3.digitaloceanspaces.com/americamotors-by/5a3ba854-6189-4f23-b5b0-f2fc5e348218/amby-e8269408ab640f1641db28169d76efechL6ianKj9e.jpg
https://americamotorsby.ams3.digitaloceanspaces.com/americamotors-by/2fddeb9c-e20e-4932-b867-bbc474b76a32/amby-174089ba84a2d8c91a4f9f416a3557b59iEgTBa8Sp.jpg
https://americamotorsby.ams3.digitaloceanspaces.com/americamotors-by/328c622f-594a-4874-9891-c838270cc922/amby-de3c2996ee410f9edee1bf65f99c02e1VUqowpLEye.jpg
https://americamotorsby.ams3.digitaloceanspaces.com/americamotors-by/9cb4d482-840f-4df7-be41-310865877631/amby-014e1b4d162a25ebfaec8acd34cf81baxSTnQw1mDj.jpg
https://americamotorsby.ams3.digitaloceanspaces.com/americamotors-by/009b546b-ea3d-4aee-bc24-7a41523836a9/amby-fcd995e0bdf801dfdea3e51d21705191HVKzX7t8bI.jpg
https://americamotorsby.ams3.digitaloceanspaces.com/americamotors-by/f06ed32a-8a8d-4034-9aa7-44446fa7e780/amby-3d7ca7bbad5164c80e41a58ea13f489eHuiw4ZmBCN.jpg
https://americamotorsby.ams3.digitaloceanspaces.com/americamotors-by/b45ec4ba-e635-4f87-87bc-3aef07f7e916/amby-62b1b20ec2e3dd3c0b453fde1f30f134BKzjLM89f3.jpg"
"1770619650-167","https://americamotors.by/catalog/all/car?type_id=1&status%5B0%5D=all","","https://americamotors.by/transport/volvo/xc60/935","Под заказ","2023 Volvo XC60 PLUS","55 210р.","18 100$ / 16 290€","Volvo","XC60","VIN: YV4L12DN9P1******","1736 миль.","2000 см. куб","Автомат","Передний","Cерый","Кроссовер","https://americamotorsby.ams3.digitaloceanspaces.com/americamotors-by/78e8ded0-1f0c-4eb1-8f48-65493bb93979/amby-246238d5e683b17efe4f6a05f5a675d8R7DKVqHj0C.jpg
https://americamotorsby.ams3.digitaloceanspaces.com/americamotors-by/181a74c1-a7f8-46eb-8668-13686915a8ab/amby-fe2e8ac2353e947f9b874840e17957famGkx91vIzL.jpg
https://americamotorsby.ams3.digitaloceanspaces.com/americamotors-by/cbbea6bd-e03e-49f0-8b50-56474e12cfcd/amby-f97323fc657e2bcb490e0ea49e7b3d149xbIV7aQDP.jpg
https://americamotorsby.ams3.digitaloceanspaces.com/americamotors-by/3e9ac139-8cc2-4634-ad99-ea2624ff4843/amby-57eda1bf0f904e7366155a503ec9ce5b0nNR2GXYua.jpg
https://americamotorsby.ams3.digitaloceanspaces.com/americamotors-by/abf9c2c7-c9d3-412e-85e1-b34edd5aa948/amby-246238d5e683b17efe4f6a05f5a675d8gXCRPivwGO.jpg
https://americamotorsby.ams3.digitaloceanspaces.com/americamotors-by/9deae07c-f476-4bf9-a709-e88c9c13afde/amby-fa1ab8b8d7f8c895d4d61b9770e1e61dkSH1TwDzXY.jpg
https://americamotorsby.ams3.digitaloceanspaces.com/americamotors-by/2a6c5c6d-febb-4766-b194-f826d1c6c566/amby-329a654bef205c16d13310148cb88fecPIy0JUZcnu.jpg
https://americamotorsby.ams3.digitaloceanspaces.com/americamotors-by/4e4a524d-a936-4efe-af55-ea1c8250f36b/amby-8ab1ae4c60c779aafe686d843d844776LdiJYph5mV.jpg
https://americamotorsby.ams3.digitaloceanspaces.com/americamotors-by/bdaac3b9-effd-4091-99fe-590a05b1d636/amby-5783f315a8a6842ad0b5095da57df058b9Y6eSD5Iu.jpg
https://americamotorsby.ams3.digitaloceanspaces.com/americamotors-by/5b98ffb7-1ddb-4e8e-835c-95d0851942d4/amby-8cd2c183f098dbe7eb5bdfa08abddb07DrfJ25y9o4.jpg
https://americamotorsby.ams3.digitaloceanspaces.com/americamotors-by/7c726116-4bed-4c95-995e-b61dec275882/amby-99be31eff0354111b0e9531b46cd924duXvTxAkgh2.jpg"
"1770619658-168","https://americamotors.by/catalog/all/car?type_id=1&status%5B0%5D=all","","https://americamotors.by/transport/nissan/leaf/936","Под заказ","2022 Nissan Leaf SV","45 140р.","14 800$ / 13 320€","Nissan","Leaf","VIN: 1N4AZ1CV7NC******","3738 миль.","70 кВт","Автомат","Передний","Оранжевый","Хэтчбек","https://americamotorsby.ams3.digitaloceanspaces.com/americamotors-by/16608597-09fd-4223-9018-952cf62c9252/amby-54769a45ee246dac0d9da81f3f43d740RCXAx8LyVl.jpg
https://americamotorsby.ams3.digitaloceanspaces.com/americamotors-by/8c31fd42-0154-4189-b2ab-dcfff0ce9716/amby-54769a45ee246dac0d9da81f3f43d740jm21nApz94.jpg
https://americamotorsby.ams3.digitaloceanspaces.com/americamotors-by/686238c0-7108-4306-90ac-72bd18005760/amby-25e2356a5394dcdc8ada4fd43481948cs1wfyUlJ89.jpg
https://americamotorsby.ams3.digitaloceanspaces.com/americamotors-by/a1b00b4a-2194-4a13-957c-fd0a0af6af22/amby-d05fbcd74ae83afadc780c8093fef6a6BWb3pfFcPL.jpg
https://americamotorsby.ams3.digitaloceanspaces.com/americamotors-by/68fc9bba-7f59-4529-a68d-4eaf7e11578b/amby-b890f26b032ec46dc55bb5a75ec70267Bk8ZHuOG1M.jpg
https://americamotorsby.ams3.digitaloceanspaces.com/americamotors-by/a95b33bf-85df-451c-b7cc-07960c62417f/amby-4eda87d5240dc868e115e37bcf3f9e2caScseo34YN.jpg
https://americamotorsby.ams3.digitaloceanspaces.com/americamotors-by/81dbf095-b176-4142-be3f-2c634b62a1de/amby-0468ee09bfe3ffe4008ddefbd1a37e359Gj37alwEi.jpg
https://americamotorsby.ams3.digitaloceanspaces.com/americamotors-by/0c5ef8b0-2d6b-417b-97dc-daf66a016cfe/amby-88caaae1274db74c0980c444b2066ad4wO7v5Z3ljg.jpg
https://americamotorsby.ams3.digitaloceanspaces.com/americamotors-by/0d60ba56-6b68-43dc-a2ac-104baaff92c9/amby-716a0a8e0d0586c88cf0a746ec8c4271CLqTlRcMVJ.jpg
https://americamotorsby.ams3.digitaloceanspaces.com/americamotors-by/23582294-d74b-4139-8bdb-6a47dd39e83b/amby-56cae5c08c4a93452ed6bc13468e3e03tVIP6LZe5k.jpg
https://americamotorsby.ams3.digitaloceanspaces.com/americamotors-by/027fb647-f0f7-4c07-86fe-342afc2b88da/amby-b36ff47d6993cf310919c97ab0c9e2afc45CeOBEYL.jpg"
