web_scraper_order,web_scraper_start_url,pagination-selector,data-page-selector,name_0,price_0,data_0,data_1,data_2,data_3,data_4,Price_0,Make_0,Model_0,Price_in_WON_0,Vehicle_Type_0,Color_0,VIN_0,Location_0,Condition_0,Timeline_Event_-_November_22_-_Production_country_0,Timeline_Event_-_November_22_-_New_car_list_price_0,image_1
"1770615638-1","https://avtokorea.by/search/","","https://avtokorea.by/avto/encar41480674/","The New Bongo Iii King Cab Ev ENCAR41480674																		
																	
																
																
																	

																		
																			
																		
																	
																
																																
																	
																		
																			
																				
																					2021","(≈ 25724.7 BYN)","2021","274000 километров","Дизель","2.9","Механическая","8490$","Kia","Pregio","11700000","Грузовики","Белый","ENCAR41480674","Gwonseon-gu, Suwon-si, Gyeonggi-do, Корея","Заводится и едет","","","https://ci.encar.com/carpicture/carpicture08/pic4148/41480674_001.jpg?impolicy=heightRate&rh=1200&cw=2000&ch=1200&cg=Center&wtmk=http://ci.encar.com/wt_mark/w_mark_04.png&wtmkg=SouthEast&wtmkw=1&wtmkh=1&t=20240604163347
https://ci.encar.com/carpicture/carpicture08/pic4148/41480674_002.jpg?impolicy=heightRate&rh=1200&cw=2000&ch=1200&cg=Center&wtmk=http://ci.encar.com/wt_mark/w_mark_04.png&wtmkg=SouthEast&wtmkw=1&wtmkh=1&t=20240604163347
https://ci.encar.com/carpicture/carpicture08/pic4148/41480674_003.jpg?impolicy=heightRate&rh=1200&cw=2000&ch=1200&cg=Center&wtmk=http://ci.encar.com/wt_mark/w_mark_04.png&wtmkg=SouthEast&wtmkw=1&wtmkh=1&t=20240604163347
https://ci.encar.com/carpicture/carpicture08/pic4148/41480674_004.jpg?impolicy=heightRate&rh=1200&cw=2000&ch=1200&cg=Center&wtmk=http://ci.encar.com/wt_mark/w_mark_04.png&wtmkg=SouthEast&wtmkw=1&wtmkh=1&t=20240604163347
https://ci.encar.com/carpicture/carpicture08/pic4148/41480674_005.jpg?impolicy=heightRate&rh=1200&cw=2000&ch=1200&cg=Center&wtmk=http://ci.encar.com/wt_mark/w_mark_04.png&wtmkg=SouthEast&wtmkw=1&wtmkh=1&t=20240604163347
https://ci.encar.com/carpicture/carpicture08/pic4148/41480674_006.jpg?impolicy=heightRate&rh=1200&cw=2000&ch=1200&cg=Center&wtmk=http://ci.encar.com/wt_mark/w_mark_04.png&wtmkg=SouthEast&wtmkw=1&wtmkh=1&t=20240604163347
https://ci.encar.com/carpicture/carpicture08/pic4148/41480674_007.jpg?impolicy=heightRate&rh=1200&cw=2000&ch=1200&cg=Center&wtmk=http://ci.encar.com/wt_mark/w_mark_04.png&wtmkg=SouthEast&wtmkw=1&wtmkh=1&t=20240604163347
https://ci.encar.com/carpicture/carpicture08/pic4148/41480674_008.jpg?impolicy=heightRate&rh=1200&cw=2000&ch=1200&cg=Center&wtmk=http://ci.encar.com/wt_mark/w_mark_04.png&wtmkg=SouthEast&wtmkw=1&wtmkh=1&t=20240604163347
https://ci.encar.com/carpicture/carpicture08/pic4148/41480674_009.jpg?impolicy=heightRate&rh=1200&cw=2000&ch=1200&cg=Center&wtmk=http://ci.encar.com/wt_mark/w_mark_04.png&wtmkg=SouthEast&wtmkw=1&wtmkh=1&t=20240604163347
https://ci.encar.com/carpicture/carpicture08/pic4148/41480674_010.jpg?impolicy=heightRate&rh=1200&cw=2000&ch=1200&cg=Center&wtmk=http://ci.encar.com/wt_mark/w_mark_04.png&wtmkg=SouthEast&wtmkw=1&wtmkh=1&t=20240604163347
https://ci.encar.com/carpicture/carpicture08/pic4148/41480674_015.jpg?impolicy=heightRate&rh=1200&cw=2000&ch=1200&cg=Center&wtmk=http://ci.encar.com/wt_mark/w_mark_04.png&wtmkg=SouthEast&wtmkw=1&wtmkh=1&t=20240604163347
https://ci.encar.com/carpicture/carpicture08/pic4148/41480674_016.jpg?impolicy=heightRate&rh=1200&cw=2000&ch=1200&cg=Center&wtmk=http://ci.encar.com/wt_mark/w_mark_04.png&wtmkg=SouthEast&wtmkw=1&wtmkh=1&t=20240604163347
https://ci.encar.com/carpicture/carpicture08/pic4148/41480674_017.jpg?impolicy=heightRate&rh=1200&cw=2000&ch=1200&cg=Center&wtmk=http://ci.encar.com/wt_mark/w_mark_04.png&wtmkg=SouthEast&wtmkw=1&wtmkh=1&t=20240604163347
https://ci.encar.com/carpicture/carpicture08/pic4148/41480674_018.jpg?impolicy=heightRate&rh=1200&cw=2000&ch=1200&cg=Center&wtmk=http://ci.encar.com/wt_mark/w_mark_04.png&wtmkg=SouthEast&wtmkw=1&wtmkh=1&t=20240604163347
https://ci.encar.com/carpicture/carpicture08/pic4148/41480674_019.jpg?impolicy=heightRate&rh=1200&cw=2000&ch=1200&cg=Center&wtmk=http://ci.encar.com/wt_mark/w_mark_04.png&wtmkg=SouthEast&wtmkw=1&wtmkh=1&t=20240604163347
https://ci.encar.com/carpicture/carpicture08/pic4148/41480674_020.jpg?impolicy=heightRate&rh=1200&cw=2000&ch=1200&cg=Center&wtmk=http://ci.encar.com/wt_mark/w_mark_04.png&wtmkg=SouthEast&wtmkw=1&wtmkh=1&t=20240604163347
https://ci.encar.com/carpicture/carpicture08/pic4148/41480674_021.jpg?impolicy=heightRate&rh=1200&cw=2000&ch=1200&cg=Center&wtmk=http://ci.encar.com/wt_mark/w_mark_04.png&wtmkg=SouthEast&wtmkw=1&wtmkh=1&t=20240604163347
https://ci.encar.com/carpicture/carpicture08/pic4148/41480674_022.jpg?impolicy=heightRate&rh=1200&cw=2000&ch=1200&cg=Center&wtmk=http://ci.encar.com/wt_mark/w_mark_04.png&wtmkg=SouthEast&wtmkw=1&wtmkh=1&t=20240604163347"
"1770615655-2","https://avtokorea.by/search/","","https://avtokorea.by/avto/encar41480619/","Grandeur Hg Hg220 Diesel Modern ENCAR41480619																		
																	
																
																
																	

																		
																			
																		
																	
																
																																
																	
																		
																			
																				
																					2014","(≈ 9196.05 BYN)","V","3900000","Бензин","2.7","Автоматическая","2014","Hyundai","Grandeur","3035$","237000 километров","Автомобиль","d4hb","2.2","ENCAR41480619","","","https://ci.encar.com/carpicture/carpicture08/pic4148/41480619_001.jpg?impolicy=heightRate&rh=1200&cw=2000&ch=1200&cg=Center&wtmk=http://ci.encar.com/wt_mark/w_mark_04.png&wtmkg=SouthEast&wtmkw=1&wtmkh=1&t=20240604163347
https://ci.encar.com/carpicture/carpicture08/pic4148/41480619_002.jpg?impolicy=heightRate&rh=1200&cw=2000&ch=1200&cg=Center&wtmk=http://ci.encar.com/wt_mark/w_mark_04.png&wtmkg=SouthEast&wtmkw=1&wtmkh=1&t=20240604163347
https://ci.encar.com/carpicture/carpicture08/pic4148/41480619_003.jpg?impolicy=heightRate&rh=1200&cw=2000&ch=1200&cg=Center&wtmk=http://ci.encar.com/wt_mark/w_mark_04.png&wtmkg=SouthEast&wtmkw=1&wtmkh=1&t=20240604163347
https://ci.encar.com/carpicture/carpicture08/pic4148/41480619_004.jpg?impolicy=heightRate&rh=1200&cw=2000&ch=1200&cg=Center&wtmk=http://ci.encar.com/wt_mark/w_mark_04.png&wtmkg=SouthEast&wtmkw=1&wtmkh=1&t=20240604163347
https://ci.encar.com/carpicture/carpicture08/pic4148/41480619_005.jpg?impolicy=heightRate&rh=1200&cw=2000&ch=1200&cg=Center&wtmk=http://ci.encar.com/wt_mark/w_mark_04.png&wtmkg=SouthEast&wtmkw=1&wtmkh=1&t=20240604163347
https://ci.encar.com/carpicture/carpicture08/pic4148/41480619_006.jpg?impolicy=heightRate&rh=1200&cw=2000&ch=1200&cg=Center&wtmk=http://ci.encar.com/wt_mark/w_mark_04.png&wtmkg=SouthEast&wtmkw=1&wtmkh=1&t=20240604163347
https://ci.encar.com/carpicture/carpicture08/pic4148/41480619_007.jpg?impolicy=heightRate&rh=1200&cw=2000&ch=1200&cg=Center&wtmk=http://ci.encar.com/wt_mark/w_mark_04.png&wtmkg=SouthEast&wtmkw=1&wtmkh=1&t=20240604163347
https://ci.encar.com/carpicture/carpicture08/pic4148/41480619_008.jpg?impolicy=heightRate&rh=1200&cw=2000&ch=1200&cg=Center&wtmk=http://ci.encar.com/wt_mark/w_mark_04.png&wtmkg=SouthEast&wtmkw=1&wtmkh=1&t=20240604163347
https://ci.encar.com/carpicture/carpicture08/pic4148/41480619_009.jpg?impolicy=heightRate&rh=1200&cw=2000&ch=1200&cg=Center&wtmk=http://ci.encar.com/wt_mark/w_mark_04.png&wtmkg=SouthEast&wtmkw=1&wtmkh=1&t=20240604163347
https://ci.encar.com/carpicture/carpicture08/pic4148/41480619_010.jpg?impolicy=heightRate&rh=1200&cw=2000&ch=1200&cg=Center&wtmk=http://ci.encar.com/wt_mark/w_mark_04.png&wtmkg=SouthEast&wtmkw=1&wtmkh=1&t=20240604163347
https://ci.encar.com/carpicture/carpicture08/pic4148/41480619_015.jpg?impolicy=heightRate&rh=1200&cw=2000&ch=1200&cg=Center&wtmk=http://ci.encar.com/wt_mark/w_mark_04.png&wtmkg=SouthEast&wtmkw=1&wtmkh=1&t=20240604163347
https://ci.encar.com/carpicture/carpicture08/pic4148/41480619_016.jpg?impolicy=heightRate&rh=1200&cw=2000&ch=1200&cg=Center&wtmk=http://ci.encar.com/wt_mark/w_mark_04.png&wtmkg=SouthEast&wtmkw=1&wtmkh=1&t=20240604163347
https://ci.encar.com/carpicture/carpicture08/pic4148/41480619_017.jpg?impolicy=heightRate&rh=1200&cw=2000&ch=1200&cg=Center&wtmk=http://ci.encar.com/wt_mark/w_mark_04.png&wtmkg=SouthEast&wtmkw=1&wtmkh=1&t=20240604163347
https://ci.encar.com/carpicture/carpicture08/pic4148/41480619_018.jpg?impolicy=heightRate&rh=1200&cw=2000&ch=1200&cg=Center&wtmk=http://ci.encar.com/wt_mark/w_mark_04.png&wtmkg=SouthEast&wtmkw=1&wtmkh=1&t=20240604163347"
"1770615673-3","https://avtokorea.by/search/","","https://avtokorea.by/avto/encar41482314/","The New K3 2Nd Generation 1.6 Prestige ENCAR41482314																		
																	
																
																
																	

																		
																			
																		
																	
																
																																
																	
																		
																			
																				
																					2021","(≈ 36953.88 BYN)","2021","34933 километров","Бензин","1.6","Автоматическая","12196$","Kia","K3","17000000","Автомобиль","Белый","ENCAR41482314","Namdong-gu, Incheon, Корея","29.7.2021","","","https://ci.encar.com/carpicture/carpicture08/pic4148/41482314_001.jpg?impolicy=heightRate&rh=1200&cw=2000&ch=1200&cg=Center&wtmk=http://ci.encar.com/wt_mark/w_mark_04.png&wtmkg=SouthEast&wtmkw=1&wtmkh=1&t=20240604163347
https://ci.encar.com/carpicture/carpicture08/pic4148/41482314_002.jpg?impolicy=heightRate&rh=1200&cw=2000&ch=1200&cg=Center&wtmk=http://ci.encar.com/wt_mark/w_mark_04.png&wtmkg=SouthEast&wtmkw=1&wtmkh=1&t=20240604163347
https://ci.encar.com/carpicture/carpicture08/pic4148/41482314_003.jpg?impolicy=heightRate&rh=1200&cw=2000&ch=1200&cg=Center&wtmk=http://ci.encar.com/wt_mark/w_mark_04.png&wtmkg=SouthEast&wtmkw=1&wtmkh=1&t=20240604163347
https://ci.encar.com/carpicture/carpicture08/pic4148/41482314_004.jpg?impolicy=heightRate&rh=1200&cw=2000&ch=1200&cg=Center&wtmk=http://ci.encar.com/wt_mark/w_mark_04.png&wtmkg=SouthEast&wtmkw=1&wtmkh=1&t=20240604163347
https://ci.encar.com/carpicture/carpicture08/pic4148/41482314_005.jpg?impolicy=heightRate&rh=1200&cw=2000&ch=1200&cg=Center&wtmk=http://ci.encar.com/wt_mark/w_mark_04.png&wtmkg=SouthEast&wtmkw=1&wtmkh=1&t=20240604163347
https://ci.encar.com/carpicture/carpicture08/pic4148/41482314_006.jpg?impolicy=heightRate&rh=1200&cw=2000&ch=1200&cg=Center&wtmk=http://ci.encar.com/wt_mark/w_mark_04.png&wtmkg=SouthEast&wtmkw=1&wtmkh=1&t=20240604163347
https://ci.encar.com/carpicture/carpicture08/pic4148/41482314_007.jpg?impolicy=heightRate&rh=1200&cw=2000&ch=1200&cg=Center&wtmk=http://ci.encar.com/wt_mark/w_mark_04.png&wtmkg=SouthEast&wtmkw=1&wtmkh=1&t=20240604163347
https://ci.encar.com/carpicture/carpicture08/pic4148/41482314_008.jpg?impolicy=heightRate&rh=1200&cw=2000&ch=1200&cg=Center&wtmk=http://ci.encar.com/wt_mark/w_mark_04.png&wtmkg=SouthEast&wtmkw=1&wtmkh=1&t=20240604163347
https://ci.encar.com/carpicture/carpicture08/pic4148/41482314_009.jpg?impolicy=heightRate&rh=1200&cw=2000&ch=1200&cg=Center&wtmk=http://ci.encar.com/wt_mark/w_mark_04.png&wtmkg=SouthEast&wtmkw=1&wtmkh=1&t=20240604163347
https://ci.encar.com/carpicture/carpicture08/pic4148/41482314_010.jpg?impolicy=heightRate&rh=1200&cw=2000&ch=1200&cg=Center&wtmk=http://ci.encar.com/wt_mark/w_mark_04.png&wtmkg=SouthEast&wtmkw=1&wtmkh=1&t=20240604163347
https://ci.encar.com/carpicture/carpicture08/pic4148/41482314_015.jpg?impolicy=heightRate&rh=1200&cw=2000&ch=1200&cg=Center&wtmk=http://ci.encar.com/wt_mark/w_mark_04.png&wtmkg=SouthEast&wtmkw=1&wtmkh=1&t=20240604163347
https://ci.encar.com/carpicture/carpicture08/pic4148/41482314_016.jpg?impolicy=heightRate&rh=1200&cw=2000&ch=1200&cg=Center&wtmk=http://ci.encar.com/wt_mark/w_mark_04.png&wtmkg=SouthEast&wtmkw=1&wtmkh=1&t=20240604163347
https://ci.encar.com/carpicture/carpicture08/pic4148/41482314_017.jpg?impolicy=heightRate&rh=1200&cw=2000&ch=1200&cg=Center&wtmk=http://ci.encar.com/wt_mark/w_mark_04.png&wtmkg=SouthEast&wtmkw=1&wtmkh=1&t=20240604163347
https://ci.encar.com/carpicture/carpicture08/pic4148/41482314_018.jpg?impolicy=heightRate&rh=1200&cw=2000&ch=1200&cg=Center&wtmk=http://ci.encar.com/wt_mark/w_mark_04.png&wtmkg=SouthEast&wtmkw=1&wtmkh=1&t=20240604163347
https://ci.encar.com/carpicture/carpicture08/pic4148/41482314_019.jpg?impolicy=heightRate&rh=1200&cw=2000&ch=1200&cg=Center&wtmk=http://ci.encar.com/wt_mark/w_mark_04.png&wtmkg=SouthEast&wtmkw=1&wtmkh=1&t=20240604163347
https://ci.encar.com/carpicture/carpicture08/pic4148/41482314_020.jpg?impolicy=heightRate&rh=1200&cw=2000&ch=1200&cg=Center&wtmk=http://ci.encar.com/wt_mark/w_mark_04.png&wtmkg=SouthEast&wtmkw=1&wtmkh=1&t=20240604163347
https://ci.encar.com/carpicture/carpicture08/pic4148/41482314_021.jpg?impolicy=heightRate&rh=1200&cw=2000&ch=1200&cg=Center&wtmk=http://ci.encar.com/wt_mark/w_mark_04.png&wtmkg=SouthEast&wtmkw=1&wtmkh=1&t=20240604163347
https://ci.encar.com/carpicture/carpicture08/pic4148/41482314_022.jpg?impolicy=heightRate&rh=1200&cw=2000&ch=1200&cg=Center&wtmk=http://ci.encar.com/wt_mark/w_mark_04.png&wtmkg=SouthEast&wtmkw=1&wtmkh=1&t=20240604163347
https://ci.encar.com/carpicture/carpicture08/pic4148/41482314_023.jpg?impolicy=heightRate&rh=1200&cw=2000&ch=1200&cg=Center&wtmk=http://ci.encar.com/wt_mark/w_mark_04.png&wtmkg=SouthEast&wtmkw=1&wtmkh=1&t=20240604163347
https://ci.encar.com/carpicture/carpicture08/pic4148/41482314_024.jpg?impolicy=heightRate&rh=1200&cw=2000&ch=1200&cg=Center&wtmk=http://ci.encar.com/wt_mark/w_mark_04.png&wtmkg=SouthEast&wtmkw=1&wtmkh=1&t=20240604163347"
"1770615695-4","https://avtokorea.by/search/","","https://avtokorea.by/avto/kmtma81bbpu077413/","Gv70 2.5T Gasoline 2Wd KMTMA81BBPU077413																		
																	
																
																
																	

																		
																			
																		
																	
																
																																
																	
																		
																			
																				
																					2022","(≈ 70856.55 BYN)","2022","123211 километров","Бензин","2.5","Автоматическая","23385$","Genesis","GV70","33000000","Автомобиль","Белый","2.5","KMTMA81BBPU077413","Gyeonggi Province, Корея","korea","49.04 million won","https://ci.encar.com/carpicture/carpicture07/pic4147/41478937_001.jpg?impolicy=heightRate&rh=1200&cw=2000&ch=1200&cg=Center&wtmk=http://ci.encar.com/wt_mark/w_mark_04.png&wtmkg=SouthEast&wtmkw=1&wtmkh=1&t=20240604163347
https://ci.encar.com/carpicture/carpicture07/pic4147/41478937_002.jpg?impolicy=heightRate&rh=1200&cw=2000&ch=1200&cg=Center&wtmk=http://ci.encar.com/wt_mark/w_mark_04.png&wtmkg=SouthEast&wtmkw=1&wtmkh=1&t=20240604163347
https://ci.encar.com/carpicture/carpicture07/pic4147/41478937_003.jpg?impolicy=heightRate&rh=1200&cw=2000&ch=1200&cg=Center&wtmk=http://ci.encar.com/wt_mark/w_mark_04.png&wtmkg=SouthEast&wtmkw=1&wtmkh=1&t=20240604163347
https://ci.encar.com/carpicture/carpicture07/pic4147/41478937_004.jpg?impolicy=heightRate&rh=1200&cw=2000&ch=1200&cg=Center&wtmk=http://ci.encar.com/wt_mark/w_mark_04.png&wtmkg=SouthEast&wtmkw=1&wtmkh=1&t=20240604163347
https://ci.encar.com/carpicture/carpicture07/pic4147/41478937_005.jpg?impolicy=heightRate&rh=1200&cw=2000&ch=1200&cg=Center&wtmk=http://ci.encar.com/wt_mark/w_mark_04.png&wtmkg=SouthEast&wtmkw=1&wtmkh=1&t=20240604163347
https://ci.encar.com/carpicture/carpicture07/pic4147/41478937_006.jpg?impolicy=heightRate&rh=1200&cw=2000&ch=1200&cg=Center&wtmk=http://ci.encar.com/wt_mark/w_mark_04.png&wtmkg=SouthEast&wtmkw=1&wtmkh=1&t=20240604163347
https://ci.encar.com/carpicture/carpicture07/pic4147/41478937_007.jpg?impolicy=heightRate&rh=1200&cw=2000&ch=1200&cg=Center&wtmk=http://ci.encar.com/wt_mark/w_mark_04.png&wtmkg=SouthEast&wtmkw=1&wtmkh=1&t=20240604163347
https://ci.encar.com/carpicture/carpicture07/pic4147/41478937_008.jpg?impolicy=heightRate&rh=1200&cw=2000&ch=1200&cg=Center&wtmk=http://ci.encar.com/wt_mark/w_mark_04.png&wtmkg=SouthEast&wtmkw=1&wtmkh=1&t=20240604163347
https://ci.encar.com/carpicture/carpicture07/pic4147/41478937_009.jpg?impolicy=heightRate&rh=1200&cw=2000&ch=1200&cg=Center&wtmk=http://ci.encar.com/wt_mark/w_mark_04.png&wtmkg=SouthEast&wtmkw=1&wtmkh=1&t=20240604163347
https://ci.encar.com/carpicture/carpicture07/pic4147/41478937_010.jpg?impolicy=heightRate&rh=1200&cw=2000&ch=1200&cg=Center&wtmk=http://ci.encar.com/wt_mark/w_mark_04.png&wtmkg=SouthEast&wtmkw=1&wtmkh=1&t=20240604163347
https://ci.encar.com/carpicture/carpicture07/pic4147/41478937_015.jpg?impolicy=heightRate&rh=1200&cw=2000&ch=1200&cg=Center&wtmk=http://ci.encar.com/wt_mark/w_mark_04.png&wtmkg=SouthEast&wtmkw=1&wtmkh=1&t=20240604163347
https://ci.encar.com/carpicture/carpicture07/pic4147/41478937_016.jpg?impolicy=heightRate&rh=1200&cw=2000&ch=1200&cg=Center&wtmk=http://ci.encar.com/wt_mark/w_mark_04.png&wtmkg=SouthEast&wtmkw=1&wtmkh=1&t=20240604163347
https://ci.encar.com/carpicture/carpicture07/pic4147/41478937_017.jpg?impolicy=heightRate&rh=1200&cw=2000&ch=1200&cg=Center&wtmk=http://ci.encar.com/wt_mark/w_mark_04.png&wtmkg=SouthEast&wtmkw=1&wtmkh=1&t=20240604163347
https://ci.encar.com/carpicture/carpicture07/pic4147/41478937_018.jpg?impolicy=heightRate&rh=1200&cw=2000&ch=1200&cg=Center&wtmk=http://ci.encar.com/wt_mark/w_mark_04.png&wtmkg=SouthEast&wtmkw=1&wtmkh=1&t=20240604163347
https://ci.encar.com/carpicture/carpicture07/pic4147/41478937_019.jpg?impolicy=heightRate&rh=1200&cw=2000&ch=1200&cg=Center&wtmk=http://ci.encar.com/wt_mark/w_mark_04.png&wtmkg=SouthEast&wtmkw=1&wtmkh=1&t=20240604163347
https://ci.encar.com/carpicture/carpicture07/pic4147/41478937_020.jpg?impolicy=heightRate&rh=1200&cw=2000&ch=1200&cg=Center&wtmk=http://ci.encar.com/wt_mark/w_mark_04.png&wtmkg=SouthEast&wtmkw=1&wtmkh=1&t=20240604163347
https://ci.encar.com/carpicture/carpicture07/pic4147/41478937_021.jpg?impolicy=heightRate&rh=1200&cw=2000&ch=1200&cg=Center&wtmk=http://ci.encar.com/wt_mark/w_mark_04.png&wtmkg=SouthEast&wtmkw=1&wtmkh=1&t=20240604163347
https://ci.encar.com/carpicture/carpicture07/pic4147/41478937_022.jpg?impolicy=heightRate&rh=1200&cw=2000&ch=1200&cg=Center&wtmk=http://ci.encar.com/wt_mark/w_mark_04.png&wtmkg=SouthEast&wtmkw=1&wtmkh=1&t=20240604163347
https://ci.encar.com/carpicture/carpicture07/pic4147/41478937_023.jpg?impolicy=heightRate&rh=1200&cw=2000&ch=1200&cg=Center&wtmk=http://ci.encar.com/wt_mark/w_mark_04.png&wtmkg=SouthEast&wtmkw=1&wtmkh=1&t=20240604163347
https://ci.encar.com/carpicture/carpicture07/pic4147/41478937_024.jpg?impolicy=heightRate&rh=1200&cw=2000&ch=1200&cg=Center&wtmk=http://ci.encar.com/wt_mark/w_mark_04.png&wtmkg=SouthEast&wtmkw=1&wtmkh=1&t=20240604163347"
"1770615718-5","https://avtokorea.by/search/","","https://avtokorea.by/avto/encar41480155/","Avante Md M16 Gdi Premier ENCAR41480155																		
																	
																
																
																	

																		
																			
																		
																	
																
																																
																	
																		
																			
																				
																					2010","(≈ 10468.65 BYN)","V","4500000","Бензин","1.6","Автоматическая","2010","Hyundai","Avante","3455$","160000 километров","Автомобиль","1.6","ENCAR41480155","chief mourner, Корея","","","https://ci.encar.com/carpicture/carpicture08/pic4148/41480155_001.jpg?impolicy=heightRate&rh=1200&cw=2000&ch=1200&cg=Center&wtmk=http://ci.encar.com/wt_mark/w_mark_04.png&wtmkg=SouthEast&wtmkw=1&wtmkh=1&t=20240604163347
https://ci.encar.com/carpicture/carpicture08/pic4148/41480155_002.jpg?impolicy=heightRate&rh=1200&cw=2000&ch=1200&cg=Center&wtmk=http://ci.encar.com/wt_mark/w_mark_04.png&wtmkg=SouthEast&wtmkw=1&wtmkh=1&t=20240604163347
https://ci.encar.com/carpicture/carpicture08/pic4148/41480155_003.jpg?impolicy=heightRate&rh=1200&cw=2000&ch=1200&cg=Center&wtmk=http://ci.encar.com/wt_mark/w_mark_04.png&wtmkg=SouthEast&wtmkw=1&wtmkh=1&t=20240604163347
https://ci.encar.com/carpicture/carpicture08/pic4148/41480155_004.jpg?impolicy=heightRate&rh=1200&cw=2000&ch=1200&cg=Center&wtmk=http://ci.encar.com/wt_mark/w_mark_04.png&wtmkg=SouthEast&wtmkw=1&wtmkh=1&t=20240604163347
https://ci.encar.com/carpicture/carpicture08/pic4148/41480155_005.jpg?impolicy=heightRate&rh=1200&cw=2000&ch=1200&cg=Center&wtmk=http://ci.encar.com/wt_mark/w_mark_04.png&wtmkg=SouthEast&wtmkw=1&wtmkh=1&t=20240604163347
https://ci.encar.com/carpicture/carpicture08/pic4148/41480155_006.jpg?impolicy=heightRate&rh=1200&cw=2000&ch=1200&cg=Center&wtmk=http://ci.encar.com/wt_mark/w_mark_04.png&wtmkg=SouthEast&wtmkw=1&wtmkh=1&t=20240604163347
https://ci.encar.com/carpicture/carpicture08/pic4148/41480155_007.jpg?impolicy=heightRate&rh=1200&cw=2000&ch=1200&cg=Center&wtmk=http://ci.encar.com/wt_mark/w_mark_04.png&wtmkg=SouthEast&wtmkw=1&wtmkh=1&t=20240604163347
https://ci.encar.com/carpicture/carpicture08/pic4148/41480155_008.jpg?impolicy=heightRate&rh=1200&cw=2000&ch=1200&cg=Center&wtmk=http://ci.encar.com/wt_mark/w_mark_04.png&wtmkg=SouthEast&wtmkw=1&wtmkh=1&t=20240604163347
https://ci.encar.com/carpicture/carpicture08/pic4148/41480155_009.jpg?impolicy=heightRate&rh=1200&cw=2000&ch=1200&cg=Center&wtmk=http://ci.encar.com/wt_mark/w_mark_04.png&wtmkg=SouthEast&wtmkw=1&wtmkh=1&t=20240604163347
https://ci.encar.com/carpicture/carpicture08/pic4148/41480155_010.jpg?impolicy=heightRate&rh=1200&cw=2000&ch=1200&cg=Center&wtmk=http://ci.encar.com/wt_mark/w_mark_04.png&wtmkg=SouthEast&wtmkw=1&wtmkh=1&t=20240604163347
https://ci.encar.com/carpicture/carpicture08/pic4148/41480155_015.jpg?impolicy=heightRate&rh=1200&cw=2000&ch=1200&cg=Center&wtmk=http://ci.encar.com/wt_mark/w_mark_04.png&wtmkg=SouthEast&wtmkw=1&wtmkh=1&t=20240604163347
https://ci.encar.com/carpicture/carpicture08/pic4148/41480155_016.jpg?impolicy=heightRate&rh=1200&cw=2000&ch=1200&cg=Center&wtmk=http://ci.encar.com/wt_mark/w_mark_04.png&wtmkg=SouthEast&wtmkw=1&wtmkh=1&t=20240604163347
https://ci.encar.com/carpicture/carpicture08/pic4148/41480155_017.jpg?impolicy=heightRate&rh=1200&cw=2000&ch=1200&cg=Center&wtmk=http://ci.encar.com/wt_mark/w_mark_04.png&wtmkg=SouthEast&wtmkw=1&wtmkh=1&t=20240604163347
https://ci.encar.com/carpicture/carpicture08/pic4148/41480155_018.jpg?impolicy=heightRate&rh=1200&cw=2000&ch=1200&cg=Center&wtmk=http://ci.encar.com/wt_mark/w_mark_04.png&wtmkg=SouthEast&wtmkw=1&wtmkh=1&t=20240604163347
https://ci.encar.com/carpicture/carpicture08/pic4148/41480155_019.jpg?impolicy=heightRate&rh=1200&cw=2000&ch=1200&cg=Center&wtmk=http://ci.encar.com/wt_mark/w_mark_04.png&wtmkg=SouthEast&wtmkw=1&wtmkh=1&t=20240604163347"
"1770615741-6","https://avtokorea.by/search/","","https://avtokorea.by/avto/knakr814dea126416/","Mojave 4Wd Kv300 KNAKR814DEA126416																		
																	
																
																
																	

																		
																			
																		
																	
																
																																
																	
																		
																			
																				
																					2014","(≈ 24876.3 BYN)","2014","159723 километров","Дизель","3.0","Автоматическая","8210$","Kia","Mohave (Borrego)","11300000","Автомобиль","Черный","3.0","KNAKR814DEA126416","Gwonseon-gu, Suwon-si, Gyeonggi-do, Корея","korea","No information","https://ci.encar.com/carpicture/carpicture07/pic4147/41479754_001.jpg?impolicy=heightRate&rh=1200&cw=2000&ch=1200&cg=Center&wtmk=http://ci.encar.com/wt_mark/w_mark_04.png&wtmkg=SouthEast&wtmkw=1&wtmkh=1&t=20240604163347
https://ci.encar.com/carpicture/carpicture07/pic4147/41479754_002.jpg?impolicy=heightRate&rh=1200&cw=2000&ch=1200&cg=Center&wtmk=http://ci.encar.com/wt_mark/w_mark_04.png&wtmkg=SouthEast&wtmkw=1&wtmkh=1&t=20240604163347
https://ci.encar.com/carpicture/carpicture07/pic4147/41479754_003.jpg?impolicy=heightRate&rh=1200&cw=2000&ch=1200&cg=Center&wtmk=http://ci.encar.com/wt_mark/w_mark_04.png&wtmkg=SouthEast&wtmkw=1&wtmkh=1&t=20240604163347
https://ci.encar.com/carpicture/carpicture07/pic4147/41479754_004.jpg?impolicy=heightRate&rh=1200&cw=2000&ch=1200&cg=Center&wtmk=http://ci.encar.com/wt_mark/w_mark_04.png&wtmkg=SouthEast&wtmkw=1&wtmkh=1&t=20240604163347
https://ci.encar.com/carpicture/carpicture07/pic4147/41479754_005.jpg?impolicy=heightRate&rh=1200&cw=2000&ch=1200&cg=Center&wtmk=http://ci.encar.com/wt_mark/w_mark_04.png&wtmkg=SouthEast&wtmkw=1&wtmkh=1&t=20240604163347
https://ci.encar.com/carpicture/carpicture07/pic4147/41479754_006.jpg?impolicy=heightRate&rh=1200&cw=2000&ch=1200&cg=Center&wtmk=http://ci.encar.com/wt_mark/w_mark_04.png&wtmkg=SouthEast&wtmkw=1&wtmkh=1&t=20240604163347
https://ci.encar.com/carpicture/carpicture07/pic4147/41479754_007.jpg?impolicy=heightRate&rh=1200&cw=2000&ch=1200&cg=Center&wtmk=http://ci.encar.com/wt_mark/w_mark_04.png&wtmkg=SouthEast&wtmkw=1&wtmkh=1&t=20240604163347
https://ci.encar.com/carpicture/carpicture07/pic4147/41479754_008.jpg?impolicy=heightRate&rh=1200&cw=2000&ch=1200&cg=Center&wtmk=http://ci.encar.com/wt_mark/w_mark_04.png&wtmkg=SouthEast&wtmkw=1&wtmkh=1&t=20240604163347
https://ci.encar.com/carpicture/carpicture07/pic4147/41479754_009.jpg?impolicy=heightRate&rh=1200&cw=2000&ch=1200&cg=Center&wtmk=http://ci.encar.com/wt_mark/w_mark_04.png&wtmkg=SouthEast&wtmkw=1&wtmkh=1&t=20240604163347
https://ci.encar.com/carpicture/carpicture07/pic4147/41479754_010.jpg?impolicy=heightRate&rh=1200&cw=2000&ch=1200&cg=Center&wtmk=http://ci.encar.com/wt_mark/w_mark_04.png&wtmkg=SouthEast&wtmkw=1&wtmkh=1&t=20240604163347
https://ci.encar.com/carpicture/carpicture07/pic4147/41479754_015.jpg?impolicy=heightRate&rh=1200&cw=2000&ch=1200&cg=Center&wtmk=http://ci.encar.com/wt_mark/w_mark_04.png&wtmkg=SouthEast&wtmkw=1&wtmkh=1&t=20240604163347
https://ci.encar.com/carpicture/carpicture07/pic4147/41479754_016.jpg?impolicy=heightRate&rh=1200&cw=2000&ch=1200&cg=Center&wtmk=http://ci.encar.com/wt_mark/w_mark_04.png&wtmkg=SouthEast&wtmkw=1&wtmkh=1&t=20240604163347
https://ci.encar.com/carpicture/carpicture07/pic4147/41479754_017.jpg?impolicy=heightRate&rh=1200&cw=2000&ch=1200&cg=Center&wtmk=http://ci.encar.com/wt_mark/w_mark_04.png&wtmkg=SouthEast&wtmkw=1&wtmkh=1&t=20240604163347
https://ci.encar.com/carpicture/carpicture07/pic4147/41479754_018.jpg?impolicy=heightRate&rh=1200&cw=2000&ch=1200&cg=Center&wtmk=http://ci.encar.com/wt_mark/w_mark_04.png&wtmkg=SouthEast&wtmkw=1&wtmkh=1&t=20240604163347
https://ci.encar.com/carpicture/carpicture07/pic4147/41479754_019.jpg?impolicy=heightRate&rh=1200&cw=2000&ch=1200&cg=Center&wtmk=http://ci.encar.com/wt_mark/w_mark_04.png&wtmkg=SouthEast&wtmkw=1&wtmkh=1&t=20240604163347
https://ci.encar.com/carpicture/carpicture07/pic4147/41479754_020.jpg?impolicy=heightRate&rh=1200&cw=2000&ch=1200&cg=Center&wtmk=http://ci.encar.com/wt_mark/w_mark_04.png&wtmkg=SouthEast&wtmkw=1&wtmkh=1&t=20240604163347
https://ci.encar.com/carpicture/carpicture07/pic4147/41479754_021.jpg?impolicy=heightRate&rh=1200&cw=2000&ch=1200&cg=Center&wtmk=http://ci.encar.com/wt_mark/w_mark_04.png&wtmkg=SouthEast&wtmkw=1&wtmkh=1&t=20240604163347
https://ci.encar.com/carpicture/carpicture07/pic4147/41479754_022.jpg?impolicy=heightRate&rh=1200&cw=2000&ch=1200&cg=Center&wtmk=http://ci.encar.com/wt_mark/w_mark_04.png&wtmkg=SouthEast&wtmkw=1&wtmkh=1&t=20240604163347
https://ci.encar.com/carpicture/carpicture07/pic4147/41479754_023.jpg?impolicy=heightRate&rh=1200&cw=2000&ch=1200&cg=Center&wtmk=http://ci.encar.com/wt_mark/w_mark_04.png&wtmkg=SouthEast&wtmkw=1&wtmkh=1&t=20240604163347
https://ci.encar.com/carpicture/carpicture07/pic4147/41479754_024.jpg?impolicy=heightRate&rh=1200&cw=2000&ch=1200&cg=Center&wtmk=http://ci.encar.com/wt_mark/w_mark_04.png&wtmkg=SouthEast&wtmkw=1&wtmkh=1&t=20240604163347"
"1770615763-7","https://avtokorea.by/search/","","https://avtokorea.by/avto/knarh81bgma049288/","Sorento 4Th Generation Diesel 2.2 2Wd Noblesse KNARH81BGMA049288																		
																	
																
																
																	

																		
																			
																		
																	
																
																																
																	
																		
																			
																				
																					2020","(≈ 55812.6 BYN)","IV","25900000","Дизель","2.2","Автоматическая","2020","Kia","Sorento","18420$","99516 километров","Автомобиль","D4HE","2.2","KNARH81BGMA049288","","","https://ci.encar.com/carpicture/carpicture08/pic4148/41480434_001.jpg?impolicy=heightRate&rh=1200&cw=2000&ch=1200&cg=Center&wtmk=http://ci.encar.com/wt_mark/w_mark_04.png&wtmkg=SouthEast&wtmkw=1&wtmkh=1&t=20240604163347
https://ci.encar.com/carpicture/carpicture08/pic4148/41480434_002.jpg?impolicy=heightRate&rh=1200&cw=2000&ch=1200&cg=Center&wtmk=http://ci.encar.com/wt_mark/w_mark_04.png&wtmkg=SouthEast&wtmkw=1&wtmkh=1&t=20240604163347
https://ci.encar.com/carpicture/carpicture08/pic4148/41480434_003.jpg?impolicy=heightRate&rh=1200&cw=2000&ch=1200&cg=Center&wtmk=http://ci.encar.com/wt_mark/w_mark_04.png&wtmkg=SouthEast&wtmkw=1&wtmkh=1&t=20240604163347
https://ci.encar.com/carpicture/carpicture08/pic4148/41480434_004.jpg?impolicy=heightRate&rh=1200&cw=2000&ch=1200&cg=Center&wtmk=http://ci.encar.com/wt_mark/w_mark_04.png&wtmkg=SouthEast&wtmkw=1&wtmkh=1&t=20240604163347
https://ci.encar.com/carpicture/carpicture08/pic4148/41480434_005.jpg?impolicy=heightRate&rh=1200&cw=2000&ch=1200&cg=Center&wtmk=http://ci.encar.com/wt_mark/w_mark_04.png&wtmkg=SouthEast&wtmkw=1&wtmkh=1&t=20240604163347
https://ci.encar.com/carpicture/carpicture08/pic4148/41480434_006.jpg?impolicy=heightRate&rh=1200&cw=2000&ch=1200&cg=Center&wtmk=http://ci.encar.com/wt_mark/w_mark_04.png&wtmkg=SouthEast&wtmkw=1&wtmkh=1&t=20240604163347
https://ci.encar.com/carpicture/carpicture08/pic4148/41480434_007.jpg?impolicy=heightRate&rh=1200&cw=2000&ch=1200&cg=Center&wtmk=http://ci.encar.com/wt_mark/w_mark_04.png&wtmkg=SouthEast&wtmkw=1&wtmkh=1&t=20240604163347
https://ci.encar.com/carpicture/carpicture08/pic4148/41480434_008.jpg?impolicy=heightRate&rh=1200&cw=2000&ch=1200&cg=Center&wtmk=http://ci.encar.com/wt_mark/w_mark_04.png&wtmkg=SouthEast&wtmkw=1&wtmkh=1&t=20240604163347
https://ci.encar.com/carpicture/carpicture08/pic4148/41480434_009.jpg?impolicy=heightRate&rh=1200&cw=2000&ch=1200&cg=Center&wtmk=http://ci.encar.com/wt_mark/w_mark_04.png&wtmkg=SouthEast&wtmkw=1&wtmkh=1&t=20240604163347
https://ci.encar.com/carpicture/carpicture08/pic4148/41480434_010.jpg?impolicy=heightRate&rh=1200&cw=2000&ch=1200&cg=Center&wtmk=http://ci.encar.com/wt_mark/w_mark_04.png&wtmkg=SouthEast&wtmkw=1&wtmkh=1&t=20240604163347
https://ci.encar.com/carpicture/carpicture08/pic4148/41480434_015.jpg?impolicy=heightRate&rh=1200&cw=2000&ch=1200&cg=Center&wtmk=http://ci.encar.com/wt_mark/w_mark_04.png&wtmkg=SouthEast&wtmkw=1&wtmkh=1&t=20240604163347
https://ci.encar.com/carpicture/carpicture08/pic4148/41480434_016.jpg?impolicy=heightRate&rh=1200&cw=2000&ch=1200&cg=Center&wtmk=http://ci.encar.com/wt_mark/w_mark_04.png&wtmkg=SouthEast&wtmkw=1&wtmkh=1&t=20240604163347
https://ci.encar.com/carpicture/carpicture08/pic4148/41480434_017.jpg?impolicy=heightRate&rh=1200&cw=2000&ch=1200&cg=Center&wtmk=http://ci.encar.com/wt_mark/w_mark_04.png&wtmkg=SouthEast&wtmkw=1&wtmkh=1&t=20240604163347
https://ci.encar.com/carpicture/carpicture08/pic4148/41480434_018.jpg?impolicy=heightRate&rh=1200&cw=2000&ch=1200&cg=Center&wtmk=http://ci.encar.com/wt_mark/w_mark_04.png&wtmkg=SouthEast&wtmkw=1&wtmkh=1&t=20240604163347
https://ci.encar.com/carpicture/carpicture08/pic4148/41480434_019.jpg?impolicy=heightRate&rh=1200&cw=2000&ch=1200&cg=Center&wtmk=http://ci.encar.com/wt_mark/w_mark_04.png&wtmkg=SouthEast&wtmkw=1&wtmkh=1&t=20240604163347
https://ci.encar.com/carpicture/carpicture08/pic4148/41480434_020.jpg?impolicy=heightRate&rh=1200&cw=2000&ch=1200&cg=Center&wtmk=http://ci.encar.com/wt_mark/w_mark_04.png&wtmkg=SouthEast&wtmkw=1&wtmkh=1&t=20240604163347
https://ci.encar.com/carpicture/carpicture08/pic4148/41480434_021.jpg?impolicy=heightRate&rh=1200&cw=2000&ch=1200&cg=Center&wtmk=http://ci.encar.com/wt_mark/w_mark_04.png&wtmkg=SouthEast&wtmkw=1&wtmkh=1&t=20240604163347
https://ci.encar.com/carpicture/carpicture08/pic4148/41480434_022.jpg?impolicy=heightRate&rh=1200&cw=2000&ch=1200&cg=Center&wtmk=http://ci.encar.com/wt_mark/w_mark_04.png&wtmkg=SouthEast&wtmkw=1&wtmkh=1&t=20240604163347
https://ci.encar.com/carpicture/carpicture08/pic4148/41480434_023.jpg?impolicy=heightRate&rh=1200&cw=2000&ch=1200&cg=Center&wtmk=http://ci.encar.com/wt_mark/w_mark_04.png&wtmkg=SouthEast&wtmkw=1&wtmkh=1&t=20240604163347
https://ci.encar.com/carpicture/carpicture08/pic4148/41480434_024.jpg?impolicy=heightRate&rh=1200&cw=2000&ch=1200&cg=Center&wtmk=http://ci.encar.com/wt_mark/w_mark_04.png&wtmkg=SouthEast&wtmkw=1&wtmkh=1&t=20240604163347"
"1770615785-8","https://avtokorea.by/search/","","https://avtokorea.by/avto/encar41482229/","All New Morning (Ja) Luxury ENCAR41482229																		
																	
																
																
																	

																		
																			
																		
																	
																
																																
																	
																		
																			
																				
																					2017","(≈ 16613.49 BYN)","2017","90074 километров","Бензин","1.0","Автоматическая","5483$","Kia","Morning","7400000","Автомобиль","Серый","1.0","ENCAR41482229","Daejeon, Корея","","","https://ci.encar.com/carpicture/carpicture08/pic4148/41482229_001.jpg?impolicy=heightRate&rh=1200&cw=2000&ch=1200&cg=Center&wtmk=http://ci.encar.com/wt_mark/w_mark_04.png&wtmkg=SouthEast&wtmkw=1&wtmkh=1&t=20240604163347
https://ci.encar.com/carpicture/carpicture08/pic4148/41482229_002.jpg?impolicy=heightRate&rh=1200&cw=2000&ch=1200&cg=Center&wtmk=http://ci.encar.com/wt_mark/w_mark_04.png&wtmkg=SouthEast&wtmkw=1&wtmkh=1&t=20240604163347
https://ci.encar.com/carpicture/carpicture08/pic4148/41482229_003.jpg?impolicy=heightRate&rh=1200&cw=2000&ch=1200&cg=Center&wtmk=http://ci.encar.com/wt_mark/w_mark_04.png&wtmkg=SouthEast&wtmkw=1&wtmkh=1&t=20240604163347
https://ci.encar.com/carpicture/carpicture08/pic4148/41482229_004.jpg?impolicy=heightRate&rh=1200&cw=2000&ch=1200&cg=Center&wtmk=http://ci.encar.com/wt_mark/w_mark_04.png&wtmkg=SouthEast&wtmkw=1&wtmkh=1&t=20240604163347
https://ci.encar.com/carpicture/carpicture08/pic4148/41482229_005.jpg?impolicy=heightRate&rh=1200&cw=2000&ch=1200&cg=Center&wtmk=http://ci.encar.com/wt_mark/w_mark_04.png&wtmkg=SouthEast&wtmkw=1&wtmkh=1&t=20240604163347
https://ci.encar.com/carpicture/carpicture08/pic4148/41482229_006.jpg?impolicy=heightRate&rh=1200&cw=2000&ch=1200&cg=Center&wtmk=http://ci.encar.com/wt_mark/w_mark_04.png&wtmkg=SouthEast&wtmkw=1&wtmkh=1&t=20240604163347
https://ci.encar.com/carpicture/carpicture08/pic4148/41482229_007.jpg?impolicy=heightRate&rh=1200&cw=2000&ch=1200&cg=Center&wtmk=http://ci.encar.com/wt_mark/w_mark_04.png&wtmkg=SouthEast&wtmkw=1&wtmkh=1&t=20240604163347
https://ci.encar.com/carpicture/carpicture08/pic4148/41482229_008.jpg?impolicy=heightRate&rh=1200&cw=2000&ch=1200&cg=Center&wtmk=http://ci.encar.com/wt_mark/w_mark_04.png&wtmkg=SouthEast&wtmkw=1&wtmkh=1&t=20240604163347
https://ci.encar.com/carpicture/carpicture08/pic4148/41482229_009.jpg?impolicy=heightRate&rh=1200&cw=2000&ch=1200&cg=Center&wtmk=http://ci.encar.com/wt_mark/w_mark_04.png&wtmkg=SouthEast&wtmkw=1&wtmkh=1&t=20240604163347
https://ci.encar.com/carpicture/carpicture08/pic4148/41482229_010.jpg?impolicy=heightRate&rh=1200&cw=2000&ch=1200&cg=Center&wtmk=http://ci.encar.com/wt_mark/w_mark_04.png&wtmkg=SouthEast&wtmkw=1&wtmkh=1&t=20240604163347
https://ci.encar.com/carpicture/carpicture08/pic4148/41482229_015.jpg?impolicy=heightRate&rh=1200&cw=2000&ch=1200&cg=Center&wtmk=http://ci.encar.com/wt_mark/w_mark_04.png&wtmkg=SouthEast&wtmkw=1&wtmkh=1&t=20240604163347
https://ci.encar.com/carpicture/carpicture08/pic4148/41482229_016.jpg?impolicy=heightRate&rh=1200&cw=2000&ch=1200&cg=Center&wtmk=http://ci.encar.com/wt_mark/w_mark_04.png&wtmkg=SouthEast&wtmkw=1&wtmkh=1&t=20240604163347
https://ci.encar.com/carpicture/carpicture08/pic4148/41482229_017.jpg?impolicy=heightRate&rh=1200&cw=2000&ch=1200&cg=Center&wtmk=http://ci.encar.com/wt_mark/w_mark_04.png&wtmkg=SouthEast&wtmkw=1&wtmkh=1&t=20240604163347
https://ci.encar.com/carpicture/carpicture08/pic4148/41482229_018.jpg?impolicy=heightRate&rh=1200&cw=2000&ch=1200&cg=Center&wtmk=http://ci.encar.com/wt_mark/w_mark_04.png&wtmkg=SouthEast&wtmkw=1&wtmkh=1&t=20240604163347
https://ci.encar.com/carpicture/carpicture08/pic4148/41482229_019.jpg?impolicy=heightRate&rh=1200&cw=2000&ch=1200&cg=Center&wtmk=http://ci.encar.com/wt_mark/w_mark_04.png&wtmkg=SouthEast&wtmkw=1&wtmkh=1&t=20240604163347
https://ci.encar.com/carpicture/carpicture08/pic4148/41482229_020.jpg?impolicy=heightRate&rh=1200&cw=2000&ch=1200&cg=Center&wtmk=http://ci.encar.com/wt_mark/w_mark_04.png&wtmkg=SouthEast&wtmkw=1&wtmkh=1&t=20240604163347
https://ci.encar.com/carpicture/carpicture08/pic4148/41482229_021.jpg?impolicy=heightRate&rh=1200&cw=2000&ch=1200&cg=Center&wtmk=http://ci.encar.com/wt_mark/w_mark_04.png&wtmkg=SouthEast&wtmkw=1&wtmkh=1&t=20240604163347
https://ci.encar.com/carpicture/carpicture08/pic4148/41482229_022.jpg?impolicy=heightRate&rh=1200&cw=2000&ch=1200&cg=Center&wtmk=http://ci.encar.com/wt_mark/w_mark_04.png&wtmkg=SouthEast&wtmkw=1&wtmkh=1&t=20240604163347
https://ci.encar.com/carpicture/carpicture08/pic4148/41482229_023.jpg?impolicy=heightRate&rh=1200&cw=2000&ch=1200&cg=Center&wtmk=http://ci.encar.com/wt_mark/w_mark_04.png&wtmkg=SouthEast&wtmkw=1&wtmkh=1&t=20240604163347
https://ci.encar.com/carpicture/carpicture08/pic4148/41482229_024.jpg?impolicy=heightRate&rh=1200&cw=2000&ch=1200&cg=Center&wtmk=http://ci.encar.com/wt_mark/w_mark_04.png&wtmkg=SouthEast&wtmkw=1&wtmkh=1&t=20240604163347"
"1770615821-9","https://avtokorea.by/search/","","https://avtokorea.by/avto/wba31dp0xr9v70567/","X3 (G01) xDrive 20I M Sports WBA31DP0XR9V70567																		
																	
																
																
																	

																		
																			
																		
																	
																
																																
																	
																		
																			
																				
																					2024","(≈ 128702.28 BYN)","III (G01)","60300000","Дизель","2.0","Автоматическая","2024","BMW","X3","42476$","26725 километров","Автомобиль","B46B20B","2.0","WBA31DP0XR9V70567","No information","73.4 million won","https://ci.encar.com/carpicture/carpicture07/pic4147/41479959_001.jpg?impolicy=heightRate&rh=1200&cw=2000&ch=1200&cg=Center&wtmk=http://ci.encar.com/wt_mark/w_mark_04.png&wtmkg=SouthEast&wtmkw=1&wtmkh=1&t=20240604163347
https://ci.encar.com/carpicture/carpicture07/pic4147/41479959_002.jpg?impolicy=heightRate&rh=1200&cw=2000&ch=1200&cg=Center&wtmk=http://ci.encar.com/wt_mark/w_mark_04.png&wtmkg=SouthEast&wtmkw=1&wtmkh=1&t=20240604163347
https://ci.encar.com/carpicture/carpicture07/pic4147/41479959_003.jpg?impolicy=heightRate&rh=1200&cw=2000&ch=1200&cg=Center&wtmk=http://ci.encar.com/wt_mark/w_mark_04.png&wtmkg=SouthEast&wtmkw=1&wtmkh=1&t=20240604163347
https://ci.encar.com/carpicture/carpicture07/pic4147/41479959_004.jpg?impolicy=heightRate&rh=1200&cw=2000&ch=1200&cg=Center&wtmk=http://ci.encar.com/wt_mark/w_mark_04.png&wtmkg=SouthEast&wtmkw=1&wtmkh=1&t=20240604163347
https://ci.encar.com/carpicture/carpicture07/pic4147/41479959_005.jpg?impolicy=heightRate&rh=1200&cw=2000&ch=1200&cg=Center&wtmk=http://ci.encar.com/wt_mark/w_mark_04.png&wtmkg=SouthEast&wtmkw=1&wtmkh=1&t=20240604163347
https://ci.encar.com/carpicture/carpicture07/pic4147/41479959_006.jpg?impolicy=heightRate&rh=1200&cw=2000&ch=1200&cg=Center&wtmk=http://ci.encar.com/wt_mark/w_mark_04.png&wtmkg=SouthEast&wtmkw=1&wtmkh=1&t=20240604163347
https://ci.encar.com/carpicture/carpicture07/pic4147/41479959_007.jpg?impolicy=heightRate&rh=1200&cw=2000&ch=1200&cg=Center&wtmk=http://ci.encar.com/wt_mark/w_mark_04.png&wtmkg=SouthEast&wtmkw=1&wtmkh=1&t=20240604163347
https://ci.encar.com/carpicture/carpicture07/pic4147/41479959_008.jpg?impolicy=heightRate&rh=1200&cw=2000&ch=1200&cg=Center&wtmk=http://ci.encar.com/wt_mark/w_mark_04.png&wtmkg=SouthEast&wtmkw=1&wtmkh=1&t=20240604163347
https://ci.encar.com/carpicture/carpicture07/pic4147/41479959_009.jpg?impolicy=heightRate&rh=1200&cw=2000&ch=1200&cg=Center&wtmk=http://ci.encar.com/wt_mark/w_mark_04.png&wtmkg=SouthEast&wtmkw=1&wtmkh=1&t=20240604163347
https://ci.encar.com/carpicture/carpicture07/pic4147/41479959_010.jpg?impolicy=heightRate&rh=1200&cw=2000&ch=1200&cg=Center&wtmk=http://ci.encar.com/wt_mark/w_mark_04.png&wtmkg=SouthEast&wtmkw=1&wtmkh=1&t=20240604163347
https://ci.encar.com/carpicture/carpicture07/pic4147/41479959_015.jpg?impolicy=heightRate&rh=1200&cw=2000&ch=1200&cg=Center&wtmk=http://ci.encar.com/wt_mark/w_mark_04.png&wtmkg=SouthEast&wtmkw=1&wtmkh=1&t=20240604163347"
"1770615866-10","https://avtokorea.by/search/","","https://avtokorea.by/avto/kmhe341dbfa102876/","Lf Sonata Lpi Smart KMHE341DBFA102876																		
																	
																
																
																	

																		
																			
																		
																	
																
																																
																	
																		
																			
																				
																					2015","(≈ 14704.59 BYN)","VII (LF)","6500000","Бензин","2.0","Автоматическая","2015","Hyundai","Sonata","4853$","141108 километров","Автомобиль","L4NA","2.0","KMHE341DBFA102876","No information","18.6 million won","https://ci.encar.com/carpicture/carpicture07/pic4147/41477095_001.jpg?impolicy=heightRate&rh=1200&cw=2000&ch=1200&cg=Center&wtmk=http://ci.encar.com/wt_mark/w_mark_04.png&wtmkg=SouthEast&wtmkw=1&wtmkh=1&t=20240604163347
https://ci.encar.com/carpicture/carpicture07/pic4147/41477095_002.jpg?impolicy=heightRate&rh=1200&cw=2000&ch=1200&cg=Center&wtmk=http://ci.encar.com/wt_mark/w_mark_04.png&wtmkg=SouthEast&wtmkw=1&wtmkh=1&t=20240604163347
https://ci.encar.com/carpicture/carpicture07/pic4147/41477095_003.jpg?impolicy=heightRate&rh=1200&cw=2000&ch=1200&cg=Center&wtmk=http://ci.encar.com/wt_mark/w_mark_04.png&wtmkg=SouthEast&wtmkw=1&wtmkh=1&t=20240604163347
https://ci.encar.com/carpicture/carpicture07/pic4147/41477095_004.jpg?impolicy=heightRate&rh=1200&cw=2000&ch=1200&cg=Center&wtmk=http://ci.encar.com/wt_mark/w_mark_04.png&wtmkg=SouthEast&wtmkw=1&wtmkh=1&t=20240604163347
https://ci.encar.com/carpicture/carpicture07/pic4147/41477095_005.jpg?impolicy=heightRate&rh=1200&cw=2000&ch=1200&cg=Center&wtmk=http://ci.encar.com/wt_mark/w_mark_04.png&wtmkg=SouthEast&wtmkw=1&wtmkh=1&t=20240604163347
https://ci.encar.com/carpicture/carpicture07/pic4147/41477095_006.jpg?impolicy=heightRate&rh=1200&cw=2000&ch=1200&cg=Center&wtmk=http://ci.encar.com/wt_mark/w_mark_04.png&wtmkg=SouthEast&wtmkw=1&wtmkh=1&t=20240604163347
https://ci.encar.com/carpicture/carpicture07/pic4147/41477095_007.jpg?impolicy=heightRate&rh=1200&cw=2000&ch=1200&cg=Center&wtmk=http://ci.encar.com/wt_mark/w_mark_04.png&wtmkg=SouthEast&wtmkw=1&wtmkh=1&t=20240604163347
https://ci.encar.com/carpicture/carpicture07/pic4147/41477095_008.jpg?impolicy=heightRate&rh=1200&cw=2000&ch=1200&cg=Center&wtmk=http://ci.encar.com/wt_mark/w_mark_04.png&wtmkg=SouthEast&wtmkw=1&wtmkh=1&t=20240604163347
https://ci.encar.com/carpicture/carpicture07/pic4147/41477095_009.jpg?impolicy=heightRate&rh=1200&cw=2000&ch=1200&cg=Center&wtmk=http://ci.encar.com/wt_mark/w_mark_04.png&wtmkg=SouthEast&wtmkw=1&wtmkh=1&t=20240604163347
https://ci.encar.com/carpicture/carpicture07/pic4147/41477095_010.jpg?impolicy=heightRate&rh=1200&cw=2000&ch=1200&cg=Center&wtmk=http://ci.encar.com/wt_mark/w_mark_04.png&wtmkg=SouthEast&wtmkw=1&wtmkh=1&t=20240604163347
https://ci.encar.com/carpicture/carpicture07/pic4147/41477095_015.jpg?impolicy=heightRate&rh=1200&cw=2000&ch=1200&cg=Center&wtmk=http://ci.encar.com/wt_mark/w_mark_04.png&wtmkg=SouthEast&wtmkw=1&wtmkh=1&t=20240604163347
https://ci.encar.com/carpicture/carpicture07/pic4147/41477095_016.jpg?impolicy=heightRate&rh=1200&cw=2000&ch=1200&cg=Center&wtmk=http://ci.encar.com/wt_mark/w_mark_04.png&wtmkg=SouthEast&wtmkw=1&wtmkh=1&t=20240604163347
https://ci.encar.com/carpicture/carpicture07/pic4147/41477095_017.jpg?impolicy=heightRate&rh=1200&cw=2000&ch=1200&cg=Center&wtmk=http://ci.encar.com/wt_mark/w_mark_04.png&wtmkg=SouthEast&wtmkw=1&wtmkh=1&t=20240604163347
https://ci.encar.com/carpicture/carpicture07/pic4147/41477095_018.jpg?impolicy=heightRate&rh=1200&cw=2000&ch=1200&cg=Center&wtmk=http://ci.encar.com/wt_mark/w_mark_04.png&wtmkg=SouthEast&wtmkw=1&wtmkh=1&t=20240604163347
https://ci.encar.com/carpicture/carpicture07/pic4147/41477095_019.jpg?impolicy=heightRate&rh=1200&cw=2000&ch=1200&cg=Center&wtmk=http://ci.encar.com/wt_mark/w_mark_04.png&wtmkg=SouthEast&wtmkw=1&wtmkh=1&t=20240604163347
https://ci.encar.com/carpicture/carpicture07/pic4147/41477095_020.jpg?impolicy=heightRate&rh=1200&cw=2000&ch=1200&cg=Center&wtmk=http://ci.encar.com/wt_mark/w_mark_04.png&wtmkg=SouthEast&wtmkw=1&wtmkh=1&t=20240604163347
https://ci.encar.com/carpicture/carpicture07/pic4147/41477095_021.jpg?impolicy=heightRate&rh=1200&cw=2000&ch=1200&cg=Center&wtmk=http://ci.encar.com/wt_mark/w_mark_04.png&wtmkg=SouthEast&wtmkw=1&wtmkh=1&t=20240604163347
https://ci.encar.com/carpicture/carpicture07/pic4147/41477095_022.jpg?impolicy=heightRate&rh=1200&cw=2000&ch=1200&cg=Center&wtmk=http://ci.encar.com/wt_mark/w_mark_04.png&wtmkg=SouthEast&wtmkw=1&wtmkh=1&t=20240604163347
https://ci.encar.com/carpicture/carpicture07/pic4147/41477095_023.jpg?impolicy=heightRate&rh=1200&cw=2000&ch=1200&cg=Center&wtmk=http://ci.encar.com/wt_mark/w_mark_04.png&wtmkg=SouthEast&wtmkw=1&wtmkh=1&t=20240604163347
https://ci.encar.com/carpicture/carpicture07/pic4147/41477095_024.jpg?impolicy=heightRate&rh=1200&cw=2000&ch=1200&cg=Center&wtmk=http://ci.encar.com/wt_mark/w_mark_04.png&wtmkg=SouthEast&wtmkw=1&wtmkh=1&t=20240604163347"
"1770615905-11","https://avtokorea.by/search/","","https://avtokorea.by/avto/kmhjc81bgpu265485/","Tucson (Nx4) Gasoline 1.6 Turbo 2Wd Premium KMHJC81BGPU265485																		
																	
																
																
																	

																		
																			
																		
																	
																
																																
																	
																		
																			
																				
																					2023","(≈ 47334.66 BYN)","IV","21900000","Бензин","1.6","Автоматическая","2023","Hyundai","Tucson","15622$","90700 километров","Автомобиль","G4FP","1.6","KMHJC81BGPU265485","","","https://ci.encar.com/carpicture/carpicture07/pic4147/41473224_001.jpg?impolicy=heightRate&rh=1200&cw=2000&ch=1200&cg=Center&wtmk=http://ci.encar.com/wt_mark/w_mark_04.png&wtmkg=SouthEast&wtmkw=1&wtmkh=1&t=20240604163347
https://ci.encar.com/carpicture/carpicture07/pic4147/41473224_002.jpg?impolicy=heightRate&rh=1200&cw=2000&ch=1200&cg=Center&wtmk=http://ci.encar.com/wt_mark/w_mark_04.png&wtmkg=SouthEast&wtmkw=1&wtmkh=1&t=20240604163347
https://ci.encar.com/carpicture/carpicture07/pic4147/41473224_003.jpg?impolicy=heightRate&rh=1200&cw=2000&ch=1200&cg=Center&wtmk=http://ci.encar.com/wt_mark/w_mark_04.png&wtmkg=SouthEast&wtmkw=1&wtmkh=1&t=20240604163347
https://ci.encar.com/carpicture/carpicture07/pic4147/41473224_004.jpg?impolicy=heightRate&rh=1200&cw=2000&ch=1200&cg=Center&wtmk=http://ci.encar.com/wt_mark/w_mark_04.png&wtmkg=SouthEast&wtmkw=1&wtmkh=1&t=20240604163347
https://ci.encar.com/carpicture/carpicture07/pic4147/41473224_005.jpg?impolicy=heightRate&rh=1200&cw=2000&ch=1200&cg=Center&wtmk=http://ci.encar.com/wt_mark/w_mark_04.png&wtmkg=SouthEast&wtmkw=1&wtmkh=1&t=20240604163347
https://ci.encar.com/carpicture/carpicture07/pic4147/41473224_006.jpg?impolicy=heightRate&rh=1200&cw=2000&ch=1200&cg=Center&wtmk=http://ci.encar.com/wt_mark/w_mark_04.png&wtmkg=SouthEast&wtmkw=1&wtmkh=1&t=20240604163347
https://ci.encar.com/carpicture/carpicture07/pic4147/41473224_007.jpg?impolicy=heightRate&rh=1200&cw=2000&ch=1200&cg=Center&wtmk=http://ci.encar.com/wt_mark/w_mark_04.png&wtmkg=SouthEast&wtmkw=1&wtmkh=1&t=20240604163347
https://ci.encar.com/carpicture/carpicture07/pic4147/41473224_008.jpg?impolicy=heightRate&rh=1200&cw=2000&ch=1200&cg=Center&wtmk=http://ci.encar.com/wt_mark/w_mark_04.png&wtmkg=SouthEast&wtmkw=1&wtmkh=1&t=20240604163347
https://ci.encar.com/carpicture/carpicture07/pic4147/41473224_009.jpg?impolicy=heightRate&rh=1200&cw=2000&ch=1200&cg=Center&wtmk=http://ci.encar.com/wt_mark/w_mark_04.png&wtmkg=SouthEast&wtmkw=1&wtmkh=1&t=20240604163347
https://ci.encar.com/carpicture/carpicture07/pic4147/41473224_010.jpg?impolicy=heightRate&rh=1200&cw=2000&ch=1200&cg=Center&wtmk=http://ci.encar.com/wt_mark/w_mark_04.png&wtmkg=SouthEast&wtmkw=1&wtmkh=1&t=20240604163347
https://ci.encar.com/carpicture/carpicture07/pic4147/41473224_015.jpg?impolicy=heightRate&rh=1200&cw=2000&ch=1200&cg=Center&wtmk=http://ci.encar.com/wt_mark/w_mark_04.png&wtmkg=SouthEast&wtmkw=1&wtmkh=1&t=20240604163347
https://ci.encar.com/carpicture/carpicture07/pic4147/41473224_016.jpg?impolicy=heightRate&rh=1200&cw=2000&ch=1200&cg=Center&wtmk=http://ci.encar.com/wt_mark/w_mark_04.png&wtmkg=SouthEast&wtmkw=1&wtmkh=1&t=20240604163347
https://ci.encar.com/carpicture/carpicture07/pic4147/41473224_017.jpg?impolicy=heightRate&rh=1200&cw=2000&ch=1200&cg=Center&wtmk=http://ci.encar.com/wt_mark/w_mark_04.png&wtmkg=SouthEast&wtmkw=1&wtmkh=1&t=20240604163347
https://ci.encar.com/carpicture/carpicture07/pic4147/41473224_018.jpg?impolicy=heightRate&rh=1200&cw=2000&ch=1200&cg=Center&wtmk=http://ci.encar.com/wt_mark/w_mark_04.png&wtmkg=SouthEast&wtmkw=1&wtmkh=1&t=20240604163347
https://ci.encar.com/carpicture/carpicture07/pic4147/41473224_019.jpg?impolicy=heightRate&rh=1200&cw=2000&ch=1200&cg=Center&wtmk=http://ci.encar.com/wt_mark/w_mark_04.png&wtmkg=SouthEast&wtmkw=1&wtmkh=1&t=20240604163347
https://ci.encar.com/carpicture/carpicture07/pic4147/41473224_020.jpg?impolicy=heightRate&rh=1200&cw=2000&ch=1200&cg=Center&wtmk=http://ci.encar.com/wt_mark/w_mark_04.png&wtmkg=SouthEast&wtmkw=1&wtmkh=1&t=20240604163347
https://ci.encar.com/carpicture/carpicture07/pic4147/41473224_021.jpg?impolicy=heightRate&rh=1200&cw=2000&ch=1200&cg=Center&wtmk=http://ci.encar.com/wt_mark/w_mark_04.png&wtmkg=SouthEast&wtmkw=1&wtmkh=1&t=20240604163347
https://ci.encar.com/carpicture/carpicture07/pic4147/41473224_022.jpg?impolicy=heightRate&rh=1200&cw=2000&ch=1200&cg=Center&wtmk=http://ci.encar.com/wt_mark/w_mark_04.png&wtmkg=SouthEast&wtmkw=1&wtmkh=1&t=20240604163347
https://ci.encar.com/carpicture/carpicture07/pic4147/41473224_023.jpg?impolicy=heightRate&rh=1200&cw=2000&ch=1200&cg=Center&wtmk=http://ci.encar.com/wt_mark/w_mark_04.png&wtmkg=SouthEast&wtmkw=1&wtmkh=1&t=20240604163347
https://ci.encar.com/carpicture/carpicture07/pic4147/41473224_024.jpg?impolicy=heightRate&rh=1200&cw=2000&ch=1200&cg=Center&wtmk=http://ci.encar.com/wt_mark/w_mark_04.png&wtmkg=SouthEast&wtmkw=1&wtmkh=1&t=20240604163347"
"1770615946-12","https://avtokorea.by/search/","","https://avtokorea.by/avto/w1keg2bb4pf010359/","Eqe V295 Eqe350+ W1KEG2BB4PF010359																		
																	
																
																
																	

																		
																			
																		
																	
																
																																
																	
																		
																			
																				
																					2022","(≈ 91833.24 BYN)","EQE","42900000","Электрический","0.0","Автоматическая","2022","Mercedes-Benz","EQE","30308$","65994 километров","Автомобиль","EM0027","0.3","W1KEG2BB4PF010359","","","https://ci.encar.com/carpicture/carpicture08/pic4148/41481266_001.jpg?impolicy=heightRate&rh=1200&cw=2000&ch=1200&cg=Center&wtmk=http://ci.encar.com/wt_mark/w_mark_04.png&wtmkg=SouthEast&wtmkw=1&wtmkh=1&t=20240604163347
https://ci.encar.com/carpicture/carpicture08/pic4148/41481266_002.jpg?impolicy=heightRate&rh=1200&cw=2000&ch=1200&cg=Center&wtmk=http://ci.encar.com/wt_mark/w_mark_04.png&wtmkg=SouthEast&wtmkw=1&wtmkh=1&t=20240604163347
https://ci.encar.com/carpicture/carpicture08/pic4148/41481266_003.jpg?impolicy=heightRate&rh=1200&cw=2000&ch=1200&cg=Center&wtmk=http://ci.encar.com/wt_mark/w_mark_04.png&wtmkg=SouthEast&wtmkw=1&wtmkh=1&t=20240604163347
https://ci.encar.com/carpicture/carpicture08/pic4148/41481266_004.jpg?impolicy=heightRate&rh=1200&cw=2000&ch=1200&cg=Center&wtmk=http://ci.encar.com/wt_mark/w_mark_04.png&wtmkg=SouthEast&wtmkw=1&wtmkh=1&t=20240604163347
https://ci.encar.com/carpicture/carpicture08/pic4148/41481266_005.jpg?impolicy=heightRate&rh=1200&cw=2000&ch=1200&cg=Center&wtmk=http://ci.encar.com/wt_mark/w_mark_04.png&wtmkg=SouthEast&wtmkw=1&wtmkh=1&t=20240604163347
https://ci.encar.com/carpicture/carpicture08/pic4148/41481266_006.jpg?impolicy=heightRate&rh=1200&cw=2000&ch=1200&cg=Center&wtmk=http://ci.encar.com/wt_mark/w_mark_04.png&wtmkg=SouthEast&wtmkw=1&wtmkh=1&t=20240604163347
https://ci.encar.com/carpicture/carpicture08/pic4148/41481266_007.jpg?impolicy=heightRate&rh=1200&cw=2000&ch=1200&cg=Center&wtmk=http://ci.encar.com/wt_mark/w_mark_04.png&wtmkg=SouthEast&wtmkw=1&wtmkh=1&t=20240604163347
https://ci.encar.com/carpicture/carpicture08/pic4148/41481266_008.jpg?impolicy=heightRate&rh=1200&cw=2000&ch=1200&cg=Center&wtmk=http://ci.encar.com/wt_mark/w_mark_04.png&wtmkg=SouthEast&wtmkw=1&wtmkh=1&t=20240604163347
https://ci.encar.com/carpicture/carpicture08/pic4148/41481266_009.jpg?impolicy=heightRate&rh=1200&cw=2000&ch=1200&cg=Center&wtmk=http://ci.encar.com/wt_mark/w_mark_04.png&wtmkg=SouthEast&wtmkw=1&wtmkh=1&t=20240604163347
https://ci.encar.com/carpicture/carpicture08/pic4148/41481266_010.jpg?impolicy=heightRate&rh=1200&cw=2000&ch=1200&cg=Center&wtmk=http://ci.encar.com/wt_mark/w_mark_04.png&wtmkg=SouthEast&wtmkw=1&wtmkh=1&t=20240604163347
https://ci.encar.com/carpicture/carpicture08/pic4148/41481266_015.jpg?impolicy=heightRate&rh=1200&cw=2000&ch=1200&cg=Center&wtmk=http://ci.encar.com/wt_mark/w_mark_04.png&wtmkg=SouthEast&wtmkw=1&wtmkh=1&t=20240604163347
https://ci.encar.com/carpicture/carpicture08/pic4148/41481266_016.jpg?impolicy=heightRate&rh=1200&cw=2000&ch=1200&cg=Center&wtmk=http://ci.encar.com/wt_mark/w_mark_04.png&wtmkg=SouthEast&wtmkw=1&wtmkh=1&t=20240604163347
https://ci.encar.com/carpicture/carpicture08/pic4148/41481266_017.jpg?impolicy=heightRate&rh=1200&cw=2000&ch=1200&cg=Center&wtmk=http://ci.encar.com/wt_mark/w_mark_04.png&wtmkg=SouthEast&wtmkw=1&wtmkh=1&t=20240604163347
https://ci.encar.com/carpicture/carpicture08/pic4148/41481266_018.jpg?impolicy=heightRate&rh=1200&cw=2000&ch=1200&cg=Center&wtmk=http://ci.encar.com/wt_mark/w_mark_04.png&wtmkg=SouthEast&wtmkw=1&wtmkh=1&t=20240604163347
https://ci.encar.com/carpicture/carpicture08/pic4148/41481266_019.jpg?impolicy=heightRate&rh=1200&cw=2000&ch=1200&cg=Center&wtmk=http://ci.encar.com/wt_mark/w_mark_04.png&wtmkg=SouthEast&wtmkw=1&wtmkh=1&t=20240604163347
https://ci.encar.com/carpicture/carpicture08/pic4148/41481266_020.jpg?impolicy=heightRate&rh=1200&cw=2000&ch=1200&cg=Center&wtmk=http://ci.encar.com/wt_mark/w_mark_04.png&wtmkg=SouthEast&wtmkw=1&wtmkh=1&t=20240604163347
https://ci.encar.com/carpicture/carpicture08/pic4148/41481266_021.jpg?impolicy=heightRate&rh=1200&cw=2000&ch=1200&cg=Center&wtmk=http://ci.encar.com/wt_mark/w_mark_04.png&wtmkg=SouthEast&wtmkw=1&wtmkh=1&t=20240604163347
https://ci.encar.com/carpicture/carpicture08/pic4148/41481266_022.jpg?impolicy=heightRate&rh=1200&cw=2000&ch=1200&cg=Center&wtmk=http://ci.encar.com/wt_mark/w_mark_04.png&wtmkg=SouthEast&wtmkw=1&wtmkh=1&t=20240604163347
https://ci.encar.com/carpicture/carpicture08/pic4148/41481266_023.jpg?impolicy=heightRate&rh=1200&cw=2000&ch=1200&cg=Center&wtmk=http://ci.encar.com/wt_mark/w_mark_04.png&wtmkg=SouthEast&wtmkw=1&wtmkh=1&t=20240604163347
https://ci.encar.com/carpicture/carpicture08/pic4148/41481266_024.jpg?impolicy=heightRate&rh=1200&cw=2000&ch=1200&cg=Center&wtmk=http://ci.encar.com/wt_mark/w_mark_04.png&wtmkg=SouthEast&wtmkw=1&wtmkh=1&t=20240604163347"
"1770615975-13","https://avtokorea.by/search/","","https://avtokorea.by/avto/wba7e4100jgv27015/","7 Series (G11) 740Li xDrive M Sports WBA7E4100JGV27015																		
																	
																
																
																	

																		
																			
																		
																	
																
																																
																	
																		
																			
																				
																					2018","(≈ 48607.26 BYN)","VI (G11/G12)","22500000","Бензин","4.4","Автоматическая","2018","BMW","7er","16042$","253394 километров","Автомобиль","B58B30A","3.0","WBA7E4100JGV27015","","","https://ci.encar.com/carpicture/carpicture07/pic4147/41478708_001.jpg?impolicy=heightRate&rh=1200&cw=2000&ch=1200&cg=Center&wtmk=http://ci.encar.com/wt_mark/w_mark_04.png&wtmkg=SouthEast&wtmkw=1&wtmkh=1&t=20240604163347
https://ci.encar.com/carpicture/carpicture07/pic4147/41478708_002.jpg?impolicy=heightRate&rh=1200&cw=2000&ch=1200&cg=Center&wtmk=http://ci.encar.com/wt_mark/w_mark_04.png&wtmkg=SouthEast&wtmkw=1&wtmkh=1&t=20240604163347
https://ci.encar.com/carpicture/carpicture07/pic4147/41478708_003.jpg?impolicy=heightRate&rh=1200&cw=2000&ch=1200&cg=Center&wtmk=http://ci.encar.com/wt_mark/w_mark_04.png&wtmkg=SouthEast&wtmkw=1&wtmkh=1&t=20240604163347
https://ci.encar.com/carpicture/carpicture07/pic4147/41478708_004.jpg?impolicy=heightRate&rh=1200&cw=2000&ch=1200&cg=Center&wtmk=http://ci.encar.com/wt_mark/w_mark_04.png&wtmkg=SouthEast&wtmkw=1&wtmkh=1&t=20240604163347
https://ci.encar.com/carpicture/carpicture07/pic4147/41478708_005.jpg?impolicy=heightRate&rh=1200&cw=2000&ch=1200&cg=Center&wtmk=http://ci.encar.com/wt_mark/w_mark_04.png&wtmkg=SouthEast&wtmkw=1&wtmkh=1&t=20240604163347
https://ci.encar.com/carpicture/carpicture07/pic4147/41478708_006.jpg?impolicy=heightRate&rh=1200&cw=2000&ch=1200&cg=Center&wtmk=http://ci.encar.com/wt_mark/w_mark_04.png&wtmkg=SouthEast&wtmkw=1&wtmkh=1&t=20240604163347
https://ci.encar.com/carpicture/carpicture07/pic4147/41478708_007.jpg?impolicy=heightRate&rh=1200&cw=2000&ch=1200&cg=Center&wtmk=http://ci.encar.com/wt_mark/w_mark_04.png&wtmkg=SouthEast&wtmkw=1&wtmkh=1&t=20240604163347
https://ci.encar.com/carpicture/carpicture07/pic4147/41478708_008.jpg?impolicy=heightRate&rh=1200&cw=2000&ch=1200&cg=Center&wtmk=http://ci.encar.com/wt_mark/w_mark_04.png&wtmkg=SouthEast&wtmkw=1&wtmkh=1&t=20240604163347
https://ci.encar.com/carpicture/carpicture07/pic4147/41478708_009.jpg?impolicy=heightRate&rh=1200&cw=2000&ch=1200&cg=Center&wtmk=http://ci.encar.com/wt_mark/w_mark_04.png&wtmkg=SouthEast&wtmkw=1&wtmkh=1&t=20240604163347
https://ci.encar.com/carpicture/carpicture07/pic4147/41478708_010.jpg?impolicy=heightRate&rh=1200&cw=2000&ch=1200&cg=Center&wtmk=http://ci.encar.com/wt_mark/w_mark_04.png&wtmkg=SouthEast&wtmkw=1&wtmkh=1&t=20240604163347
https://ci.encar.com/carpicture/carpicture07/pic4147/41478708_015.jpg?impolicy=heightRate&rh=1200&cw=2000&ch=1200&cg=Center&wtmk=http://ci.encar.com/wt_mark/w_mark_04.png&wtmkg=SouthEast&wtmkw=1&wtmkh=1&t=20240604163347
https://ci.encar.com/carpicture/carpicture07/pic4147/41478708_016.jpg?impolicy=heightRate&rh=1200&cw=2000&ch=1200&cg=Center&wtmk=http://ci.encar.com/wt_mark/w_mark_04.png&wtmkg=SouthEast&wtmkw=1&wtmkh=1&t=20240604163347
https://ci.encar.com/carpicture/carpicture07/pic4147/41478708_017.jpg?impolicy=heightRate&rh=1200&cw=2000&ch=1200&cg=Center&wtmk=http://ci.encar.com/wt_mark/w_mark_04.png&wtmkg=SouthEast&wtmkw=1&wtmkh=1&t=20240604163347
https://ci.encar.com/carpicture/carpicture07/pic4147/41478708_018.jpg?impolicy=heightRate&rh=1200&cw=2000&ch=1200&cg=Center&wtmk=http://ci.encar.com/wt_mark/w_mark_04.png&wtmkg=SouthEast&wtmkw=1&wtmkh=1&t=20240604163347
https://ci.encar.com/carpicture/carpicture07/pic4147/41478708_019.jpg?impolicy=heightRate&rh=1200&cw=2000&ch=1200&cg=Center&wtmk=http://ci.encar.com/wt_mark/w_mark_04.png&wtmkg=SouthEast&wtmkw=1&wtmkh=1&t=20240604163347
https://ci.encar.com/carpicture/carpicture07/pic4147/41478708_020.jpg?impolicy=heightRate&rh=1200&cw=2000&ch=1200&cg=Center&wtmk=http://ci.encar.com/wt_mark/w_mark_04.png&wtmkg=SouthEast&wtmkw=1&wtmkh=1&t=20240604163347
https://ci.encar.com/carpicture/carpicture07/pic4147/41478708_021.jpg?impolicy=heightRate&rh=1200&cw=2000&ch=1200&cg=Center&wtmk=http://ci.encar.com/wt_mark/w_mark_04.png&wtmkg=SouthEast&wtmkw=1&wtmkh=1&t=20240604163347
https://ci.encar.com/carpicture/carpicture07/pic4147/41478708_022.jpg?impolicy=heightRate&rh=1200&cw=2000&ch=1200&cg=Center&wtmk=http://ci.encar.com/wt_mark/w_mark_04.png&wtmkg=SouthEast&wtmkw=1&wtmkh=1&t=20240604163347"
"1770616051-14","https://avtokorea.by/search/","","https://avtokorea.by/avto/knaps81abfa033169/","All New Sorento Diesel 2.0 2Wd Prestige KNAPS81ABFA033169																		
																	
																
																
																	

																		
																			
																		
																	
																
																																
																	
																		
																			
																				
																					2014","(≈ 19579.86 BYN)","2014","193959 километров","Дизель","2.0","Автоматическая","6462$","Kia","Sorento","8800000","Автомобиль","Серый","2.0","KNAPS81ABFA033169","Incheon, Корея","korea","29.85 million won","https://ci.encar.com/carpicture/carpicture08/pic4148/41480507_001.jpg?impolicy=heightRate&rh=1200&cw=2000&ch=1200&cg=Center&wtmk=http://ci.encar.com/wt_mark/w_mark_04.png&wtmkg=SouthEast&wtmkw=1&wtmkh=1&t=20240604163347
https://ci.encar.com/carpicture/carpicture08/pic4148/41480507_002.jpg?impolicy=heightRate&rh=1200&cw=2000&ch=1200&cg=Center&wtmk=http://ci.encar.com/wt_mark/w_mark_04.png&wtmkg=SouthEast&wtmkw=1&wtmkh=1&t=20240604163347
https://ci.encar.com/carpicture/carpicture08/pic4148/41480507_003.jpg?impolicy=heightRate&rh=1200&cw=2000&ch=1200&cg=Center&wtmk=http://ci.encar.com/wt_mark/w_mark_04.png&wtmkg=SouthEast&wtmkw=1&wtmkh=1&t=20240604163347
https://ci.encar.com/carpicture/carpicture08/pic4148/41480507_004.jpg?impolicy=heightRate&rh=1200&cw=2000&ch=1200&cg=Center&wtmk=http://ci.encar.com/wt_mark/w_mark_04.png&wtmkg=SouthEast&wtmkw=1&wtmkh=1&t=20240604163347
https://ci.encar.com/carpicture/carpicture08/pic4148/41480507_005.jpg?impolicy=heightRate&rh=1200&cw=2000&ch=1200&cg=Center&wtmk=http://ci.encar.com/wt_mark/w_mark_04.png&wtmkg=SouthEast&wtmkw=1&wtmkh=1&t=20240604163347
https://ci.encar.com/carpicture/carpicture08/pic4148/41480507_006.jpg?impolicy=heightRate&rh=1200&cw=2000&ch=1200&cg=Center&wtmk=http://ci.encar.com/wt_mark/w_mark_04.png&wtmkg=SouthEast&wtmkw=1&wtmkh=1&t=20240604163347
https://ci.encar.com/carpicture/carpicture08/pic4148/41480507_007.jpg?impolicy=heightRate&rh=1200&cw=2000&ch=1200&cg=Center&wtmk=http://ci.encar.com/wt_mark/w_mark_04.png&wtmkg=SouthEast&wtmkw=1&wtmkh=1&t=20240604163347
https://ci.encar.com/carpicture/carpicture08/pic4148/41480507_008.jpg?impolicy=heightRate&rh=1200&cw=2000&ch=1200&cg=Center&wtmk=http://ci.encar.com/wt_mark/w_mark_04.png&wtmkg=SouthEast&wtmkw=1&wtmkh=1&t=20240604163347
https://ci.encar.com/carpicture/carpicture08/pic4148/41480507_009.jpg?impolicy=heightRate&rh=1200&cw=2000&ch=1200&cg=Center&wtmk=http://ci.encar.com/wt_mark/w_mark_04.png&wtmkg=SouthEast&wtmkw=1&wtmkh=1&t=20240604163347
https://ci.encar.com/carpicture/carpicture08/pic4148/41480507_010.jpg?impolicy=heightRate&rh=1200&cw=2000&ch=1200&cg=Center&wtmk=http://ci.encar.com/wt_mark/w_mark_04.png&wtmkg=SouthEast&wtmkw=1&wtmkh=1&t=20240604163347
https://ci.encar.com/carpicture/carpicture08/pic4148/41480507_015.jpg?impolicy=heightRate&rh=1200&cw=2000&ch=1200&cg=Center&wtmk=http://ci.encar.com/wt_mark/w_mark_04.png&wtmkg=SouthEast&wtmkw=1&wtmkh=1&t=20240604163347
https://ci.encar.com/carpicture/carpicture08/pic4148/41480507_016.jpg?impolicy=heightRate&rh=1200&cw=2000&ch=1200&cg=Center&wtmk=http://ci.encar.com/wt_mark/w_mark_04.png&wtmkg=SouthEast&wtmkw=1&wtmkh=1&t=20240604163347
https://ci.encar.com/carpicture/carpicture08/pic4148/41480507_017.jpg?impolicy=heightRate&rh=1200&cw=2000&ch=1200&cg=Center&wtmk=http://ci.encar.com/wt_mark/w_mark_04.png&wtmkg=SouthEast&wtmkw=1&wtmkh=1&t=20240604163347
https://ci.encar.com/carpicture/carpicture08/pic4148/41480507_018.jpg?impolicy=heightRate&rh=1200&cw=2000&ch=1200&cg=Center&wtmk=http://ci.encar.com/wt_mark/w_mark_04.png&wtmkg=SouthEast&wtmkw=1&wtmkh=1&t=20240604163347
https://ci.encar.com/carpicture/carpicture08/pic4148/41480507_019.jpg?impolicy=heightRate&rh=1200&cw=2000&ch=1200&cg=Center&wtmk=http://ci.encar.com/wt_mark/w_mark_04.png&wtmkg=SouthEast&wtmkw=1&wtmkh=1&t=20240604163347
https://ci.encar.com/carpicture/carpicture08/pic4148/41480507_020.jpg?impolicy=heightRate&rh=1200&cw=2000&ch=1200&cg=Center&wtmk=http://ci.encar.com/wt_mark/w_mark_04.png&wtmkg=SouthEast&wtmkw=1&wtmkh=1&t=20240604163347
https://ci.encar.com/carpicture/carpicture08/pic4148/41480507_021.jpg?impolicy=heightRate&rh=1200&cw=2000&ch=1200&cg=Center&wtmk=http://ci.encar.com/wt_mark/w_mark_04.png&wtmkg=SouthEast&wtmkw=1&wtmkh=1&t=20240604163347
https://ci.encar.com/carpicture/carpicture08/pic4148/41480507_022.jpg?impolicy=heightRate&rh=1200&cw=2000&ch=1200&cg=Center&wtmk=http://ci.encar.com/wt_mark/w_mark_04.png&wtmkg=SouthEast&wtmkw=1&wtmkh=1&t=20240604163347
https://ci.encar.com/carpicture/carpicture08/pic4148/41480507_023.jpg?impolicy=heightRate&rh=1200&cw=2000&ch=1200&cg=Center&wtmk=http://ci.encar.com/wt_mark/w_mark_04.png&wtmkg=SouthEast&wtmkw=1&wtmkh=1&t=20240604163347
https://ci.encar.com/carpicture/carpicture08/pic4148/41480507_024.jpg?impolicy=heightRate&rh=1200&cw=2000&ch=1200&cg=Center&wtmk=http://ci.encar.com/wt_mark/w_mark_04.png&wtmkg=SouthEast&wtmkw=1&wtmkh=1&t=20240604163347"
"1770616109-15","https://avtokorea.by/search/","","https://avtokorea.by/avto/klydc487dkc748966/","The New Spark Premier KLYDC487DKC748966																		
																	
																
																
																	

																		
																			
																		
																	
																
																																
																	
																		
																			
																				
																					2018","(≈ 19788.93 BYN)","IV","8900000","Бензин","1.0","Автоматическая","2018","Chevrolet","Spark","6531$","52692 километров","Автомобиль","L5Q","1.0","KLYDC487DKC748966","korea","14.7 million won","https://ci.encar.com/carpicture/carpicture08/pic4148/41480210_002.jpg?impolicy=heightRate&rh=1200&cw=2000&ch=1200&cg=Center&wtmk=http://ci.encar.com/wt_mark/w_mark_04.png&wtmkg=SouthEast&wtmkw=1&wtmkh=1&t=20240604163347
https://ci.encar.com/carpicture/carpicture08/pic4148/41480210_003.jpg?impolicy=heightRate&rh=1200&cw=2000&ch=1200&cg=Center&wtmk=http://ci.encar.com/wt_mark/w_mark_04.png&wtmkg=SouthEast&wtmkw=1&wtmkh=1&t=20240604163347
https://ci.encar.com/carpicture/carpicture08/pic4148/41480210_004.jpg?impolicy=heightRate&rh=1200&cw=2000&ch=1200&cg=Center&wtmk=http://ci.encar.com/wt_mark/w_mark_04.png&wtmkg=SouthEast&wtmkw=1&wtmkh=1&t=20240604163347
https://ci.encar.com/carpicture/carpicture08/pic4148/41480210_005.jpg?impolicy=heightRate&rh=1200&cw=2000&ch=1200&cg=Center&wtmk=http://ci.encar.com/wt_mark/w_mark_04.png&wtmkg=SouthEast&wtmkw=1&wtmkh=1&t=20240604163347
https://ci.encar.com/carpicture/carpicture08/pic4148/41480210_006.jpg?impolicy=heightRate&rh=1200&cw=2000&ch=1200&cg=Center&wtmk=http://ci.encar.com/wt_mark/w_mark_04.png&wtmkg=SouthEast&wtmkw=1&wtmkh=1&t=20240604163347
https://ci.encar.com/carpicture/carpicture08/pic4148/41480210_007.jpg?impolicy=heightRate&rh=1200&cw=2000&ch=1200&cg=Center&wtmk=http://ci.encar.com/wt_mark/w_mark_04.png&wtmkg=SouthEast&wtmkw=1&wtmkh=1&t=20240604163347
https://ci.encar.com/carpicture/carpicture08/pic4148/41480210_008.jpg?impolicy=heightRate&rh=1200&cw=2000&ch=1200&cg=Center&wtmk=http://ci.encar.com/wt_mark/w_mark_04.png&wtmkg=SouthEast&wtmkw=1&wtmkh=1&t=20240604163347
https://ci.encar.com/carpicture/carpicture08/pic4148/41480210_009.jpg?impolicy=heightRate&rh=1200&cw=2000&ch=1200&cg=Center&wtmk=http://ci.encar.com/wt_mark/w_mark_04.png&wtmkg=SouthEast&wtmkw=1&wtmkh=1&t=20240604163347
https://ci.encar.com/carpicture/carpicture08/pic4148/41480210_010.jpg?impolicy=heightRate&rh=1200&cw=2000&ch=1200&cg=Center&wtmk=http://ci.encar.com/wt_mark/w_mark_04.png&wtmkg=SouthEast&wtmkw=1&wtmkh=1&t=20240604163347
https://ci.encar.com/carpicture/carpicture08/pic4148/41480210_015.jpg?impolicy=heightRate&rh=1200&cw=2000&ch=1200&cg=Center&wtmk=http://ci.encar.com/wt_mark/w_mark_04.png&wtmkg=SouthEast&wtmkw=1&wtmkh=1&t=20240604163347
https://ci.encar.com/carpicture/carpicture08/pic4148/41480210_016.jpg?impolicy=heightRate&rh=1200&cw=2000&ch=1200&cg=Center&wtmk=http://ci.encar.com/wt_mark/w_mark_04.png&wtmkg=SouthEast&wtmkw=1&wtmkh=1&t=20240604163347
https://ci.encar.com/carpicture/carpicture08/pic4148/41480210_017.jpg?impolicy=heightRate&rh=1200&cw=2000&ch=1200&cg=Center&wtmk=http://ci.encar.com/wt_mark/w_mark_04.png&wtmkg=SouthEast&wtmkw=1&wtmkh=1&t=20240604163347
https://ci.encar.com/carpicture/carpicture08/pic4148/41480210_018.jpg?impolicy=heightRate&rh=1200&cw=2000&ch=1200&cg=Center&wtmk=http://ci.encar.com/wt_mark/w_mark_04.png&wtmkg=SouthEast&wtmkw=1&wtmkh=1&t=20240604163347
https://ci.encar.com/carpicture/carpicture08/pic4148/41480210_019.jpg?impolicy=heightRate&rh=1200&cw=2000&ch=1200&cg=Center&wtmk=http://ci.encar.com/wt_mark/w_mark_04.png&wtmkg=SouthEast&wtmkw=1&wtmkh=1&t=20240604163347
https://ci.encar.com/carpicture/carpicture08/pic4148/41480210_020.jpg?impolicy=heightRate&rh=1200&cw=2000&ch=1200&cg=Center&wtmk=http://ci.encar.com/wt_mark/w_mark_04.png&wtmkg=SouthEast&wtmkw=1&wtmkh=1&t=20240604163347
https://ci.encar.com/carpicture/carpicture08/pic4148/41480210_021.jpg?impolicy=heightRate&rh=1200&cw=2000&ch=1200&cg=Center&wtmk=http://ci.encar.com/wt_mark/w_mark_04.png&wtmkg=SouthEast&wtmkw=1&wtmkh=1&t=20240604163347
https://ci.encar.com/carpicture/carpicture08/pic4148/41480210_022.jpg?impolicy=heightRate&rh=1200&cw=2000&ch=1200&cg=Center&wtmk=http://ci.encar.com/wt_mark/w_mark_04.png&wtmkg=SouthEast&wtmkw=1&wtmkh=1&t=20240604163347
https://ci.encar.com/carpicture/carpicture08/pic4148/41480210_023.jpg?impolicy=heightRate&rh=1200&cw=2000&ch=1200&cg=Center&wtmk=http://ci.encar.com/wt_mark/w_mark_04.png&wtmkg=SouthEast&wtmkw=1&wtmkh=1&t=20240604163347
https://ci.encar.com/carpicture/carpicture08/pic4148/41480210_024.jpg?impolicy=heightRate&rh=1200&cw=2000&ch=1200&cg=Center&wtmk=http://ci.encar.com/wt_mark/w_mark_04.png&wtmkg=SouthEast&wtmkw=1&wtmkh=1&t=20240604163347
https://ci.encar.com/carpicture/carpicture08/pic4148/41480210_027.jpg?impolicy=heightRate&rh=1200&cw=2000&ch=1200&cg=Center&wtmk=http://ci.encar.com/wt_mark/w_mark_04.png&wtmkg=SouthEast&wtmkw=1&wtmkh=1&t=20240604163347"
"1770616163-16","https://avtokorea.by/search/","","https://avtokorea.by/avto/wbaks4101h0w61733/","X5 (F15) xDrive 30D WBAKS4101H0W61733																		
																	
																
																
																	

																		
																			
																		
																	
																
																																
																	
																		
																			
																				
																					2017","(≈ 76789.29 BYN)","III (F15)","35800000","Дизель","3.0","Автоматическая","2017","BMW","X5","25343$","81834 километров","Автомобиль","N57D30A","3.0","WBAKS4101H0W61733","USA","97.7 million won","https://ci.encar.com/carpicture/carpicture07/pic4147/41479918_001.jpg?impolicy=heightRate&rh=1200&cw=2000&ch=1200&cg=Center&wtmk=http://ci.encar.com/wt_mark/w_mark_04.png&wtmkg=SouthEast&wtmkw=1&wtmkh=1&t=20240604163347
https://ci.encar.com/carpicture/carpicture07/pic4147/41479918_002.jpg?impolicy=heightRate&rh=1200&cw=2000&ch=1200&cg=Center&wtmk=http://ci.encar.com/wt_mark/w_mark_04.png&wtmkg=SouthEast&wtmkw=1&wtmkh=1&t=20240604163347
https://ci.encar.com/carpicture/carpicture07/pic4147/41479918_003.jpg?impolicy=heightRate&rh=1200&cw=2000&ch=1200&cg=Center&wtmk=http://ci.encar.com/wt_mark/w_mark_04.png&wtmkg=SouthEast&wtmkw=1&wtmkh=1&t=20240604163347
https://ci.encar.com/carpicture/carpicture07/pic4147/41479918_004.jpg?impolicy=heightRate&rh=1200&cw=2000&ch=1200&cg=Center&wtmk=http://ci.encar.com/wt_mark/w_mark_04.png&wtmkg=SouthEast&wtmkw=1&wtmkh=1&t=20240604163347
https://ci.encar.com/carpicture/carpicture07/pic4147/41479918_005.jpg?impolicy=heightRate&rh=1200&cw=2000&ch=1200&cg=Center&wtmk=http://ci.encar.com/wt_mark/w_mark_04.png&wtmkg=SouthEast&wtmkw=1&wtmkh=1&t=20240604163347
https://ci.encar.com/carpicture/carpicture07/pic4147/41479918_006.jpg?impolicy=heightRate&rh=1200&cw=2000&ch=1200&cg=Center&wtmk=http://ci.encar.com/wt_mark/w_mark_04.png&wtmkg=SouthEast&wtmkw=1&wtmkh=1&t=20240604163347
https://ci.encar.com/carpicture/carpicture07/pic4147/41479918_007.jpg?impolicy=heightRate&rh=1200&cw=2000&ch=1200&cg=Center&wtmk=http://ci.encar.com/wt_mark/w_mark_04.png&wtmkg=SouthEast&wtmkw=1&wtmkh=1&t=20240604163347
https://ci.encar.com/carpicture/carpicture07/pic4147/41479918_008.jpg?impolicy=heightRate&rh=1200&cw=2000&ch=1200&cg=Center&wtmk=http://ci.encar.com/wt_mark/w_mark_04.png&wtmkg=SouthEast&wtmkw=1&wtmkh=1&t=20240604163347
https://ci.encar.com/carpicture/carpicture07/pic4147/41479918_009.jpg?impolicy=heightRate&rh=1200&cw=2000&ch=1200&cg=Center&wtmk=http://ci.encar.com/wt_mark/w_mark_04.png&wtmkg=SouthEast&wtmkw=1&wtmkh=1&t=20240604163347
https://ci.encar.com/carpicture/carpicture07/pic4147/41479918_010.jpg?impolicy=heightRate&rh=1200&cw=2000&ch=1200&cg=Center&wtmk=http://ci.encar.com/wt_mark/w_mark_04.png&wtmkg=SouthEast&wtmkw=1&wtmkh=1&t=20240604163347
https://ci.encar.com/carpicture/carpicture07/pic4147/41479918_015.jpg?impolicy=heightRate&rh=1200&cw=2000&ch=1200&cg=Center&wtmk=http://ci.encar.com/wt_mark/w_mark_04.png&wtmkg=SouthEast&wtmkw=1&wtmkh=1&t=20240604163347
https://ci.encar.com/carpicture/carpicture07/pic4147/41479918_016.jpg?impolicy=heightRate&rh=1200&cw=2000&ch=1200&cg=Center&wtmk=http://ci.encar.com/wt_mark/w_mark_04.png&wtmkg=SouthEast&wtmkw=1&wtmkh=1&t=20240604163347
https://ci.encar.com/carpicture/carpicture07/pic4147/41479918_017.jpg?impolicy=heightRate&rh=1200&cw=2000&ch=1200&cg=Center&wtmk=http://ci.encar.com/wt_mark/w_mark_04.png&wtmkg=SouthEast&wtmkw=1&wtmkh=1&t=20240604163347
https://ci.encar.com/carpicture/carpicture07/pic4147/41479918_018.jpg?impolicy=heightRate&rh=1200&cw=2000&ch=1200&cg=Center&wtmk=http://ci.encar.com/wt_mark/w_mark_04.png&wtmkg=SouthEast&wtmkw=1&wtmkh=1&t=20240604163347
https://ci.encar.com/carpicture/carpicture07/pic4147/41479918_019.jpg?impolicy=heightRate&rh=1200&cw=2000&ch=1200&cg=Center&wtmk=http://ci.encar.com/wt_mark/w_mark_04.png&wtmkg=SouthEast&wtmkw=1&wtmkh=1&t=20240604163347
https://ci.encar.com/carpicture/carpicture07/pic4147/41479918_020.jpg?impolicy=heightRate&rh=1200&cw=2000&ch=1200&cg=Center&wtmk=http://ci.encar.com/wt_mark/w_mark_04.png&wtmkg=SouthEast&wtmkw=1&wtmkh=1&t=20240604163347
https://ci.encar.com/carpicture/carpicture07/pic4147/41479918_021.jpg?impolicy=heightRate&rh=1200&cw=2000&ch=1200&cg=Center&wtmk=http://ci.encar.com/wt_mark/w_mark_04.png&wtmkg=SouthEast&wtmkw=1&wtmkh=1&t=20240604163347
https://ci.encar.com/carpicture/carpicture07/pic4147/41479918_022.jpg?impolicy=heightRate&rh=1200&cw=2000&ch=1200&cg=Center&wtmk=http://ci.encar.com/wt_mark/w_mark_04.png&wtmkg=SouthEast&wtmkw=1&wtmkh=1&t=20240604163347
https://ci.encar.com/carpicture/carpicture07/pic4147/41479918_023.jpg?impolicy=heightRate&rh=1200&cw=2000&ch=1200&cg=Center&wtmk=http://ci.encar.com/wt_mark/w_mark_04.png&wtmkg=SouthEast&wtmkw=1&wtmkh=1&t=20240604163347
https://ci.encar.com/carpicture/carpicture07/pic4147/41479918_024.jpg?impolicy=heightRate&rh=1200&cw=2000&ch=1200&cg=Center&wtmk=http://ci.encar.com/wt_mark/w_mark_04.png&wtmkg=SouthEast&wtmkw=1&wtmkh=1&t=20240604163347"
"1770616239-17","https://avtokorea.by/search/","","https://avtokorea.by/avto/kpbxh3at1lp312409/","Very New Tivoli Gasoline 1.5 2Wd V3 KPBXH3AT1LP312409																		
																	
																
																
																	

																		
																			
																		
																	
																
																																
																	
																		
																			
																				
																					2019","(≈ 22546.23 BYN)","Tivoli","10200000","Дизель","1.6","Автоматическая","2019","SsangYong","Tivoli","7441$","96494 километров","Автомобиль","175950","1.5","KPBXH3AT1LP312409","","","https://ci.encar.com/carpicture/carpicture08/pic4148/41481484_001.jpg?impolicy=heightRate&rh=1200&cw=2000&ch=1200&cg=Center&wtmk=http://ci.encar.com/wt_mark/w_mark_04.png&wtmkg=SouthEast&wtmkw=1&wtmkh=1&t=20240604163347
https://ci.encar.com/carpicture/carpicture08/pic4148/41481484_002.jpg?impolicy=heightRate&rh=1200&cw=2000&ch=1200&cg=Center&wtmk=http://ci.encar.com/wt_mark/w_mark_04.png&wtmkg=SouthEast&wtmkw=1&wtmkh=1&t=20240604163347
https://ci.encar.com/carpicture/carpicture08/pic4148/41481484_003.jpg?impolicy=heightRate&rh=1200&cw=2000&ch=1200&cg=Center&wtmk=http://ci.encar.com/wt_mark/w_mark_04.png&wtmkg=SouthEast&wtmkw=1&wtmkh=1&t=20240604163347
https://ci.encar.com/carpicture/carpicture08/pic4148/41481484_004.jpg?impolicy=heightRate&rh=1200&cw=2000&ch=1200&cg=Center&wtmk=http://ci.encar.com/wt_mark/w_mark_04.png&wtmkg=SouthEast&wtmkw=1&wtmkh=1&t=20240604163347
https://ci.encar.com/carpicture/carpicture08/pic4148/41481484_005.jpg?impolicy=heightRate&rh=1200&cw=2000&ch=1200&cg=Center&wtmk=http://ci.encar.com/wt_mark/w_mark_04.png&wtmkg=SouthEast&wtmkw=1&wtmkh=1&t=20240604163347
https://ci.encar.com/carpicture/carpicture08/pic4148/41481484_006.jpg?impolicy=heightRate&rh=1200&cw=2000&ch=1200&cg=Center&wtmk=http://ci.encar.com/wt_mark/w_mark_04.png&wtmkg=SouthEast&wtmkw=1&wtmkh=1&t=20240604163347
https://ci.encar.com/carpicture/carpicture08/pic4148/41481484_007.jpg?impolicy=heightRate&rh=1200&cw=2000&ch=1200&cg=Center&wtmk=http://ci.encar.com/wt_mark/w_mark_04.png&wtmkg=SouthEast&wtmkw=1&wtmkh=1&t=20240604163347
https://ci.encar.com/carpicture/carpicture08/pic4148/41481484_008.jpg?impolicy=heightRate&rh=1200&cw=2000&ch=1200&cg=Center&wtmk=http://ci.encar.com/wt_mark/w_mark_04.png&wtmkg=SouthEast&wtmkw=1&wtmkh=1&t=20240604163347
https://ci.encar.com/carpicture/carpicture08/pic4148/41481484_009.jpg?impolicy=heightRate&rh=1200&cw=2000&ch=1200&cg=Center&wtmk=http://ci.encar.com/wt_mark/w_mark_04.png&wtmkg=SouthEast&wtmkw=1&wtmkh=1&t=20240604163347
https://ci.encar.com/carpicture/carpicture08/pic4148/41481484_010.jpg?impolicy=heightRate&rh=1200&cw=2000&ch=1200&cg=Center&wtmk=http://ci.encar.com/wt_mark/w_mark_04.png&wtmkg=SouthEast&wtmkw=1&wtmkh=1&t=20240604163347
https://ci.encar.com/carpicture/carpicture08/pic4148/41481484_015.jpg?impolicy=heightRate&rh=1200&cw=2000&ch=1200&cg=Center&wtmk=http://ci.encar.com/wt_mark/w_mark_04.png&wtmkg=SouthEast&wtmkw=1&wtmkh=1&t=20240604163347"
"1770616261-18","https://avtokorea.by/search/","","https://avtokorea.by/avto/knam2411bpa047044/","K8 Hybrid Noblesse KNAM2411BPA047044																		
																	
																
																
																	

																		
																			
																		
																	
																
																																
																	
																		
																			
																				
																					2023","(≈ 67041.78 BYN)","2023","35752 километров","Бензин","3.5","Автоматическая","22126$","Kia","K8","31200000","Автомобиль","Серый","KNAM2411BPA047044","Gangseo-gu, Seoul, Корея","27.2.2023","korea","42 million won","https://ci.encar.com/carpicture/carpicture07/pic4147/41479077_001.jpg?impolicy=heightRate&rh=1200&cw=2000&ch=1200&cg=Center&wtmk=http://ci.encar.com/wt_mark/w_mark_04.png&wtmkg=SouthEast&wtmkw=1&wtmkh=1&t=20240604163347
https://ci.encar.com/carpicture/carpicture07/pic4147/41479077_002.jpg?impolicy=heightRate&rh=1200&cw=2000&ch=1200&cg=Center&wtmk=http://ci.encar.com/wt_mark/w_mark_04.png&wtmkg=SouthEast&wtmkw=1&wtmkh=1&t=20240604163347
https://ci.encar.com/carpicture/carpicture07/pic4147/41479077_003.jpg?impolicy=heightRate&rh=1200&cw=2000&ch=1200&cg=Center&wtmk=http://ci.encar.com/wt_mark/w_mark_04.png&wtmkg=SouthEast&wtmkw=1&wtmkh=1&t=20240604163347
https://ci.encar.com/carpicture/carpicture07/pic4147/41479077_004.jpg?impolicy=heightRate&rh=1200&cw=2000&ch=1200&cg=Center&wtmk=http://ci.encar.com/wt_mark/w_mark_04.png&wtmkg=SouthEast&wtmkw=1&wtmkh=1&t=20240604163347
https://ci.encar.com/carpicture/carpicture07/pic4147/41479077_005.jpg?impolicy=heightRate&rh=1200&cw=2000&ch=1200&cg=Center&wtmk=http://ci.encar.com/wt_mark/w_mark_04.png&wtmkg=SouthEast&wtmkw=1&wtmkh=1&t=20240604163347
https://ci.encar.com/carpicture/carpicture07/pic4147/41479077_006.jpg?impolicy=heightRate&rh=1200&cw=2000&ch=1200&cg=Center&wtmk=http://ci.encar.com/wt_mark/w_mark_04.png&wtmkg=SouthEast&wtmkw=1&wtmkh=1&t=20240604163347
https://ci.encar.com/carpicture/carpicture07/pic4147/41479077_007.jpg?impolicy=heightRate&rh=1200&cw=2000&ch=1200&cg=Center&wtmk=http://ci.encar.com/wt_mark/w_mark_04.png&wtmkg=SouthEast&wtmkw=1&wtmkh=1&t=20240604163347
https://ci.encar.com/carpicture/carpicture07/pic4147/41479077_008.jpg?impolicy=heightRate&rh=1200&cw=2000&ch=1200&cg=Center&wtmk=http://ci.encar.com/wt_mark/w_mark_04.png&wtmkg=SouthEast&wtmkw=1&wtmkh=1&t=20240604163347
https://ci.encar.com/carpicture/carpicture07/pic4147/41479077_009.jpg?impolicy=heightRate&rh=1200&cw=2000&ch=1200&cg=Center&wtmk=http://ci.encar.com/wt_mark/w_mark_04.png&wtmkg=SouthEast&wtmkw=1&wtmkh=1&t=20240604163347
https://ci.encar.com/carpicture/carpicture07/pic4147/41479077_010.jpg?impolicy=heightRate&rh=1200&cw=2000&ch=1200&cg=Center&wtmk=http://ci.encar.com/wt_mark/w_mark_04.png&wtmkg=SouthEast&wtmkw=1&wtmkh=1&t=20240604163347
https://ci.encar.com/carpicture/carpicture07/pic4147/41479077_015.jpg?impolicy=heightRate&rh=1200&cw=2000&ch=1200&cg=Center&wtmk=http://ci.encar.com/wt_mark/w_mark_04.png&wtmkg=SouthEast&wtmkw=1&wtmkh=1&t=20240604163347
https://ci.encar.com/carpicture/carpicture07/pic4147/41479077_016.jpg?impolicy=heightRate&rh=1200&cw=2000&ch=1200&cg=Center&wtmk=http://ci.encar.com/wt_mark/w_mark_04.png&wtmkg=SouthEast&wtmkw=1&wtmkh=1&t=20240604163347
https://ci.encar.com/carpicture/carpicture07/pic4147/41479077_017.jpg?impolicy=heightRate&rh=1200&cw=2000&ch=1200&cg=Center&wtmk=http://ci.encar.com/wt_mark/w_mark_04.png&wtmkg=SouthEast&wtmkw=1&wtmkh=1&t=20240604163347
https://ci.encar.com/carpicture/carpicture07/pic4147/41479077_018.jpg?impolicy=heightRate&rh=1200&cw=2000&ch=1200&cg=Center&wtmk=http://ci.encar.com/wt_mark/w_mark_04.png&wtmkg=SouthEast&wtmkw=1&wtmkh=1&t=20240604163347
https://ci.encar.com/carpicture/carpicture07/pic4147/41479077_019.jpg?impolicy=heightRate&rh=1200&cw=2000&ch=1200&cg=Center&wtmk=http://ci.encar.com/wt_mark/w_mark_04.png&wtmkg=SouthEast&wtmkw=1&wtmkh=1&t=20240604163347
https://ci.encar.com/carpicture/carpicture07/pic4147/41479077_020.jpg?impolicy=heightRate&rh=1200&cw=2000&ch=1200&cg=Center&wtmk=http://ci.encar.com/wt_mark/w_mark_04.png&wtmkg=SouthEast&wtmkw=1&wtmkh=1&t=20240604163347
https://ci.encar.com/carpicture/carpicture07/pic4147/41479077_021.jpg?impolicy=heightRate&rh=1200&cw=2000&ch=1200&cg=Center&wtmk=http://ci.encar.com/wt_mark/w_mark_04.png&wtmkg=SouthEast&wtmkw=1&wtmkh=1&t=20240604163347
https://ci.encar.com/carpicture/carpicture07/pic4147/41479077_022.jpg?impolicy=heightRate&rh=1200&cw=2000&ch=1200&cg=Center&wtmk=http://ci.encar.com/wt_mark/w_mark_04.png&wtmkg=SouthEast&wtmkw=1&wtmkh=1&t=20240604163347
https://ci.encar.com/carpicture/carpicture07/pic4147/41479077_023.jpg?impolicy=heightRate&rh=1200&cw=2000&ch=1200&cg=Center&wtmk=http://ci.encar.com/wt_mark/w_mark_04.png&wtmkg=SouthEast&wtmkw=1&wtmkh=1&t=20240604163347
https://ci.encar.com/carpicture/carpicture07/pic4147/41479077_024.jpg?impolicy=heightRate&rh=1200&cw=2000&ch=1200&cg=Center&wtmk=http://ci.encar.com/wt_mark/w_mark_04.png&wtmkg=SouthEast&wtmkw=1&wtmkh=1&t=20240604163347"
"1770616293-19","https://avtokorea.by/search/","","https://avtokorea.by/avto/encar41481481/","Seltos Gasoline 1.6 Turbo 2Wd Signature ENCAR41481481																		
																	
																
																
																	

																		
																			
																		
																	
																
																																
																	
																		
																			
																				
																					2020","(≈ 45428.79 BYN)","I","21000000","Дизель","1.6","Автоматическая","2020","Kia","Seltos","14993$","62365 километров","Автомобиль","1.6","ENCAR41481481","Gyeonggi Province, Корея","","","https://ci.encar.com/carpicture/carpicture08/pic4148/41481481_001.jpg?impolicy=heightRate&rh=1200&cw=2000&ch=1200&cg=Center&wtmk=http://ci.encar.com/wt_mark/w_mark_04.png&wtmkg=SouthEast&wtmkw=1&wtmkh=1&t=20240604163347
https://ci.encar.com/carpicture/carpicture08/pic4148/41481481_002.jpg?impolicy=heightRate&rh=1200&cw=2000&ch=1200&cg=Center&wtmk=http://ci.encar.com/wt_mark/w_mark_04.png&wtmkg=SouthEast&wtmkw=1&wtmkh=1&t=20240604163347
https://ci.encar.com/carpicture/carpicture08/pic4148/41481481_003.jpg?impolicy=heightRate&rh=1200&cw=2000&ch=1200&cg=Center&wtmk=http://ci.encar.com/wt_mark/w_mark_04.png&wtmkg=SouthEast&wtmkw=1&wtmkh=1&t=20240604163347
https://ci.encar.com/carpicture/carpicture08/pic4148/41481481_004.jpg?impolicy=heightRate&rh=1200&cw=2000&ch=1200&cg=Center&wtmk=http://ci.encar.com/wt_mark/w_mark_04.png&wtmkg=SouthEast&wtmkw=1&wtmkh=1&t=20240604163347
https://ci.encar.com/carpicture/carpicture08/pic4148/41481481_005.jpg?impolicy=heightRate&rh=1200&cw=2000&ch=1200&cg=Center&wtmk=http://ci.encar.com/wt_mark/w_mark_04.png&wtmkg=SouthEast&wtmkw=1&wtmkh=1&t=20240604163347
https://ci.encar.com/carpicture/carpicture08/pic4148/41481481_006.jpg?impolicy=heightRate&rh=1200&cw=2000&ch=1200&cg=Center&wtmk=http://ci.encar.com/wt_mark/w_mark_04.png&wtmkg=SouthEast&wtmkw=1&wtmkh=1&t=20240604163347
https://ci.encar.com/carpicture/carpicture08/pic4148/41481481_007.jpg?impolicy=heightRate&rh=1200&cw=2000&ch=1200&cg=Center&wtmk=http://ci.encar.com/wt_mark/w_mark_04.png&wtmkg=SouthEast&wtmkw=1&wtmkh=1&t=20240604163347
https://ci.encar.com/carpicture/carpicture08/pic4148/41481481_008.jpg?impolicy=heightRate&rh=1200&cw=2000&ch=1200&cg=Center&wtmk=http://ci.encar.com/wt_mark/w_mark_04.png&wtmkg=SouthEast&wtmkw=1&wtmkh=1&t=20240604163347
https://ci.encar.com/carpicture/carpicture08/pic4148/41481481_009.jpg?impolicy=heightRate&rh=1200&cw=2000&ch=1200&cg=Center&wtmk=http://ci.encar.com/wt_mark/w_mark_04.png&wtmkg=SouthEast&wtmkw=1&wtmkh=1&t=20240604163347
https://ci.encar.com/carpicture/carpicture08/pic4148/41481481_010.jpg?impolicy=heightRate&rh=1200&cw=2000&ch=1200&cg=Center&wtmk=http://ci.encar.com/wt_mark/w_mark_04.png&wtmkg=SouthEast&wtmkw=1&wtmkh=1&t=20240604163347
https://ci.encar.com/carpicture/carpicture08/pic4148/41481481_015.jpg?impolicy=heightRate&rh=1200&cw=2000&ch=1200&cg=Center&wtmk=http://ci.encar.com/wt_mark/w_mark_04.png&wtmkg=SouthEast&wtmkw=1&wtmkh=1&t=20240604163347
https://ci.encar.com/carpicture/carpicture08/pic4148/41481481_016.jpg?impolicy=heightRate&rh=1200&cw=2000&ch=1200&cg=Center&wtmk=http://ci.encar.com/wt_mark/w_mark_04.png&wtmkg=SouthEast&wtmkw=1&wtmkh=1&t=20240604163347
https://ci.encar.com/carpicture/carpicture08/pic4148/41481481_017.jpg?impolicy=heightRate&rh=1200&cw=2000&ch=1200&cg=Center&wtmk=http://ci.encar.com/wt_mark/w_mark_04.png&wtmkg=SouthEast&wtmkw=1&wtmkh=1&t=20240604163347
https://ci.encar.com/carpicture/carpicture08/pic4148/41481481_018.jpg?impolicy=heightRate&rh=1200&cw=2000&ch=1200&cg=Center&wtmk=http://ci.encar.com/wt_mark/w_mark_04.png&wtmkg=SouthEast&wtmkw=1&wtmkh=1&t=20240604163347
https://ci.encar.com/carpicture/carpicture08/pic4148/41481481_019.jpg?impolicy=heightRate&rh=1200&cw=2000&ch=1200&cg=Center&wtmk=http://ci.encar.com/wt_mark/w_mark_04.png&wtmkg=SouthEast&wtmkw=1&wtmkh=1&t=20240604163347
https://ci.encar.com/carpicture/carpicture08/pic4148/41481481_020.jpg?impolicy=heightRate&rh=1200&cw=2000&ch=1200&cg=Center&wtmk=http://ci.encar.com/wt_mark/w_mark_04.png&wtmkg=SouthEast&wtmkw=1&wtmkh=1&t=20240604163347
https://ci.encar.com/carpicture/carpicture08/pic4148/41481481_021.jpg?impolicy=heightRate&rh=1200&cw=2000&ch=1200&cg=Center&wtmk=http://ci.encar.com/wt_mark/w_mark_04.png&wtmkg=SouthEast&wtmkw=1&wtmkh=1&t=20240604163347
https://ci.encar.com/carpicture/carpicture08/pic4148/41481481_022.jpg?impolicy=heightRate&rh=1200&cw=2000&ch=1200&cg=Center&wtmk=http://ci.encar.com/wt_mark/w_mark_04.png&wtmkg=SouthEast&wtmkw=1&wtmkh=1&t=20240604163347
https://ci.encar.com/carpicture/carpicture08/pic4148/41481481_023.jpg?impolicy=heightRate&rh=1200&cw=2000&ch=1200&cg=Center&wtmk=http://ci.encar.com/wt_mark/w_mark_04.png&wtmkg=SouthEast&wtmkw=1&wtmkh=1&t=20240604163347
https://ci.encar.com/carpicture/carpicture08/pic4148/41481481_024.jpg?impolicy=heightRate&rh=1200&cw=2000&ch=1200&cg=Center&wtmk=http://ci.encar.com/wt_mark/w_mark_04.png&wtmkg=SouthEast&wtmkw=1&wtmkh=1&t=20240604163347"
"1770616309-20","https://avtokorea.by/search/","","https://avtokorea.by/avto/encar41481626/","All New Mighty Supercap ENCAR41481626																		
																	
																
																
																	

																		
																			
																		
																	
																
																																
																	
																		
																			
																				
																					2018","(≈ 75092.49 BYN)","24783$","Грузовики","Бензин","3.8","Автоматическая","35000000","Hyundai","2018","380000 километров","Белый","Механическая","Gyeongsan-si, Gyeongsangbuk-do, Корея","Заводится и едет","41481626","","","https://ci.encar.com/carpicture/carpicture08/pic4148/41481626_001.jpg?impolicy=heightRate&rh=1200&cw=2000&ch=1200&cg=Center&wtmk=http://ci.encar.com/wt_mark/w_mark_04.png&wtmkg=SouthEast&wtmkw=1&wtmkh=1&t=20240604163347
https://ci.encar.com/carpicture/carpicture08/pic4148/41481626_002.jpg?impolicy=heightRate&rh=1200&cw=2000&ch=1200&cg=Center&wtmk=http://ci.encar.com/wt_mark/w_mark_04.png&wtmkg=SouthEast&wtmkw=1&wtmkh=1&t=20240604163347
https://ci.encar.com/carpicture/carpicture08/pic4148/41481626_003.jpg?impolicy=heightRate&rh=1200&cw=2000&ch=1200&cg=Center&wtmk=http://ci.encar.com/wt_mark/w_mark_04.png&wtmkg=SouthEast&wtmkw=1&wtmkh=1&t=20240604163347
https://ci.encar.com/carpicture/carpicture08/pic4148/41481626_004.jpg?impolicy=heightRate&rh=1200&cw=2000&ch=1200&cg=Center&wtmk=http://ci.encar.com/wt_mark/w_mark_04.png&wtmkg=SouthEast&wtmkw=1&wtmkh=1&t=20240604163347
https://ci.encar.com/carpicture/carpicture08/pic4148/41481626_005.jpg?impolicy=heightRate&rh=1200&cw=2000&ch=1200&cg=Center&wtmk=http://ci.encar.com/wt_mark/w_mark_04.png&wtmkg=SouthEast&wtmkw=1&wtmkh=1&t=20240604163347
https://ci.encar.com/carpicture/carpicture08/pic4148/41481626_006.jpg?impolicy=heightRate&rh=1200&cw=2000&ch=1200&cg=Center&wtmk=http://ci.encar.com/wt_mark/w_mark_04.png&wtmkg=SouthEast&wtmkw=1&wtmkh=1&t=20240604163347
https://ci.encar.com/carpicture/carpicture08/pic4148/41481626_007.jpg?impolicy=heightRate&rh=1200&cw=2000&ch=1200&cg=Center&wtmk=http://ci.encar.com/wt_mark/w_mark_04.png&wtmkg=SouthEast&wtmkw=1&wtmkh=1&t=20240604163347
https://ci.encar.com/carpicture/carpicture08/pic4148/41481626_008.jpg?impolicy=heightRate&rh=1200&cw=2000&ch=1200&cg=Center&wtmk=http://ci.encar.com/wt_mark/w_mark_04.png&wtmkg=SouthEast&wtmkw=1&wtmkh=1&t=20240604163347
https://ci.encar.com/carpicture/carpicture08/pic4148/41481626_009.jpg?impolicy=heightRate&rh=1200&cw=2000&ch=1200&cg=Center&wtmk=http://ci.encar.com/wt_mark/w_mark_04.png&wtmkg=SouthEast&wtmkw=1&wtmkh=1&t=20240604163347
https://ci.encar.com/carpicture/carpicture08/pic4148/41481626_010.jpg?impolicy=heightRate&rh=1200&cw=2000&ch=1200&cg=Center&wtmk=http://ci.encar.com/wt_mark/w_mark_04.png&wtmkg=SouthEast&wtmkw=1&wtmkh=1&t=20240604163347
https://ci.encar.com/carpicture/carpicture08/pic4148/41481626_015.jpg?impolicy=heightRate&rh=1200&cw=2000&ch=1200&cg=Center&wtmk=http://ci.encar.com/wt_mark/w_mark_04.png&wtmkg=SouthEast&wtmkw=1&wtmkh=1&t=20240604163347
https://ci.encar.com/carpicture/carpicture08/pic4148/41481626_016.jpg?impolicy=heightRate&rh=1200&cw=2000&ch=1200&cg=Center&wtmk=http://ci.encar.com/wt_mark/w_mark_04.png&wtmkg=SouthEast&wtmkw=1&wtmkh=1&t=20240604163347
https://ci.encar.com/carpicture/carpicture08/pic4148/41481626_017.jpg?impolicy=heightRate&rh=1200&cw=2000&ch=1200&cg=Center&wtmk=http://ci.encar.com/wt_mark/w_mark_04.png&wtmkg=SouthEast&wtmkw=1&wtmkh=1&t=20240604163347"
"1770616344-21","https://avtokorea.by/search/","","https://avtokorea.by/avto/encar41481207/","Sonata The Edge (Dn8) 2.0 Exclusive ENCAR41481207																		
																	
																
																
																	

																		
																			
																		
																	
																
																																
																	
																		
																			
																				
																					2023","(≈ 62166.51 BYN)","2023","28500 километров","Бензин","2.0","Автоматическая","20517$","Hyundai","Sonata","28900000","Автомобиль","Черный","ENCAR41481207","Daejeon, Корея","Заводится и едет","","","https://ci.encar.com/carpicture/carpicture08/pic4148/41481207_001.jpg?impolicy=heightRate&rh=1200&cw=2000&ch=1200&cg=Center&wtmk=http://ci.encar.com/wt_mark/w_mark_04.png&wtmkg=SouthEast&wtmkw=1&wtmkh=1&t=20240604163347
https://ci.encar.com/carpicture/carpicture08/pic4148/41481207_002.jpg?impolicy=heightRate&rh=1200&cw=2000&ch=1200&cg=Center&wtmk=http://ci.encar.com/wt_mark/w_mark_04.png&wtmkg=SouthEast&wtmkw=1&wtmkh=1&t=20240604163347
https://ci.encar.com/carpicture/carpicture08/pic4148/41481207_003.jpg?impolicy=heightRate&rh=1200&cw=2000&ch=1200&cg=Center&wtmk=http://ci.encar.com/wt_mark/w_mark_04.png&wtmkg=SouthEast&wtmkw=1&wtmkh=1&t=20240604163347
https://ci.encar.com/carpicture/carpicture08/pic4148/41481207_004.jpg?impolicy=heightRate&rh=1200&cw=2000&ch=1200&cg=Center&wtmk=http://ci.encar.com/wt_mark/w_mark_04.png&wtmkg=SouthEast&wtmkw=1&wtmkh=1&t=20240604163347
https://ci.encar.com/carpicture/carpicture08/pic4148/41481207_005.jpg?impolicy=heightRate&rh=1200&cw=2000&ch=1200&cg=Center&wtmk=http://ci.encar.com/wt_mark/w_mark_04.png&wtmkg=SouthEast&wtmkw=1&wtmkh=1&t=20240604163347
https://ci.encar.com/carpicture/carpicture08/pic4148/41481207_006.jpg?impolicy=heightRate&rh=1200&cw=2000&ch=1200&cg=Center&wtmk=http://ci.encar.com/wt_mark/w_mark_04.png&wtmkg=SouthEast&wtmkw=1&wtmkh=1&t=20240604163347
https://ci.encar.com/carpicture/carpicture08/pic4148/41481207_007.jpg?impolicy=heightRate&rh=1200&cw=2000&ch=1200&cg=Center&wtmk=http://ci.encar.com/wt_mark/w_mark_04.png&wtmkg=SouthEast&wtmkw=1&wtmkh=1&t=20240604163347
https://ci.encar.com/carpicture/carpicture08/pic4148/41481207_008.jpg?impolicy=heightRate&rh=1200&cw=2000&ch=1200&cg=Center&wtmk=http://ci.encar.com/wt_mark/w_mark_04.png&wtmkg=SouthEast&wtmkw=1&wtmkh=1&t=20240604163347
https://ci.encar.com/carpicture/carpicture08/pic4148/41481207_009.jpg?impolicy=heightRate&rh=1200&cw=2000&ch=1200&cg=Center&wtmk=http://ci.encar.com/wt_mark/w_mark_04.png&wtmkg=SouthEast&wtmkw=1&wtmkh=1&t=20240604163347
https://ci.encar.com/carpicture/carpicture08/pic4148/41481207_010.jpg?impolicy=heightRate&rh=1200&cw=2000&ch=1200&cg=Center&wtmk=http://ci.encar.com/wt_mark/w_mark_04.png&wtmkg=SouthEast&wtmkw=1&wtmkh=1&t=20240604163347
https://ci.encar.com/carpicture/carpicture08/pic4148/41481207_015.jpg?impolicy=heightRate&rh=1200&cw=2000&ch=1200&cg=Center&wtmk=http://ci.encar.com/wt_mark/w_mark_04.png&wtmkg=SouthEast&wtmkw=1&wtmkh=1&t=20240604163347
https://ci.encar.com/carpicture/carpicture08/pic4148/41481207_016.jpg?impolicy=heightRate&rh=1200&cw=2000&ch=1200&cg=Center&wtmk=http://ci.encar.com/wt_mark/w_mark_04.png&wtmkg=SouthEast&wtmkw=1&wtmkh=1&t=20240604163347
https://ci.encar.com/carpicture/carpicture08/pic4148/41481207_017.jpg?impolicy=heightRate&rh=1200&cw=2000&ch=1200&cg=Center&wtmk=http://ci.encar.com/wt_mark/w_mark_04.png&wtmkg=SouthEast&wtmkw=1&wtmkh=1&t=20240604163347
https://ci.encar.com/carpicture/carpicture08/pic4148/41481207_018.jpg?impolicy=heightRate&rh=1200&cw=2000&ch=1200&cg=Center&wtmk=http://ci.encar.com/wt_mark/w_mark_04.png&wtmkg=SouthEast&wtmkw=1&wtmkh=1&t=20240604163347
https://ci.encar.com/carpicture/carpicture08/pic4148/41481207_019.jpg?impolicy=heightRate&rh=1200&cw=2000&ch=1200&cg=Center&wtmk=http://ci.encar.com/wt_mark/w_mark_04.png&wtmkg=SouthEast&wtmkw=1&wtmkh=1&t=20240604163347
https://ci.encar.com/carpicture/carpicture08/pic4148/41481207_020.jpg?impolicy=heightRate&rh=1200&cw=2000&ch=1200&cg=Center&wtmk=http://ci.encar.com/wt_mark/w_mark_04.png&wtmkg=SouthEast&wtmkw=1&wtmkh=1&t=20240604163347
https://ci.encar.com/carpicture/carpicture08/pic4148/41481207_021.jpg?impolicy=heightRate&rh=1200&cw=2000&ch=1200&cg=Center&wtmk=http://ci.encar.com/wt_mark/w_mark_04.png&wtmkg=SouthEast&wtmkw=1&wtmkh=1&t=20240604163347
https://ci.encar.com/carpicture/carpicture08/pic4148/41481207_022.jpg?impolicy=heightRate&rh=1200&cw=2000&ch=1200&cg=Center&wtmk=http://ci.encar.com/wt_mark/w_mark_04.png&wtmkg=SouthEast&wtmkw=1&wtmkh=1&t=20240604163347
https://ci.encar.com/carpicture/carpicture08/pic4148/41481207_023.jpg?impolicy=heightRate&rh=1200&cw=2000&ch=1200&cg=Center&wtmk=http://ci.encar.com/wt_mark/w_mark_04.png&wtmkg=SouthEast&wtmkw=1&wtmkh=1&t=20240604163347
https://ci.encar.com/carpicture/carpicture08/pic4148/41481207_024.jpg?impolicy=heightRate&rh=1200&cw=2000&ch=1200&cg=Center&wtmk=http://ci.encar.com/wt_mark/w_mark_04.png&wtmkg=SouthEast&wtmkw=1&wtmkh=1&t=20240604163347"
"1770616371-22","https://avtokorea.by/search/","","https://avtokorea.by/avto/encar41481701/","Porter Ⅱ Supercap Crdi ENCAR41481701																		
																	
																
																
																	

																		
																			
																		
																	
																
																																
																	
																		
																			
																				
																					2017","(≈ 21485.73 BYN)","2017","165000 километров","Дизель","2.5","Механическая","7091$","Hyundai","Porter","9700000","Грузовая машина","Синий","2.5","ENCAR41481701","jeonbuk, Корея","","","https://ci.encar.com/carpicture/carpicture08/pic4148/41481701_001.jpg?impolicy=heightRate&rh=1200&cw=2000&ch=1200&cg=Center&wtmk=http://ci.encar.com/wt_mark/w_mark_04.png&wtmkg=SouthEast&wtmkw=1&wtmkh=1&t=20240604163347
https://ci.encar.com/carpicture/carpicture08/pic4148/41481701_002.jpg?impolicy=heightRate&rh=1200&cw=2000&ch=1200&cg=Center&wtmk=http://ci.encar.com/wt_mark/w_mark_04.png&wtmkg=SouthEast&wtmkw=1&wtmkh=1&t=20240604163347
https://ci.encar.com/carpicture/carpicture08/pic4148/41481701_003.jpg?impolicy=heightRate&rh=1200&cw=2000&ch=1200&cg=Center&wtmk=http://ci.encar.com/wt_mark/w_mark_04.png&wtmkg=SouthEast&wtmkw=1&wtmkh=1&t=20240604163347
https://ci.encar.com/carpicture/carpicture08/pic4148/41481701_004.jpg?impolicy=heightRate&rh=1200&cw=2000&ch=1200&cg=Center&wtmk=http://ci.encar.com/wt_mark/w_mark_04.png&wtmkg=SouthEast&wtmkw=1&wtmkh=1&t=20240604163347
https://ci.encar.com/carpicture/carpicture08/pic4148/41481701_006.jpg?impolicy=heightRate&rh=1200&cw=2000&ch=1200&cg=Center&wtmk=http://ci.encar.com/wt_mark/w_mark_04.png&wtmkg=SouthEast&wtmkw=1&wtmkh=1&t=20240604163347
https://ci.encar.com/carpicture/carpicture08/pic4148/41481701_007.jpg?impolicy=heightRate&rh=1200&cw=2000&ch=1200&cg=Center&wtmk=http://ci.encar.com/wt_mark/w_mark_04.png&wtmkg=SouthEast&wtmkw=1&wtmkh=1&t=20240604163347
https://ci.encar.com/carpicture/carpicture08/pic4148/41481701_008.jpg?impolicy=heightRate&rh=1200&cw=2000&ch=1200&cg=Center&wtmk=http://ci.encar.com/wt_mark/w_mark_04.png&wtmkg=SouthEast&wtmkw=1&wtmkh=1&t=20240604163347
https://ci.encar.com/carpicture/carpicture08/pic4148/41481701_009.jpg?impolicy=heightRate&rh=1200&cw=2000&ch=1200&cg=Center&wtmk=http://ci.encar.com/wt_mark/w_mark_04.png&wtmkg=SouthEast&wtmkw=1&wtmkh=1&t=20240604163347
https://ci.encar.com/carpicture/carpicture08/pic4148/41481701_010.jpg?impolicy=heightRate&rh=1200&cw=2000&ch=1200&cg=Center&wtmk=http://ci.encar.com/wt_mark/w_mark_04.png&wtmkg=SouthEast&wtmkw=1&wtmkh=1&t=20240604163347
https://ci.encar.com/carpicture/carpicture08/pic4148/41481701_015.jpg?impolicy=heightRate&rh=1200&cw=2000&ch=1200&cg=Center&wtmk=http://ci.encar.com/wt_mark/w_mark_04.png&wtmkg=SouthEast&wtmkw=1&wtmkh=1&t=20240604163347
https://ci.encar.com/carpicture/carpicture08/pic4148/41481701_016.jpg?impolicy=heightRate&rh=1200&cw=2000&ch=1200&cg=Center&wtmk=http://ci.encar.com/wt_mark/w_mark_04.png&wtmkg=SouthEast&wtmkw=1&wtmkh=1&t=20240604163347
https://ci.encar.com/carpicture/carpicture08/pic4148/41481701_017.jpg?impolicy=heightRate&rh=1200&cw=2000&ch=1200&cg=Center&wtmk=http://ci.encar.com/wt_mark/w_mark_04.png&wtmkg=SouthEast&wtmkw=1&wtmkh=1&t=20240604163347
https://ci.encar.com/carpicture/carpicture08/pic4148/41481701_018.jpg?impolicy=heightRate&rh=1200&cw=2000&ch=1200&cg=Center&wtmk=http://ci.encar.com/wt_mark/w_mark_04.png&wtmkg=SouthEast&wtmkw=1&wtmkh=1&t=20240604163347
https://ci.encar.com/carpicture/carpicture08/pic4148/41481701_019.jpg?impolicy=heightRate&rh=1200&cw=2000&ch=1200&cg=Center&wtmk=http://ci.encar.com/wt_mark/w_mark_04.png&wtmkg=SouthEast&wtmkw=1&wtmkh=1&t=20240604163347
https://ci.encar.com/carpicture/carpicture08/pic4148/41481701_020.jpg?impolicy=heightRate&rh=1200&cw=2000&ch=1200&cg=Center&wtmk=http://ci.encar.com/wt_mark/w_mark_04.png&wtmkg=SouthEast&wtmkw=1&wtmkh=1&t=20240604163347"
"1770616392-23","https://avtokorea.by/search/","","https://avtokorea.by/avto/encar41481521/","Glb-Class X247 Glb200 D ENCAR41481521																		
																	
																
																
																	

																		
																			
																		
																	
																
																																
																	
																		
																			
																				
																					2021","(≈ 97341.78 BYN)","I (X247)","45500000","Бензин","2.0","Автоматическая","2021","Mercedes-Benz","GLB","32126$","64314 километров","Автомобиль","2.0","ENCAR41481521","237 Jibong-ro, Suncheon-si, Jeollanam-do, Корея","","","https://ci.encar.com/carpicture/carpicture08/pic4148/41481521_001.JPG?impolicy=heightRate&rh=1200&cw=2000&ch=1200&cg=Center&wtmk=http://ci.encar.com/wt_mark/w_mark_04.png&wtmkg=SouthEast&wtmkw=1&wtmkh=1&t=20240604163347
https://ci.encar.com/carpicture/carpicture08/pic4148/41481521_002.JPG?impolicy=heightRate&rh=1200&cw=2000&ch=1200&cg=Center&wtmk=http://ci.encar.com/wt_mark/w_mark_04.png&wtmkg=SouthEast&wtmkw=1&wtmkh=1&t=20240604163347
https://ci.encar.com/carpicture/carpicture08/pic4148/41481521_003.JPG?impolicy=heightRate&rh=1200&cw=2000&ch=1200&cg=Center&wtmk=http://ci.encar.com/wt_mark/w_mark_04.png&wtmkg=SouthEast&wtmkw=1&wtmkh=1&t=20240604163347
https://ci.encar.com/carpicture/carpicture08/pic4148/41481521_004.JPG?impolicy=heightRate&rh=1200&cw=2000&ch=1200&cg=Center&wtmk=http://ci.encar.com/wt_mark/w_mark_04.png&wtmkg=SouthEast&wtmkw=1&wtmkh=1&t=20240604163347
https://ci.encar.com/carpicture/carpicture08/pic4148/41481521_005.JPG?impolicy=heightRate&rh=1200&cw=2000&ch=1200&cg=Center&wtmk=http://ci.encar.com/wt_mark/w_mark_04.png&wtmkg=SouthEast&wtmkw=1&wtmkh=1&t=20240604163347
https://ci.encar.com/carpicture/carpicture08/pic4148/41481521_006.JPG?impolicy=heightRate&rh=1200&cw=2000&ch=1200&cg=Center&wtmk=http://ci.encar.com/wt_mark/w_mark_04.png&wtmkg=SouthEast&wtmkw=1&wtmkh=1&t=20240604163347
https://ci.encar.com/carpicture/carpicture08/pic4148/41481521_007.JPG?impolicy=heightRate&rh=1200&cw=2000&ch=1200&cg=Center&wtmk=http://ci.encar.com/wt_mark/w_mark_04.png&wtmkg=SouthEast&wtmkw=1&wtmkh=1&t=20240604163347
https://ci.encar.com/carpicture/carpicture08/pic4148/41481521_008.JPG?impolicy=heightRate&rh=1200&cw=2000&ch=1200&cg=Center&wtmk=http://ci.encar.com/wt_mark/w_mark_04.png&wtmkg=SouthEast&wtmkw=1&wtmkh=1&t=20240604163347
https://ci.encar.com/carpicture/carpicture08/pic4148/41481521_009.JPG?impolicy=heightRate&rh=1200&cw=2000&ch=1200&cg=Center&wtmk=http://ci.encar.com/wt_mark/w_mark_04.png&wtmkg=SouthEast&wtmkw=1&wtmkh=1&t=20240604163347"
"1770616413-24","https://avtokorea.by/search/","","https://avtokorea.by/avto/knapv81gbpk046325/","Sportage 5Th Generation Hybrid Prestige 2Wd KNAPV81GBPK046325																		
																	
																
																
																	

																		
																			
																		
																	
																
																																
																	
																		
																			
																				
																					2022","(≈ 59412.24 BYN)","V","27600000","Дизель","1.6","Автоматическая","2022","Kia","Sportage","19608$","52267 километров","Автомобиль","G4FT","1.6","KNAPV81GBPK046325","","","https://ci.encar.com/carpicture/carpicture08/pic4148/41482027_001.jpg?impolicy=heightRate&rh=1200&cw=2000&ch=1200&cg=Center&wtmk=http://ci.encar.com/wt_mark/w_mark_04.png&wtmkg=SouthEast&wtmkw=1&wtmkh=1&t=20240604163347
https://ci.encar.com/carpicture/carpicture08/pic4148/41482027_002.jpg?impolicy=heightRate&rh=1200&cw=2000&ch=1200&cg=Center&wtmk=http://ci.encar.com/wt_mark/w_mark_04.png&wtmkg=SouthEast&wtmkw=1&wtmkh=1&t=20240604163347
https://ci.encar.com/carpicture/carpicture08/pic4148/41482027_003.jpg?impolicy=heightRate&rh=1200&cw=2000&ch=1200&cg=Center&wtmk=http://ci.encar.com/wt_mark/w_mark_04.png&wtmkg=SouthEast&wtmkw=1&wtmkh=1&t=20240604163347
https://ci.encar.com/carpicture/carpicture08/pic4148/41482027_004.jpg?impolicy=heightRate&rh=1200&cw=2000&ch=1200&cg=Center&wtmk=http://ci.encar.com/wt_mark/w_mark_04.png&wtmkg=SouthEast&wtmkw=1&wtmkh=1&t=20240604163347
https://ci.encar.com/carpicture/carpicture08/pic4148/41482027_005.jpg?impolicy=heightRate&rh=1200&cw=2000&ch=1200&cg=Center&wtmk=http://ci.encar.com/wt_mark/w_mark_04.png&wtmkg=SouthEast&wtmkw=1&wtmkh=1&t=20240604163347
https://ci.encar.com/carpicture/carpicture08/pic4148/41482027_006.jpg?impolicy=heightRate&rh=1200&cw=2000&ch=1200&cg=Center&wtmk=http://ci.encar.com/wt_mark/w_mark_04.png&wtmkg=SouthEast&wtmkw=1&wtmkh=1&t=20240604163347
https://ci.encar.com/carpicture/carpicture08/pic4148/41482027_007.jpg?impolicy=heightRate&rh=1200&cw=2000&ch=1200&cg=Center&wtmk=http://ci.encar.com/wt_mark/w_mark_04.png&wtmkg=SouthEast&wtmkw=1&wtmkh=1&t=20240604163347
https://ci.encar.com/carpicture/carpicture08/pic4148/41482027_008.jpg?impolicy=heightRate&rh=1200&cw=2000&ch=1200&cg=Center&wtmk=http://ci.encar.com/wt_mark/w_mark_04.png&wtmkg=SouthEast&wtmkw=1&wtmkh=1&t=20240604163347
https://ci.encar.com/carpicture/carpicture08/pic4148/41482027_009.jpg?impolicy=heightRate&rh=1200&cw=2000&ch=1200&cg=Center&wtmk=http://ci.encar.com/wt_mark/w_mark_04.png&wtmkg=SouthEast&wtmkw=1&wtmkh=1&t=20240604163347
https://ci.encar.com/carpicture/carpicture08/pic4148/41482027_010.jpg?impolicy=heightRate&rh=1200&cw=2000&ch=1200&cg=Center&wtmk=http://ci.encar.com/wt_mark/w_mark_04.png&wtmkg=SouthEast&wtmkw=1&wtmkh=1&t=20240604163347
https://ci.encar.com/carpicture/carpicture08/pic4148/41482027_015.jpg?impolicy=heightRate&rh=1200&cw=2000&ch=1200&cg=Center&wtmk=http://ci.encar.com/wt_mark/w_mark_04.png&wtmkg=SouthEast&wtmkw=1&wtmkh=1&t=20240604163347
https://ci.encar.com/carpicture/carpicture08/pic4148/41482027_016.jpg?impolicy=heightRate&rh=1200&cw=2000&ch=1200&cg=Center&wtmk=http://ci.encar.com/wt_mark/w_mark_04.png&wtmkg=SouthEast&wtmkw=1&wtmkh=1&t=20240604163347
https://ci.encar.com/carpicture/carpicture08/pic4148/41482027_017.jpg?impolicy=heightRate&rh=1200&cw=2000&ch=1200&cg=Center&wtmk=http://ci.encar.com/wt_mark/w_mark_04.png&wtmkg=SouthEast&wtmkw=1&wtmkh=1&t=20240604163347
https://ci.encar.com/carpicture/carpicture08/pic4148/41482027_018.jpg?impolicy=heightRate&rh=1200&cw=2000&ch=1200&cg=Center&wtmk=http://ci.encar.com/wt_mark/w_mark_04.png&wtmkg=SouthEast&wtmkw=1&wtmkh=1&t=20240604163347
https://ci.encar.com/carpicture/carpicture08/pic4148/41482027_019.jpg?impolicy=heightRate&rh=1200&cw=2000&ch=1200&cg=Center&wtmk=http://ci.encar.com/wt_mark/w_mark_04.png&wtmkg=SouthEast&wtmkw=1&wtmkh=1&t=20240604163347
https://ci.encar.com/carpicture/carpicture08/pic4148/41482027_020.jpg?impolicy=heightRate&rh=1200&cw=2000&ch=1200&cg=Center&wtmk=http://ci.encar.com/wt_mark/w_mark_04.png&wtmkg=SouthEast&wtmkw=1&wtmkh=1&t=20240604163347
https://ci.encar.com/carpicture/carpicture08/pic4148/41482027_021.jpg?impolicy=heightRate&rh=1200&cw=2000&ch=1200&cg=Center&wtmk=http://ci.encar.com/wt_mark/w_mark_04.png&wtmkg=SouthEast&wtmkw=1&wtmkh=1&t=20240604163347
https://ci.encar.com/carpicture/carpicture08/pic4148/41482027_022.jpg?impolicy=heightRate&rh=1200&cw=2000&ch=1200&cg=Center&wtmk=http://ci.encar.com/wt_mark/w_mark_04.png&wtmkg=SouthEast&wtmkw=1&wtmkh=1&t=20240604163347
https://ci.encar.com/carpicture/carpicture08/pic4148/41482027_023.jpg?impolicy=heightRate&rh=1200&cw=2000&ch=1200&cg=Center&wtmk=http://ci.encar.com/wt_mark/w_mark_04.png&wtmkg=SouthEast&wtmkw=1&wtmkh=1&t=20240604163347
https://ci.encar.com/carpicture/carpicture08/pic4148/41482027_024.jpg?impolicy=heightRate&rh=1200&cw=2000&ch=1200&cg=Center&wtmk=http://ci.encar.com/wt_mark/w_mark_04.png&wtmkg=SouthEast&wtmkw=1&wtmkh=1&t=20240604163347"
"1770616434-25","https://avtokorea.by/search/","","https://avtokorea.by/avto/kpdkfdnn1ep080464/","Korando Turismo 4Wd Gt 11-Seater KPDKFDNN1EP080464																		
																	
																
																
																	

																		
																			
																		
																	
																
																																
																	
																		
																			
																				
																					2013","(≈ 10677.72 BYN)","III 2","4600000","Дизель","2.0","Автоматическая","2013","SsangYong","Korando","3524$","173561 километров","Автомобиль","671960","2.0","KPDKFDNN1EP080464","","","https://ci.encar.com/carpicture/carpicture08/pic4148/41481541_001.jpg?impolicy=heightRate&rh=1200&cw=2000&ch=1200&cg=Center&wtmk=http://ci.encar.com/wt_mark/w_mark_04.png&wtmkg=SouthEast&wtmkw=1&wtmkh=1&t=20240604163347
https://ci.encar.com/carpicture/carpicture08/pic4148/41481541_002.jpg?impolicy=heightRate&rh=1200&cw=2000&ch=1200&cg=Center&wtmk=http://ci.encar.com/wt_mark/w_mark_04.png&wtmkg=SouthEast&wtmkw=1&wtmkh=1&t=20240604163347
https://ci.encar.com/carpicture/carpicture08/pic4148/41481541_003.jpg?impolicy=heightRate&rh=1200&cw=2000&ch=1200&cg=Center&wtmk=http://ci.encar.com/wt_mark/w_mark_04.png&wtmkg=SouthEast&wtmkw=1&wtmkh=1&t=20240604163347
https://ci.encar.com/carpicture/carpicture08/pic4148/41481541_004.jpg?impolicy=heightRate&rh=1200&cw=2000&ch=1200&cg=Center&wtmk=http://ci.encar.com/wt_mark/w_mark_04.png&wtmkg=SouthEast&wtmkw=1&wtmkh=1&t=20240604163347
https://ci.encar.com/carpicture/carpicture08/pic4148/41481541_005.jpg?impolicy=heightRate&rh=1200&cw=2000&ch=1200&cg=Center&wtmk=http://ci.encar.com/wt_mark/w_mark_04.png&wtmkg=SouthEast&wtmkw=1&wtmkh=1&t=20240604163347
https://ci.encar.com/carpicture/carpicture08/pic4148/41481541_006.jpg?impolicy=heightRate&rh=1200&cw=2000&ch=1200&cg=Center&wtmk=http://ci.encar.com/wt_mark/w_mark_04.png&wtmkg=SouthEast&wtmkw=1&wtmkh=1&t=20240604163347
https://ci.encar.com/carpicture/carpicture08/pic4148/41481541_007.jpg?impolicy=heightRate&rh=1200&cw=2000&ch=1200&cg=Center&wtmk=http://ci.encar.com/wt_mark/w_mark_04.png&wtmkg=SouthEast&wtmkw=1&wtmkh=1&t=20240604163347
https://ci.encar.com/carpicture/carpicture08/pic4148/41481541_008.jpg?impolicy=heightRate&rh=1200&cw=2000&ch=1200&cg=Center&wtmk=http://ci.encar.com/wt_mark/w_mark_04.png&wtmkg=SouthEast&wtmkw=1&wtmkh=1&t=20240604163347
https://ci.encar.com/carpicture/carpicture08/pic4148/41481541_009.jpg?impolicy=heightRate&rh=1200&cw=2000&ch=1200&cg=Center&wtmk=http://ci.encar.com/wt_mark/w_mark_04.png&wtmkg=SouthEast&wtmkw=1&wtmkh=1&t=20240604163347
https://ci.encar.com/carpicture/carpicture08/pic4148/41481541_010.jpg?impolicy=heightRate&rh=1200&cw=2000&ch=1200&cg=Center&wtmk=http://ci.encar.com/wt_mark/w_mark_04.png&wtmkg=SouthEast&wtmkw=1&wtmkh=1&t=20240604163347
https://ci.encar.com/carpicture/carpicture08/pic4148/41481541_015.jpg?impolicy=heightRate&rh=1200&cw=2000&ch=1200&cg=Center&wtmk=http://ci.encar.com/wt_mark/w_mark_04.png&wtmkg=SouthEast&wtmkw=1&wtmkh=1&t=20240604163347
https://ci.encar.com/carpicture/carpicture08/pic4148/41481541_016.jpg?impolicy=heightRate&rh=1200&cw=2000&ch=1200&cg=Center&wtmk=http://ci.encar.com/wt_mark/w_mark_04.png&wtmkg=SouthEast&wtmkw=1&wtmkh=1&t=20240604163347
https://ci.encar.com/carpicture/carpicture08/pic4148/41481541_017.jpg?impolicy=heightRate&rh=1200&cw=2000&ch=1200&cg=Center&wtmk=http://ci.encar.com/wt_mark/w_mark_04.png&wtmkg=SouthEast&wtmkw=1&wtmkh=1&t=20240604163347
https://ci.encar.com/carpicture/carpicture08/pic4148/41481541_018.jpg?impolicy=heightRate&rh=1200&cw=2000&ch=1200&cg=Center&wtmk=http://ci.encar.com/wt_mark/w_mark_04.png&wtmkg=SouthEast&wtmkw=1&wtmkh=1&t=20240604163347
https://ci.encar.com/carpicture/carpicture08/pic4148/41481541_019.jpg?impolicy=heightRate&rh=1200&cw=2000&ch=1200&cg=Center&wtmk=http://ci.encar.com/wt_mark/w_mark_04.png&wtmkg=SouthEast&wtmkw=1&wtmkh=1&t=20240604163347
https://ci.encar.com/carpicture/carpicture08/pic4148/41481541_020.jpg?impolicy=heightRate&rh=1200&cw=2000&ch=1200&cg=Center&wtmk=http://ci.encar.com/wt_mark/w_mark_04.png&wtmkg=SouthEast&wtmkw=1&wtmkh=1&t=20240604163347
https://ci.encar.com/carpicture/carpicture08/pic4148/41481541_021.jpg?impolicy=heightRate&rh=1200&cw=2000&ch=1200&cg=Center&wtmk=http://ci.encar.com/wt_mark/w_mark_04.png&wtmkg=SouthEast&wtmkw=1&wtmkh=1&t=20240604163347
https://ci.encar.com/carpicture/carpicture08/pic4148/41481541_022.jpg?impolicy=heightRate&rh=1200&cw=2000&ch=1200&cg=Center&wtmk=http://ci.encar.com/wt_mark/w_mark_04.png&wtmkg=SouthEast&wtmkw=1&wtmkh=1&t=20240604163347
https://ci.encar.com/carpicture/carpicture08/pic4148/41481541_023.jpg?impolicy=heightRate&rh=1200&cw=2000&ch=1200&cg=Center&wtmk=http://ci.encar.com/wt_mark/w_mark_04.png&wtmkg=SouthEast&wtmkw=1&wtmkh=1&t=20240604163347
https://ci.encar.com/carpicture/carpicture08/pic4148/41481541_024.jpg?impolicy=heightRate&rh=1200&cw=2000&ch=1200&cg=Center&wtmk=http://ci.encar.com/wt_mark/w_mark_04.png&wtmkg=SouthEast&wtmkw=1&wtmkh=1&t=20240604163347"
"1770616465-26","https://avtokorea.by/search/","","https://avtokorea.by/avto/5tdgrkecxss236853/","Sienna 4Th Generation 2.5 Hybrid 2Wd 5TDGRKECXSS236853																		
																	
																
																
																	

																		
																			
																		
																	
																
																																
																	
																		
																			
																				
																					2025","(≈ 142897.83 BYN)","IV","67000000","Гибрид","2.5","Автоматическая","2025","Toyota","Sienna","47161$","2034 километров","Автомобиль","A25A","2.5","5TDGRKECXSS236853","","","https://ci.encar.com/carpicture/carpicture08/pic4148/41481338_001.jpg?impolicy=heightRate&rh=1200&cw=2000&ch=1200&cg=Center&wtmk=http://ci.encar.com/wt_mark/w_mark_04.png&wtmkg=SouthEast&wtmkw=1&wtmkh=1&t=20240604163347
https://ci.encar.com/carpicture/carpicture08/pic4148/41481338_002.jpg?impolicy=heightRate&rh=1200&cw=2000&ch=1200&cg=Center&wtmk=http://ci.encar.com/wt_mark/w_mark_04.png&wtmkg=SouthEast&wtmkw=1&wtmkh=1&t=20240604163347
https://ci.encar.com/carpicture/carpicture08/pic4148/41481338_003.jpg?impolicy=heightRate&rh=1200&cw=2000&ch=1200&cg=Center&wtmk=http://ci.encar.com/wt_mark/w_mark_04.png&wtmkg=SouthEast&wtmkw=1&wtmkh=1&t=20240604163347
https://ci.encar.com/carpicture/carpicture08/pic4148/41481338_004.jpg?impolicy=heightRate&rh=1200&cw=2000&ch=1200&cg=Center&wtmk=http://ci.encar.com/wt_mark/w_mark_04.png&wtmkg=SouthEast&wtmkw=1&wtmkh=1&t=20240604163347
https://ci.encar.com/carpicture/carpicture08/pic4148/41481338_005.jpg?impolicy=heightRate&rh=1200&cw=2000&ch=1200&cg=Center&wtmk=http://ci.encar.com/wt_mark/w_mark_04.png&wtmkg=SouthEast&wtmkw=1&wtmkh=1&t=20240604163347
https://ci.encar.com/carpicture/carpicture08/pic4148/41481338_006.jpg?impolicy=heightRate&rh=1200&cw=2000&ch=1200&cg=Center&wtmk=http://ci.encar.com/wt_mark/w_mark_04.png&wtmkg=SouthEast&wtmkw=1&wtmkh=1&t=20240604163347
https://ci.encar.com/carpicture/carpicture08/pic4148/41481338_007.jpg?impolicy=heightRate&rh=1200&cw=2000&ch=1200&cg=Center&wtmk=http://ci.encar.com/wt_mark/w_mark_04.png&wtmkg=SouthEast&wtmkw=1&wtmkh=1&t=20240604163347
https://ci.encar.com/carpicture/carpicture08/pic4148/41481338_008.jpg?impolicy=heightRate&rh=1200&cw=2000&ch=1200&cg=Center&wtmk=http://ci.encar.com/wt_mark/w_mark_04.png&wtmkg=SouthEast&wtmkw=1&wtmkh=1&t=20240604163347
https://ci.encar.com/carpicture/carpicture08/pic4148/41481338_009.jpg?impolicy=heightRate&rh=1200&cw=2000&ch=1200&cg=Center&wtmk=http://ci.encar.com/wt_mark/w_mark_04.png&wtmkg=SouthEast&wtmkw=1&wtmkh=1&t=20240604163347
https://ci.encar.com/carpicture/carpicture08/pic4148/41481338_010.jpg?impolicy=heightRate&rh=1200&cw=2000&ch=1200&cg=Center&wtmk=http://ci.encar.com/wt_mark/w_mark_04.png&wtmkg=SouthEast&wtmkw=1&wtmkh=1&t=20240604163347
https://ci.encar.com/carpicture/carpicture08/pic4148/41481338_015.jpg?impolicy=heightRate&rh=1200&cw=2000&ch=1200&cg=Center&wtmk=http://ci.encar.com/wt_mark/w_mark_04.png&wtmkg=SouthEast&wtmkw=1&wtmkh=1&t=20240604163347
https://ci.encar.com/carpicture/carpicture08/pic4148/41481338_016.jpg?impolicy=heightRate&rh=1200&cw=2000&ch=1200&cg=Center&wtmk=http://ci.encar.com/wt_mark/w_mark_04.png&wtmkg=SouthEast&wtmkw=1&wtmkh=1&t=20240604163347
https://ci.encar.com/carpicture/carpicture08/pic4148/41481338_017.jpg?impolicy=heightRate&rh=1200&cw=2000&ch=1200&cg=Center&wtmk=http://ci.encar.com/wt_mark/w_mark_04.png&wtmkg=SouthEast&wtmkw=1&wtmkh=1&t=20240604163347
https://ci.encar.com/carpicture/carpicture08/pic4148/41481338_018.jpg?impolicy=heightRate&rh=1200&cw=2000&ch=1200&cg=Center&wtmk=http://ci.encar.com/wt_mark/w_mark_04.png&wtmkg=SouthEast&wtmkw=1&wtmkh=1&t=20240604163347
https://ci.encar.com/carpicture/carpicture08/pic4148/41481338_019.jpg?impolicy=heightRate&rh=1200&cw=2000&ch=1200&cg=Center&wtmk=http://ci.encar.com/wt_mark/w_mark_04.png&wtmkg=SouthEast&wtmkw=1&wtmkh=1&t=20240604163347
https://ci.encar.com/carpicture/carpicture08/pic4148/41481338_020.jpg?impolicy=heightRate&rh=1200&cw=2000&ch=1200&cg=Center&wtmk=http://ci.encar.com/wt_mark/w_mark_04.png&wtmkg=SouthEast&wtmkw=1&wtmkh=1&t=20240604163347
https://ci.encar.com/carpicture/carpicture08/pic4148/41481338_021.jpg?impolicy=heightRate&rh=1200&cw=2000&ch=1200&cg=Center&wtmk=http://ci.encar.com/wt_mark/w_mark_04.png&wtmkg=SouthEast&wtmkw=1&wtmkh=1&t=20240604163347
https://ci.encar.com/carpicture/carpicture08/pic4148/41481338_022.jpg?impolicy=heightRate&rh=1200&cw=2000&ch=1200&cg=Center&wtmk=http://ci.encar.com/wt_mark/w_mark_04.png&wtmkg=SouthEast&wtmkw=1&wtmkh=1&t=20240604163347
https://ci.encar.com/carpicture/carpicture08/pic4148/41481338_023.jpg?impolicy=heightRate&rh=1200&cw=2000&ch=1200&cg=Center&wtmk=http://ci.encar.com/wt_mark/w_mark_04.png&wtmkg=SouthEast&wtmkw=1&wtmkh=1&t=20240604163347
https://ci.encar.com/carpicture/carpicture08/pic4148/41481338_024.jpg?impolicy=heightRate&rh=1200&cw=2000&ch=1200&cg=Center&wtmk=http://ci.encar.com/wt_mark/w_mark_04.png&wtmkg=SouthEast&wtmkw=1&wtmkh=1&t=20240604163347"
"1770616484-27","https://avtokorea.by/search/","","https://avtokorea.by/avto/encar41481204/","5 Series (G30) 530D M Sports ENCAR41481204																		
																	
																
																
																	

																		
																			
																		
																	
																
																																
																	
																		
																			
																				
																					2017","(≈ 69796.05 BYN)","VII (G30/G31)","32500000","Бензин","2.0","Автоматическая","2017","BMW","5er","23035$","122112 километров","Автомобиль","B57D30A","3.0","ENCAR41481204","","","https://ci.encar.com/carpicture/carpicture08/pic4148/41481204_001.jpg?impolicy=heightRate&rh=1200&cw=2000&ch=1200&cg=Center&wtmk=http://ci.encar.com/wt_mark/w_mark_04.png&wtmkg=SouthEast&wtmkw=1&wtmkh=1&t=20240604163347
https://ci.encar.com/carpicture/carpicture08/pic4148/41481204_002.jpg?impolicy=heightRate&rh=1200&cw=2000&ch=1200&cg=Center&wtmk=http://ci.encar.com/wt_mark/w_mark_04.png&wtmkg=SouthEast&wtmkw=1&wtmkh=1&t=20240604163347
https://ci.encar.com/carpicture/carpicture08/pic4148/41481204_003.jpg?impolicy=heightRate&rh=1200&cw=2000&ch=1200&cg=Center&wtmk=http://ci.encar.com/wt_mark/w_mark_04.png&wtmkg=SouthEast&wtmkw=1&wtmkh=1&t=20240604163347
https://ci.encar.com/carpicture/carpicture08/pic4148/41481204_004.jpg?impolicy=heightRate&rh=1200&cw=2000&ch=1200&cg=Center&wtmk=http://ci.encar.com/wt_mark/w_mark_04.png&wtmkg=SouthEast&wtmkw=1&wtmkh=1&t=20240604163347
https://ci.encar.com/carpicture/carpicture08/pic4148/41481204_005.jpg?impolicy=heightRate&rh=1200&cw=2000&ch=1200&cg=Center&wtmk=http://ci.encar.com/wt_mark/w_mark_04.png&wtmkg=SouthEast&wtmkw=1&wtmkh=1&t=20240604163347
https://ci.encar.com/carpicture/carpicture08/pic4148/41481204_006.jpg?impolicy=heightRate&rh=1200&cw=2000&ch=1200&cg=Center&wtmk=http://ci.encar.com/wt_mark/w_mark_04.png&wtmkg=SouthEast&wtmkw=1&wtmkh=1&t=20240604163347
https://ci.encar.com/carpicture/carpicture08/pic4148/41481204_007.jpg?impolicy=heightRate&rh=1200&cw=2000&ch=1200&cg=Center&wtmk=http://ci.encar.com/wt_mark/w_mark_04.png&wtmkg=SouthEast&wtmkw=1&wtmkh=1&t=20240604163347
https://ci.encar.com/carpicture/carpicture08/pic4148/41481204_008.jpg?impolicy=heightRate&rh=1200&cw=2000&ch=1200&cg=Center&wtmk=http://ci.encar.com/wt_mark/w_mark_04.png&wtmkg=SouthEast&wtmkw=1&wtmkh=1&t=20240604163347
https://ci.encar.com/carpicture/carpicture08/pic4148/41481204_009.jpg?impolicy=heightRate&rh=1200&cw=2000&ch=1200&cg=Center&wtmk=http://ci.encar.com/wt_mark/w_mark_04.png&wtmkg=SouthEast&wtmkw=1&wtmkh=1&t=20240604163347
https://ci.encar.com/carpicture/carpicture08/pic4148/41481204_010.jpg?impolicy=heightRate&rh=1200&cw=2000&ch=1200&cg=Center&wtmk=http://ci.encar.com/wt_mark/w_mark_04.png&wtmkg=SouthEast&wtmkw=1&wtmkh=1&t=20240604163347
https://ci.encar.com/carpicture/carpicture08/pic4148/41481204_015.jpg?impolicy=heightRate&rh=1200&cw=2000&ch=1200&cg=Center&wtmk=http://ci.encar.com/wt_mark/w_mark_04.png&wtmkg=SouthEast&wtmkw=1&wtmkh=1&t=20240604163347
https://ci.encar.com/carpicture/carpicture08/pic4148/41481204_016.jpg?impolicy=heightRate&rh=1200&cw=2000&ch=1200&cg=Center&wtmk=http://ci.encar.com/wt_mark/w_mark_04.png&wtmkg=SouthEast&wtmkw=1&wtmkh=1&t=20240604163347
https://ci.encar.com/carpicture/carpicture08/pic4148/41481204_017.jpg?impolicy=heightRate&rh=1200&cw=2000&ch=1200&cg=Center&wtmk=http://ci.encar.com/wt_mark/w_mark_04.png&wtmkg=SouthEast&wtmkw=1&wtmkh=1&t=20240604163347
https://ci.encar.com/carpicture/carpicture08/pic4148/41481204_018.jpg?impolicy=heightRate&rh=1200&cw=2000&ch=1200&cg=Center&wtmk=http://ci.encar.com/wt_mark/w_mark_04.png&wtmkg=SouthEast&wtmkw=1&wtmkh=1&t=20240604163347
https://ci.encar.com/carpicture/carpicture08/pic4148/41481204_019.jpg?impolicy=heightRate&rh=1200&cw=2000&ch=1200&cg=Center&wtmk=http://ci.encar.com/wt_mark/w_mark_04.png&wtmkg=SouthEast&wtmkw=1&wtmkh=1&t=20240604163347
https://ci.encar.com/carpicture/carpicture08/pic4148/41481204_020.jpg?impolicy=heightRate&rh=1200&cw=2000&ch=1200&cg=Center&wtmk=http://ci.encar.com/wt_mark/w_mark_04.png&wtmkg=SouthEast&wtmkw=1&wtmkh=1&t=20240604163347
https://ci.encar.com/carpicture/carpicture08/pic4148/41481204_021.jpg?impolicy=heightRate&rh=1200&cw=2000&ch=1200&cg=Center&wtmk=http://ci.encar.com/wt_mark/w_mark_04.png&wtmkg=SouthEast&wtmkw=1&wtmkh=1&t=20240604163347
https://ci.encar.com/carpicture/carpicture08/pic4148/41481204_022.jpg?impolicy=heightRate&rh=1200&cw=2000&ch=1200&cg=Center&wtmk=http://ci.encar.com/wt_mark/w_mark_04.png&wtmkg=SouthEast&wtmkw=1&wtmkh=1&t=20240604163347
https://ci.encar.com/carpicture/carpicture08/pic4148/41481204_023.jpg?impolicy=heightRate&rh=1200&cw=2000&ch=1200&cg=Center&wtmk=http://ci.encar.com/wt_mark/w_mark_04.png&wtmkg=SouthEast&wtmkw=1&wtmkh=1&t=20240604163347
https://ci.encar.com/carpicture/carpicture08/pic4148/41481204_024.jpg?impolicy=heightRate&rh=1200&cw=2000&ch=1200&cg=Center&wtmk=http://ci.encar.com/wt_mark/w_mark_04.png&wtmkg=SouthEast&wtmkw=1&wtmkh=1&t=20240604163347"
"1770616514-28","https://avtokorea.by/search/","","https://avtokorea.by/avto/kmfzsz7kbnu948080/","Porter Ⅱ Supercap Crdi KMFZSZ7KBNU948080																		
																	
																
																
																	

																		
																			
																		
																	
																
																																
																	
																		
																			
																				
																					2022","(≈ 36953.88 BYN)","2022","50894 километров","Дизель","2.5","Механическая","12196$","Hyundai","Porter","17000000","Грузовая машина","Белый","2.5","KMFZSZ7KBNU948080","24, Wonpo Park 2-ro, Danwon-gu, Ansan-si, Gyeonggi-do, Корея","","","https://ci.encar.com/carpicture/carpicture08/pic4148/41480034_001.jpg?impolicy=heightRate&rh=1200&cw=2000&ch=1200&cg=Center&wtmk=http://ci.encar.com/wt_mark/w_mark_04.png&wtmkg=SouthEast&wtmkw=1&wtmkh=1&t=20240604163347
https://ci.encar.com/carpicture/carpicture08/pic4148/41480034_002.jpg?impolicy=heightRate&rh=1200&cw=2000&ch=1200&cg=Center&wtmk=http://ci.encar.com/wt_mark/w_mark_04.png&wtmkg=SouthEast&wtmkw=1&wtmkh=1&t=20240604163347
https://ci.encar.com/carpicture/carpicture08/pic4148/41480034_003.jpg?impolicy=heightRate&rh=1200&cw=2000&ch=1200&cg=Center&wtmk=http://ci.encar.com/wt_mark/w_mark_04.png&wtmkg=SouthEast&wtmkw=1&wtmkh=1&t=20240604163347
https://ci.encar.com/carpicture/carpicture08/pic4148/41480034_004.jpg?impolicy=heightRate&rh=1200&cw=2000&ch=1200&cg=Center&wtmk=http://ci.encar.com/wt_mark/w_mark_04.png&wtmkg=SouthEast&wtmkw=1&wtmkh=1&t=20240604163347
https://ci.encar.com/carpicture/carpicture08/pic4148/41480034_005.jpg?impolicy=heightRate&rh=1200&cw=2000&ch=1200&cg=Center&wtmk=http://ci.encar.com/wt_mark/w_mark_04.png&wtmkg=SouthEast&wtmkw=1&wtmkh=1&t=20240604163347
https://ci.encar.com/carpicture/carpicture08/pic4148/41480034_006.jpg?impolicy=heightRate&rh=1200&cw=2000&ch=1200&cg=Center&wtmk=http://ci.encar.com/wt_mark/w_mark_04.png&wtmkg=SouthEast&wtmkw=1&wtmkh=1&t=20240604163347
https://ci.encar.com/carpicture/carpicture08/pic4148/41480034_007.jpg?impolicy=heightRate&rh=1200&cw=2000&ch=1200&cg=Center&wtmk=http://ci.encar.com/wt_mark/w_mark_04.png&wtmkg=SouthEast&wtmkw=1&wtmkh=1&t=20240604163347
https://ci.encar.com/carpicture/carpicture08/pic4148/41480034_008.jpg?impolicy=heightRate&rh=1200&cw=2000&ch=1200&cg=Center&wtmk=http://ci.encar.com/wt_mark/w_mark_04.png&wtmkg=SouthEast&wtmkw=1&wtmkh=1&t=20240604163347
https://ci.encar.com/carpicture/carpicture08/pic4148/41480034_009.jpg?impolicy=heightRate&rh=1200&cw=2000&ch=1200&cg=Center&wtmk=http://ci.encar.com/wt_mark/w_mark_04.png&wtmkg=SouthEast&wtmkw=1&wtmkh=1&t=20240604163347
https://ci.encar.com/carpicture/carpicture08/pic4148/41480034_010.jpg?impolicy=heightRate&rh=1200&cw=2000&ch=1200&cg=Center&wtmk=http://ci.encar.com/wt_mark/w_mark_04.png&wtmkg=SouthEast&wtmkw=1&wtmkh=1&t=20240604163347
https://ci.encar.com/carpicture/carpicture08/pic4148/41480034_015.jpg?impolicy=heightRate&rh=1200&cw=2000&ch=1200&cg=Center&wtmk=http://ci.encar.com/wt_mark/w_mark_04.png&wtmkg=SouthEast&wtmkw=1&wtmkh=1&t=20240604163347
https://ci.encar.com/carpicture/carpicture08/pic4148/41480034_016.jpg?impolicy=heightRate&rh=1200&cw=2000&ch=1200&cg=Center&wtmk=http://ci.encar.com/wt_mark/w_mark_04.png&wtmkg=SouthEast&wtmkw=1&wtmkh=1&t=20240604163347
https://ci.encar.com/carpicture/carpicture08/pic4148/41480034_017.jpg?impolicy=heightRate&rh=1200&cw=2000&ch=1200&cg=Center&wtmk=http://ci.encar.com/wt_mark/w_mark_04.png&wtmkg=SouthEast&wtmkw=1&wtmkh=1&t=20240604163347
https://ci.encar.com/carpicture/carpicture08/pic4148/41480034_018.jpg?impolicy=heightRate&rh=1200&cw=2000&ch=1200&cg=Center&wtmk=http://ci.encar.com/wt_mark/w_mark_04.png&wtmkg=SouthEast&wtmkw=1&wtmkh=1&t=20240604163347
https://ci.encar.com/carpicture/carpicture08/pic4148/41480034_019.jpg?impolicy=heightRate&rh=1200&cw=2000&ch=1200&cg=Center&wtmk=http://ci.encar.com/wt_mark/w_mark_04.png&wtmkg=SouthEast&wtmkw=1&wtmkh=1&t=20240604163347
https://ci.encar.com/carpicture/carpicture08/pic4148/41480034_020.jpg?impolicy=heightRate&rh=1200&cw=2000&ch=1200&cg=Center&wtmk=http://ci.encar.com/wt_mark/w_mark_04.png&wtmkg=SouthEast&wtmkw=1&wtmkh=1&t=20240604163347
https://ci.encar.com/carpicture/carpicture08/pic4148/41480034_021.jpg?impolicy=heightRate&rh=1200&cw=2000&ch=1200&cg=Center&wtmk=http://ci.encar.com/wt_mark/w_mark_04.png&wtmkg=SouthEast&wtmkw=1&wtmkh=1&t=20240604163347
https://ci.encar.com/carpicture/carpicture08/pic4148/41480034_022.jpg?impolicy=heightRate&rh=1200&cw=2000&ch=1200&cg=Center&wtmk=http://ci.encar.com/wt_mark/w_mark_04.png&wtmkg=SouthEast&wtmkw=1&wtmkh=1&t=20240604163347"
"1770616549-29","https://avtokorea.by/search/","","https://avtokorea.by/avto/kpada4ae1kp063459/","Rexton Sports Diesel 2.2 4Wd Noblesse KPADA4AE1KP063459																		
																	
																
																
																	

																		
																			
																		
																	
																
																																
																	
																		
																			
																				
																					2019","(≈ 34835.91 BYN)","IV","16000000","Дизель","2.2","Автоматическая","2019","SsangYong","Rexton","11497$","87131 километров","Автомобиль","672960","2.2","KPADA4AE1KP063459","","","https://ci.encar.com/carpicture/carpicture08/pic4148/41480834_001.jpg?impolicy=heightRate&rh=1200&cw=2000&ch=1200&cg=Center&wtmk=http://ci.encar.com/wt_mark/w_mark_04.png&wtmkg=SouthEast&wtmkw=1&wtmkh=1&t=20240604163347
https://ci.encar.com/carpicture/carpicture08/pic4148/41480834_002.jpg?impolicy=heightRate&rh=1200&cw=2000&ch=1200&cg=Center&wtmk=http://ci.encar.com/wt_mark/w_mark_04.png&wtmkg=SouthEast&wtmkw=1&wtmkh=1&t=20240604163347
https://ci.encar.com/carpicture/carpicture08/pic4148/41480834_003.jpg?impolicy=heightRate&rh=1200&cw=2000&ch=1200&cg=Center&wtmk=http://ci.encar.com/wt_mark/w_mark_04.png&wtmkg=SouthEast&wtmkw=1&wtmkh=1&t=20240604163347
https://ci.encar.com/carpicture/carpicture08/pic4148/41480834_004.jpg?impolicy=heightRate&rh=1200&cw=2000&ch=1200&cg=Center&wtmk=http://ci.encar.com/wt_mark/w_mark_04.png&wtmkg=SouthEast&wtmkw=1&wtmkh=1&t=20240604163347
https://ci.encar.com/carpicture/carpicture08/pic4148/41480834_005.jpg?impolicy=heightRate&rh=1200&cw=2000&ch=1200&cg=Center&wtmk=http://ci.encar.com/wt_mark/w_mark_04.png&wtmkg=SouthEast&wtmkw=1&wtmkh=1&t=20240604163347
https://ci.encar.com/carpicture/carpicture08/pic4148/41480834_006.jpg?impolicy=heightRate&rh=1200&cw=2000&ch=1200&cg=Center&wtmk=http://ci.encar.com/wt_mark/w_mark_04.png&wtmkg=SouthEast&wtmkw=1&wtmkh=1&t=20240604163347
https://ci.encar.com/carpicture/carpicture08/pic4148/41480834_007.jpg?impolicy=heightRate&rh=1200&cw=2000&ch=1200&cg=Center&wtmk=http://ci.encar.com/wt_mark/w_mark_04.png&wtmkg=SouthEast&wtmkw=1&wtmkh=1&t=20240604163347
https://ci.encar.com/carpicture/carpicture08/pic4148/41480834_008.jpg?impolicy=heightRate&rh=1200&cw=2000&ch=1200&cg=Center&wtmk=http://ci.encar.com/wt_mark/w_mark_04.png&wtmkg=SouthEast&wtmkw=1&wtmkh=1&t=20240604163347
https://ci.encar.com/carpicture/carpicture08/pic4148/41480834_009.jpg?impolicy=heightRate&rh=1200&cw=2000&ch=1200&cg=Center&wtmk=http://ci.encar.com/wt_mark/w_mark_04.png&wtmkg=SouthEast&wtmkw=1&wtmkh=1&t=20240604163347
https://ci.encar.com/carpicture/carpicture08/pic4148/41480834_010.jpg?impolicy=heightRate&rh=1200&cw=2000&ch=1200&cg=Center&wtmk=http://ci.encar.com/wt_mark/w_mark_04.png&wtmkg=SouthEast&wtmkw=1&wtmkh=1&t=20240604163347
https://ci.encar.com/carpicture/carpicture08/pic4148/41480834_015.jpg?impolicy=heightRate&rh=1200&cw=2000&ch=1200&cg=Center&wtmk=http://ci.encar.com/wt_mark/w_mark_04.png&wtmkg=SouthEast&wtmkw=1&wtmkh=1&t=20240604163347
https://ci.encar.com/carpicture/carpicture08/pic4148/41480834_016.jpg?impolicy=heightRate&rh=1200&cw=2000&ch=1200&cg=Center&wtmk=http://ci.encar.com/wt_mark/w_mark_04.png&wtmkg=SouthEast&wtmkw=1&wtmkh=1&t=20240604163347
https://ci.encar.com/carpicture/carpicture08/pic4148/41480834_017.jpg?impolicy=heightRate&rh=1200&cw=2000&ch=1200&cg=Center&wtmk=http://ci.encar.com/wt_mark/w_mark_04.png&wtmkg=SouthEast&wtmkw=1&wtmkh=1&t=20240604163347
https://ci.encar.com/carpicture/carpicture08/pic4148/41480834_018.jpg?impolicy=heightRate&rh=1200&cw=2000&ch=1200&cg=Center&wtmk=http://ci.encar.com/wt_mark/w_mark_04.png&wtmkg=SouthEast&wtmkw=1&wtmkh=1&t=20240604163347
https://ci.encar.com/carpicture/carpicture08/pic4148/41480834_019.jpg?impolicy=heightRate&rh=1200&cw=2000&ch=1200&cg=Center&wtmk=http://ci.encar.com/wt_mark/w_mark_04.png&wtmkg=SouthEast&wtmkw=1&wtmkh=1&t=20240604163347
https://ci.encar.com/carpicture/carpicture08/pic4148/41480834_020.jpg?impolicy=heightRate&rh=1200&cw=2000&ch=1200&cg=Center&wtmk=http://ci.encar.com/wt_mark/w_mark_04.png&wtmkg=SouthEast&wtmkw=1&wtmkh=1&t=20240604163347
https://ci.encar.com/carpicture/carpicture08/pic4148/41480834_021.jpg?impolicy=heightRate&rh=1200&cw=2000&ch=1200&cg=Center&wtmk=http://ci.encar.com/wt_mark/w_mark_04.png&wtmkg=SouthEast&wtmkw=1&wtmkh=1&t=20240604163347
https://ci.encar.com/carpicture/carpicture08/pic4148/41480834_022.jpg?impolicy=heightRate&rh=1200&cw=2000&ch=1200&cg=Center&wtmk=http://ci.encar.com/wt_mark/w_mark_04.png&wtmkg=SouthEast&wtmkw=1&wtmkh=1&t=20240604163347
https://ci.encar.com/carpicture/carpicture08/pic4148/41480834_023.jpg?impolicy=heightRate&rh=1200&cw=2000&ch=1200&cg=Center&wtmk=http://ci.encar.com/wt_mark/w_mark_04.png&wtmkg=SouthEast&wtmkw=1&wtmkh=1&t=20240604163347
https://ci.encar.com/carpicture/carpicture08/pic4148/41480834_024.jpg?impolicy=heightRate&rh=1200&cw=2000&ch=1200&cg=Center&wtmk=http://ci.encar.com/wt_mark/w_mark_04.png&wtmkg=SouthEast&wtmkw=1&wtmkh=1&t=20240604163347"
"1770616596-30","https://avtokorea.by/search/","","https://avtokorea.by/avto/kname81abjs363647/","All New Carnival 9-Seater High Limousine Noblesse KNAME81ABJS363647																		
																	
																
																
																	

																		
																			
																		
																	
																
																																
																	
																		
																			
																				
																					2017","(≈ 39050.64 BYN)","2017","117895 километров","Дизель","2.9","Автоматическая","12888$","Kia","Carnival","17990000","Автомобиль","Черный","2.2","KNAME81ABJS363647","533 Beonyeong-ro, Seobuk-gu, Cheonan-si, Chungcheongnam-do, Корея","korea","55.44 million won","https://ci.encar.com/carpicture/carpicture07/pic4147/41478805_001.jpg?impolicy=heightRate&rh=1200&cw=2000&ch=1200&cg=Center&wtmk=http://ci.encar.com/wt_mark/w_mark_04.png&wtmkg=SouthEast&wtmkw=1&wtmkh=1&t=20240604163347
https://ci.encar.com/carpicture/carpicture07/pic4147/41478805_002.jpg?impolicy=heightRate&rh=1200&cw=2000&ch=1200&cg=Center&wtmk=http://ci.encar.com/wt_mark/w_mark_04.png&wtmkg=SouthEast&wtmkw=1&wtmkh=1&t=20240604163347
https://ci.encar.com/carpicture/carpicture07/pic4147/41478805_003.jpg?impolicy=heightRate&rh=1200&cw=2000&ch=1200&cg=Center&wtmk=http://ci.encar.com/wt_mark/w_mark_04.png&wtmkg=SouthEast&wtmkw=1&wtmkh=1&t=20240604163347
https://ci.encar.com/carpicture/carpicture07/pic4147/41478805_004.jpg?impolicy=heightRate&rh=1200&cw=2000&ch=1200&cg=Center&wtmk=http://ci.encar.com/wt_mark/w_mark_04.png&wtmkg=SouthEast&wtmkw=1&wtmkh=1&t=20240604163347
https://ci.encar.com/carpicture/carpicture07/pic4147/41478805_005.jpg?impolicy=heightRate&rh=1200&cw=2000&ch=1200&cg=Center&wtmk=http://ci.encar.com/wt_mark/w_mark_04.png&wtmkg=SouthEast&wtmkw=1&wtmkh=1&t=20240604163347
https://ci.encar.com/carpicture/carpicture07/pic4147/41478805_006.jpg?impolicy=heightRate&rh=1200&cw=2000&ch=1200&cg=Center&wtmk=http://ci.encar.com/wt_mark/w_mark_04.png&wtmkg=SouthEast&wtmkw=1&wtmkh=1&t=20240604163347
https://ci.encar.com/carpicture/carpicture07/pic4147/41478805_007.jpg?impolicy=heightRate&rh=1200&cw=2000&ch=1200&cg=Center&wtmk=http://ci.encar.com/wt_mark/w_mark_04.png&wtmkg=SouthEast&wtmkw=1&wtmkh=1&t=20240604163347
https://ci.encar.com/carpicture/carpicture07/pic4147/41478805_008.jpg?impolicy=heightRate&rh=1200&cw=2000&ch=1200&cg=Center&wtmk=http://ci.encar.com/wt_mark/w_mark_04.png&wtmkg=SouthEast&wtmkw=1&wtmkh=1&t=20240604163347
https://ci.encar.com/carpicture/carpicture07/pic4147/41478805_009.jpg?impolicy=heightRate&rh=1200&cw=2000&ch=1200&cg=Center&wtmk=http://ci.encar.com/wt_mark/w_mark_04.png&wtmkg=SouthEast&wtmkw=1&wtmkh=1&t=20240604163347
https://ci.encar.com/carpicture/carpicture07/pic4147/41478805_010.jpg?impolicy=heightRate&rh=1200&cw=2000&ch=1200&cg=Center&wtmk=http://ci.encar.com/wt_mark/w_mark_04.png&wtmkg=SouthEast&wtmkw=1&wtmkh=1&t=20240604163347
https://ci.encar.com/carpicture/carpicture07/pic4147/41478805_015.jpg?impolicy=heightRate&rh=1200&cw=2000&ch=1200&cg=Center&wtmk=http://ci.encar.com/wt_mark/w_mark_04.png&wtmkg=SouthEast&wtmkw=1&wtmkh=1&t=20240604163347
https://ci.encar.com/carpicture/carpicture07/pic4147/41478805_016.jpg?impolicy=heightRate&rh=1200&cw=2000&ch=1200&cg=Center&wtmk=http://ci.encar.com/wt_mark/w_mark_04.png&wtmkg=SouthEast&wtmkw=1&wtmkh=1&t=20240604163347
https://ci.encar.com/carpicture/carpicture07/pic4147/41478805_017.jpg?impolicy=heightRate&rh=1200&cw=2000&ch=1200&cg=Center&wtmk=http://ci.encar.com/wt_mark/w_mark_04.png&wtmkg=SouthEast&wtmkw=1&wtmkh=1&t=20240604163347
https://ci.encar.com/carpicture/carpicture07/pic4147/41478805_018.jpg?impolicy=heightRate&rh=1200&cw=2000&ch=1200&cg=Center&wtmk=http://ci.encar.com/wt_mark/w_mark_04.png&wtmkg=SouthEast&wtmkw=1&wtmkh=1&t=20240604163347
https://ci.encar.com/carpicture/carpicture07/pic4147/41478805_019.jpg?impolicy=heightRate&rh=1200&cw=2000&ch=1200&cg=Center&wtmk=http://ci.encar.com/wt_mark/w_mark_04.png&wtmkg=SouthEast&wtmkw=1&wtmkh=1&t=20240604163347
https://ci.encar.com/carpicture/carpicture07/pic4147/41478805_020.jpg?impolicy=heightRate&rh=1200&cw=2000&ch=1200&cg=Center&wtmk=http://ci.encar.com/wt_mark/w_mark_04.png&wtmkg=SouthEast&wtmkw=1&wtmkh=1&t=20240604163347
https://ci.encar.com/carpicture/carpicture07/pic4147/41478805_021.jpg?impolicy=heightRate&rh=1200&cw=2000&ch=1200&cg=Center&wtmk=http://ci.encar.com/wt_mark/w_mark_04.png&wtmkg=SouthEast&wtmkw=1&wtmkh=1&t=20240604163347
https://ci.encar.com/carpicture/carpicture07/pic4147/41478805_022.jpg?impolicy=heightRate&rh=1200&cw=2000&ch=1200&cg=Center&wtmk=http://ci.encar.com/wt_mark/w_mark_04.png&wtmkg=SouthEast&wtmkw=1&wtmkh=1&t=20240604163347
https://ci.encar.com/carpicture/carpicture07/pic4147/41478805_023.jpg?impolicy=heightRate&rh=1200&cw=2000&ch=1200&cg=Center&wtmk=http://ci.encar.com/wt_mark/w_mark_04.png&wtmkg=SouthEast&wtmkw=1&wtmkh=1&t=20240604163347
https://ci.encar.com/carpicture/carpicture07/pic4147/41478805_024.jpg?impolicy=heightRate&rh=1200&cw=2000&ch=1200&cg=Center&wtmk=http://ci.encar.com/wt_mark/w_mark_04.png&wtmkg=SouthEast&wtmkw=1&wtmkh=1&t=20240604163347"
"1770616631-31","https://avtokorea.by/search/","","https://avtokorea.by/avto/knas5418dns038818/","The New K9 2Nd Generation 3.8 Gdi Awd Best Selection Ⅱ KNAS5418DNS038818																		
																	
																
																
																	

																		
																			
																		
																	
																
																																
																	
																		
																			
																				
																					2021","(≈ 92466.51 BYN)","2021","80830 километров","Бензин","3.3","Автоматическая","30517$","Kia","K9","43200000","Автомобиль","Синий","3.8","KNAS5418DNS038818","Incheon, Корея","","","https://ci.encar.com/carpicture/carpicture07/pic4147/41478584_001.jpg?impolicy=heightRate&rh=1200&cw=2000&ch=1200&cg=Center&wtmk=http://ci.encar.com/wt_mark/w_mark_04.png&wtmkg=SouthEast&wtmkw=1&wtmkh=1&t=20240604163347
https://ci.encar.com/carpicture/carpicture07/pic4147/41478584_002.jpg?impolicy=heightRate&rh=1200&cw=2000&ch=1200&cg=Center&wtmk=http://ci.encar.com/wt_mark/w_mark_04.png&wtmkg=SouthEast&wtmkw=1&wtmkh=1&t=20240604163347
https://ci.encar.com/carpicture/carpicture07/pic4147/41478584_003.jpg?impolicy=heightRate&rh=1200&cw=2000&ch=1200&cg=Center&wtmk=http://ci.encar.com/wt_mark/w_mark_04.png&wtmkg=SouthEast&wtmkw=1&wtmkh=1&t=20240604163347
https://ci.encar.com/carpicture/carpicture07/pic4147/41478584_004.jpg?impolicy=heightRate&rh=1200&cw=2000&ch=1200&cg=Center&wtmk=http://ci.encar.com/wt_mark/w_mark_04.png&wtmkg=SouthEast&wtmkw=1&wtmkh=1&t=20240604163347
https://ci.encar.com/carpicture/carpicture07/pic4147/41478584_005.jpg?impolicy=heightRate&rh=1200&cw=2000&ch=1200&cg=Center&wtmk=http://ci.encar.com/wt_mark/w_mark_04.png&wtmkg=SouthEast&wtmkw=1&wtmkh=1&t=20240604163347
https://ci.encar.com/carpicture/carpicture07/pic4147/41478584_006.jpg?impolicy=heightRate&rh=1200&cw=2000&ch=1200&cg=Center&wtmk=http://ci.encar.com/wt_mark/w_mark_04.png&wtmkg=SouthEast&wtmkw=1&wtmkh=1&t=20240604163347
https://ci.encar.com/carpicture/carpicture07/pic4147/41478584_007.jpg?impolicy=heightRate&rh=1200&cw=2000&ch=1200&cg=Center&wtmk=http://ci.encar.com/wt_mark/w_mark_04.png&wtmkg=SouthEast&wtmkw=1&wtmkh=1&t=20240604163347
https://ci.encar.com/carpicture/carpicture07/pic4147/41478584_008.jpg?impolicy=heightRate&rh=1200&cw=2000&ch=1200&cg=Center&wtmk=http://ci.encar.com/wt_mark/w_mark_04.png&wtmkg=SouthEast&wtmkw=1&wtmkh=1&t=20240604163347
https://ci.encar.com/carpicture/carpicture07/pic4147/41478584_009.jpg?impolicy=heightRate&rh=1200&cw=2000&ch=1200&cg=Center&wtmk=http://ci.encar.com/wt_mark/w_mark_04.png&wtmkg=SouthEast&wtmkw=1&wtmkh=1&t=20240604163347
https://ci.encar.com/carpicture/carpicture07/pic4147/41478584_010.jpg?impolicy=heightRate&rh=1200&cw=2000&ch=1200&cg=Center&wtmk=http://ci.encar.com/wt_mark/w_mark_04.png&wtmkg=SouthEast&wtmkw=1&wtmkh=1&t=20240604163347
https://ci.encar.com/carpicture/carpicture07/pic4147/41478584_015.jpg?impolicy=heightRate&rh=1200&cw=2000&ch=1200&cg=Center&wtmk=http://ci.encar.com/wt_mark/w_mark_04.png&wtmkg=SouthEast&wtmkw=1&wtmkh=1&t=20240604163347
https://ci.encar.com/carpicture/carpicture07/pic4147/41478584_016.jpg?impolicy=heightRate&rh=1200&cw=2000&ch=1200&cg=Center&wtmk=http://ci.encar.com/wt_mark/w_mark_04.png&wtmkg=SouthEast&wtmkw=1&wtmkh=1&t=20240604163347
https://ci.encar.com/carpicture/carpicture07/pic4147/41478584_017.jpg?impolicy=heightRate&rh=1200&cw=2000&ch=1200&cg=Center&wtmk=http://ci.encar.com/wt_mark/w_mark_04.png&wtmkg=SouthEast&wtmkw=1&wtmkh=1&t=20240604163347
https://ci.encar.com/carpicture/carpicture07/pic4147/41478584_018.jpg?impolicy=heightRate&rh=1200&cw=2000&ch=1200&cg=Center&wtmk=http://ci.encar.com/wt_mark/w_mark_04.png&wtmkg=SouthEast&wtmkw=1&wtmkh=1&t=20240604163347
https://ci.encar.com/carpicture/carpicture07/pic4147/41478584_019.jpg?impolicy=heightRate&rh=1200&cw=2000&ch=1200&cg=Center&wtmk=http://ci.encar.com/wt_mark/w_mark_04.png&wtmkg=SouthEast&wtmkw=1&wtmkh=1&t=20240604163347
https://ci.encar.com/carpicture/carpicture07/pic4147/41478584_020.jpg?impolicy=heightRate&rh=1200&cw=2000&ch=1200&cg=Center&wtmk=http://ci.encar.com/wt_mark/w_mark_04.png&wtmkg=SouthEast&wtmkw=1&wtmkh=1&t=20240604163347
https://ci.encar.com/carpicture/carpicture07/pic4147/41478584_021.jpg?impolicy=heightRate&rh=1200&cw=2000&ch=1200&cg=Center&wtmk=http://ci.encar.com/wt_mark/w_mark_04.png&wtmkg=SouthEast&wtmkw=1&wtmkh=1&t=20240604163347
https://ci.encar.com/carpicture/carpicture07/pic4147/41478584_022.jpg?impolicy=heightRate&rh=1200&cw=2000&ch=1200&cg=Center&wtmk=http://ci.encar.com/wt_mark/w_mark_04.png&wtmkg=SouthEast&wtmkw=1&wtmkh=1&t=20240604163347"
"1770616669-32","https://avtokorea.by/search/","","https://avtokorea.by/avto/encar41481970/","4 Series (G22) 420I M Sports Convertible ENCAR41481970																		
																	
																
																
																	

																		
																			
																		
																	
																
																																
																	
																		
																			
																				
																					2021","(≈ 89924.34 BYN)","G22, G23","42000000","Бензин","2.0","Автоматическая","2021","BMW","4er","29678$","37800 километров","Автомобиль","2.0","ENCAR41481970","Daegu Suseong-gu, Корея","No information","67.9 million won","https://ci.encar.com/carpicture/carpicture08/pic4148/41481970_001.jpg?impolicy=heightRate&rh=1200&cw=2000&ch=1200&cg=Center&wtmk=http://ci.encar.com/wt_mark/w_mark_04.png&wtmkg=SouthEast&wtmkw=1&wtmkh=1&t=20240604163347
https://ci.encar.com/carpicture/carpicture08/pic4148/41481970_002.jpg?impolicy=heightRate&rh=1200&cw=2000&ch=1200&cg=Center&wtmk=http://ci.encar.com/wt_mark/w_mark_04.png&wtmkg=SouthEast&wtmkw=1&wtmkh=1&t=20240604163347
https://ci.encar.com/carpicture/carpicture08/pic4148/41481970_003.jpg?impolicy=heightRate&rh=1200&cw=2000&ch=1200&cg=Center&wtmk=http://ci.encar.com/wt_mark/w_mark_04.png&wtmkg=SouthEast&wtmkw=1&wtmkh=1&t=20240604163347
https://ci.encar.com/carpicture/carpicture08/pic4148/41481970_004.jpg?impolicy=heightRate&rh=1200&cw=2000&ch=1200&cg=Center&wtmk=http://ci.encar.com/wt_mark/w_mark_04.png&wtmkg=SouthEast&wtmkw=1&wtmkh=1&t=20240604163347
https://ci.encar.com/carpicture/carpicture08/pic4148/41481970_005.jpg?impolicy=heightRate&rh=1200&cw=2000&ch=1200&cg=Center&wtmk=http://ci.encar.com/wt_mark/w_mark_04.png&wtmkg=SouthEast&wtmkw=1&wtmkh=1&t=20240604163347
https://ci.encar.com/carpicture/carpicture08/pic4148/41481970_006.jpg?impolicy=heightRate&rh=1200&cw=2000&ch=1200&cg=Center&wtmk=http://ci.encar.com/wt_mark/w_mark_04.png&wtmkg=SouthEast&wtmkw=1&wtmkh=1&t=20240604163347
https://ci.encar.com/carpicture/carpicture08/pic4148/41481970_007.jpg?impolicy=heightRate&rh=1200&cw=2000&ch=1200&cg=Center&wtmk=http://ci.encar.com/wt_mark/w_mark_04.png&wtmkg=SouthEast&wtmkw=1&wtmkh=1&t=20240604163347
https://ci.encar.com/carpicture/carpicture08/pic4148/41481970_008.jpg?impolicy=heightRate&rh=1200&cw=2000&ch=1200&cg=Center&wtmk=http://ci.encar.com/wt_mark/w_mark_04.png&wtmkg=SouthEast&wtmkw=1&wtmkh=1&t=20240604163347
https://ci.encar.com/carpicture/carpicture08/pic4148/41481970_009.jpg?impolicy=heightRate&rh=1200&cw=2000&ch=1200&cg=Center&wtmk=http://ci.encar.com/wt_mark/w_mark_04.png&wtmkg=SouthEast&wtmkw=1&wtmkh=1&t=20240604163347
https://ci.encar.com/carpicture/carpicture08/pic4148/41481970_010.jpg?impolicy=heightRate&rh=1200&cw=2000&ch=1200&cg=Center&wtmk=http://ci.encar.com/wt_mark/w_mark_04.png&wtmkg=SouthEast&wtmkw=1&wtmkh=1&t=20240604163347
https://ci.encar.com/carpicture/carpicture08/pic4148/41481970_015.jpg?impolicy=heightRate&rh=1200&cw=2000&ch=1200&cg=Center&wtmk=http://ci.encar.com/wt_mark/w_mark_04.png&wtmkg=SouthEast&wtmkw=1&wtmkh=1&t=20240604163347
https://ci.encar.com/carpicture/carpicture08/pic4148/41481970_016.jpg?impolicy=heightRate&rh=1200&cw=2000&ch=1200&cg=Center&wtmk=http://ci.encar.com/wt_mark/w_mark_04.png&wtmkg=SouthEast&wtmkw=1&wtmkh=1&t=20240604163347"
"1770616699-33","https://avtokorea.by/search/","","https://avtokorea.by/avto/kmhk3816gju004748/","Kona Diesel 1.6 2Wd Modern KMHK3816GJU004748																		
																	
																
																
																	

																		
																			
																		
																	
																
																																
																	
																		
																			
																				
																					2017","(≈ 26782.17 BYN)","Kona","12200000","Дизель","1.6","Автоматическая","2017","Hyundai","Kona","8839$","107232 километров","Автомобиль","1.6","KMHK3816GJU004748","Gyeonggi Province, Корея","korea","22.9 million won","https://ci.encar.com/carpicture/carpicture10/pic3920/39202201_001.jpg?impolicy=heightRate&rh=1200&cw=2000&ch=1200&cg=Center&wtmk=http://ci.encar.com/wt_mark/w_mark_04.png&wtmkg=SouthEast&wtmkw=1&wtmkh=1&t=20240604163347
https://ci.encar.com/carpicture/carpicture10/pic3920/39202201_002.jpg?impolicy=heightRate&rh=1200&cw=2000&ch=1200&cg=Center&wtmk=http://ci.encar.com/wt_mark/w_mark_04.png&wtmkg=SouthEast&wtmkw=1&wtmkh=1&t=20240604163347
https://ci.encar.com/carpicture/carpicture10/pic3920/39202201_003.jpg?impolicy=heightRate&rh=1200&cw=2000&ch=1200&cg=Center&wtmk=http://ci.encar.com/wt_mark/w_mark_04.png&wtmkg=SouthEast&wtmkw=1&wtmkh=1&t=20240604163347
https://ci.encar.com/carpicture/carpicture10/pic3920/39202201_004.jpg?impolicy=heightRate&rh=1200&cw=2000&ch=1200&cg=Center&wtmk=http://ci.encar.com/wt_mark/w_mark_04.png&wtmkg=SouthEast&wtmkw=1&wtmkh=1&t=20240604163347
https://ci.encar.com/carpicture/carpicture10/pic3920/39202201_005.jpg?impolicy=heightRate&rh=1200&cw=2000&ch=1200&cg=Center&wtmk=http://ci.encar.com/wt_mark/w_mark_04.png&wtmkg=SouthEast&wtmkw=1&wtmkh=1&t=20240604163347
https://ci.encar.com/carpicture/carpicture10/pic3920/39202201_006.jpg?impolicy=heightRate&rh=1200&cw=2000&ch=1200&cg=Center&wtmk=http://ci.encar.com/wt_mark/w_mark_04.png&wtmkg=SouthEast&wtmkw=1&wtmkh=1&t=20240604163347
https://ci.encar.com/carpicture/carpicture10/pic3920/39202201_007.jpg?impolicy=heightRate&rh=1200&cw=2000&ch=1200&cg=Center&wtmk=http://ci.encar.com/wt_mark/w_mark_04.png&wtmkg=SouthEast&wtmkw=1&wtmkh=1&t=20240604163347
https://ci.encar.com/carpicture/carpicture10/pic3920/39202201_008.jpg?impolicy=heightRate&rh=1200&cw=2000&ch=1200&cg=Center&wtmk=http://ci.encar.com/wt_mark/w_mark_04.png&wtmkg=SouthEast&wtmkw=1&wtmkh=1&t=20240604163347
https://ci.encar.com/carpicture/carpicture10/pic3920/39202201_009.jpg?impolicy=heightRate&rh=1200&cw=2000&ch=1200&cg=Center&wtmk=http://ci.encar.com/wt_mark/w_mark_04.png&wtmkg=SouthEast&wtmkw=1&wtmkh=1&t=20240604163347
https://ci.encar.com/carpicture/carpicture10/pic3920/39202201_010.jpg?impolicy=heightRate&rh=1200&cw=2000&ch=1200&cg=Center&wtmk=http://ci.encar.com/wt_mark/w_mark_04.png&wtmkg=SouthEast&wtmkw=1&wtmkh=1&t=20240604163347
https://ci.encar.com/carpicture/carpicture10/pic3920/39202201_015.jpg?impolicy=heightRate&rh=1200&cw=2000&ch=1200&cg=Center&wtmk=http://ci.encar.com/wt_mark/w_mark_04.png&wtmkg=SouthEast&wtmkw=1&wtmkh=1&t=20240604163347
https://ci.encar.com/carpicture/carpicture10/pic3920/39202201_016.jpg?impolicy=heightRate&rh=1200&cw=2000&ch=1200&cg=Center&wtmk=http://ci.encar.com/wt_mark/w_mark_04.png&wtmkg=SouthEast&wtmkw=1&wtmkh=1&t=20240604163347
https://ci.encar.com/carpicture/carpicture10/pic3920/39202201_017.jpg?impolicy=heightRate&rh=1200&cw=2000&ch=1200&cg=Center&wtmk=http://ci.encar.com/wt_mark/w_mark_04.png&wtmkg=SouthEast&wtmkw=1&wtmkh=1&t=20240604163347
https://ci.encar.com/carpicture/carpicture10/pic3920/39202201_018.jpg?impolicy=heightRate&rh=1200&cw=2000&ch=1200&cg=Center&wtmk=http://ci.encar.com/wt_mark/w_mark_04.png&wtmkg=SouthEast&wtmkw=1&wtmkh=1&t=20240604163347
https://ci.encar.com/carpicture/carpicture10/pic3920/39202201_019.jpg?impolicy=heightRate&rh=1200&cw=2000&ch=1200&cg=Center&wtmk=http://ci.encar.com/wt_mark/w_mark_04.png&wtmkg=SouthEast&wtmkw=1&wtmkh=1&t=20240604163347
https://ci.encar.com/carpicture/carpicture10/pic3920/39202201_020.jpg?impolicy=heightRate&rh=1200&cw=2000&ch=1200&cg=Center&wtmk=http://ci.encar.com/wt_mark/w_mark_04.png&wtmkg=SouthEast&wtmkw=1&wtmkh=1&t=20240604163347
https://ci.encar.com/carpicture/carpicture10/pic3920/39202201_021.jpg?impolicy=heightRate&rh=1200&cw=2000&ch=1200&cg=Center&wtmk=http://ci.encar.com/wt_mark/w_mark_04.png&wtmkg=SouthEast&wtmkw=1&wtmkh=1&t=20240604163347
https://ci.encar.com/carpicture/carpicture10/pic3920/39202201_022.jpg?impolicy=heightRate&rh=1200&cw=2000&ch=1200&cg=Center&wtmk=http://ci.encar.com/wt_mark/w_mark_04.png&wtmkg=SouthEast&wtmkw=1&wtmkh=1&t=20240604163347
https://ci.encar.com/carpicture/carpicture10/pic3920/39202201_023.jpg?impolicy=heightRate&rh=1200&cw=2000&ch=1200&cg=Center&wtmk=http://ci.encar.com/wt_mark/w_mark_04.png&wtmkg=SouthEast&wtmkw=1&wtmkh=1&t=20240604163347
https://ci.encar.com/carpicture/carpicture10/pic3920/39202201_024.jpg?impolicy=heightRate&rh=1200&cw=2000&ch=1200&cg=Center&wtmk=http://ci.encar.com/wt_mark/w_mark_04.png&wtmkg=SouthEast&wtmkw=1&wtmkh=1&t=20240604163347"
